CaseIndex,CaseId,ShortTitle,Window,CenterTime,SelectedModel,SelectedTopology,SelectedTerms,SelectedFamily,SelectedN,Rank,ConditionNumber,PowerResidual,EnergyResidual,Passive,Adequate,Selected,Reason
1,D-GL-bal,Delta GL balanced,1,0.007475,delta_gl_balanced,delta_parallel,gl,balanced,2,2,1.03129890427276,7.05430662096518e-16,3.11713202248901e-06,1,1,1,adequate_smallest_model
1,D-GL-bal,Delta GL balanced,2,0.009475,delta_gl_balanced,delta_parallel,gl,balanced,2,2,1.00079003971309,7.42572692805334e-16,1.17329323012481e-06,1,1,1,adequate_smallest_model
1,D-GL-bal,Delta GL balanced,3,0.011475,delta_gl_balanced,delta_parallel,gl,balanced,2,2,1.0248002933246,5.29850763397841e-16,3.17466756077317e-07,1,1,1,adequate_smallest_model
1,D-GL-bal,Delta GL balanced,4,0.013475,delta_gl_balanced,delta_parallel,gl,balanced,2,2,1.02161462039077,4.48765802917603e-16,2.12062115958959e-06,1,1,1,adequate_smallest_model
1,D-GL-bal,Delta GL balanced,5,0.015475,delta_gl_balanced,delta_parallel,gl,balanced,2,2,1.01465392893374,7.15730154051195e-16,8.4686444081046e-07,1,1,1,adequate_smallest_model
1,D-GL-bal,Delta GL balanced,6,0.017475,delta_gl_balanced,delta_parallel,gl,balanced,2,2,1.03129890427276,1.03849308543543e-15,3.11713202277184e-06,1,1,1,adequate_smallest_model
1,D-GL-bal,Delta GL balanced,7,0.019475,delta_gl_balanced,delta_parallel,gl,balanced,2,2,1.00079003971309,7.45874765244461e-16,1.17329323061851e-06,1,1,1,adequate_smallest_model
1,D-GL-bal,Delta GL balanced,8,0.021475,delta_gl_balanced,delta_parallel,gl,balanced,2,2,1.0248002933246,6.01741181917694e-16,3.17466756285066e-07,1,1,1,adequate_smallest_model
1,D-GL-bal,Delta GL balanced,9,0.023475,delta_gl_balanced,delta_parallel,gl,balanced,2,2,1.02161462039077,1.04057356303805e-15,2.12062115852102e-06,1,1,1,adequate_smallest_model
1,D-GL-bal,Delta GL balanced,10,0.025475,delta_gl_balanced,delta_parallel,gl,balanced,2,2,1.01465392893374,1.02293893863968e-15,8.46864441372006e-07,1,1,1,adequate_smallest_model
1,D-GL-bal,Delta GL balanced,11,0.027475,delta_gl_balanced,delta_parallel,gl,balanced,2,2,1.03129890427276,6.9621978280105e-16,3.11713202226057e-06,1,1,1,adequate_smallest_model
1,D-GL-bal,Delta GL balanced,12,0.029475,delta_gl_balanced,delta_parallel,gl,balanced,2,2,1.00079003971309,5.86660706433134e-16,1.17329323043481e-06,1,1,1,adequate_smallest_model
1,D-GL-bal,Delta GL balanced,13,0.031475,delta_gl_balanced,delta_parallel,gl,balanced,2,2,1.0248002933246,6.12937517475711e-16,3.17466756192733e-07,1,1,1,adequate_smallest_model
1,D-GL-bal,Delta GL balanced,14,0.033475,delta_gl_balanced,delta_parallel,gl,balanced,2,2,1.02161462039077,5.42006062058637e-16,2.1206211593913e-06,1,1,1,adequate_smallest_model
1,D-GL-bal,Delta GL balanced,15,0.035475,delta_gl_balanced,delta_parallel,gl,balanced,2,2,1.01465392893374,6.54909235682184e-16,8.46864440745666e-07,1,1,1,adequate_smallest_model
1,D-GL-bal,Delta GL balanced,16,0.037475,delta_gl_balanced,delta_parallel,gl,balanced,2,2,1.03129890427276,1.1202644213656e-15,3.11713202286974e-06,1,1,1,adequate_smallest_model
1,D-GL-bal,Delta GL balanced,17,0.039475,delta_gl_balanced,delta_parallel,gl,balanced,2,2,1.00079003971309,7.2763824601282e-16,1.17329323058407e-06,1,1,1,adequate_smallest_model
1,D-GL-bal,Delta GL balanced,18,0.041475,delta_gl_balanced,delta_parallel,gl,balanced,2,2,1.0248002933246,6.46730811835562e-16,3.17466756781354e-07,1,1,1,adequate_smallest_model
1,D-GL-bal,Delta GL balanced,19,0.043475,delta_gl_balanced,delta_parallel,gl,balanced,2,2,1.02161462039077,7.53960396516546e-16,2.12062115983195e-06,1,1,1,adequate_smallest_model
1,D-GL-bal,Delta GL balanced,20,0.045475,delta_gl_balanced,delta_parallel,gl,balanced,2,2,1.01465392893374,8.59893366292673e-16,8.46864441296413e-07,1,1,1,adequate_smallest_model
1,D-GL-bal,Delta GL balanced,21,0.047475,delta_gl_balanced,delta_parallel,gl,balanced,2,2,1.03129890427276,9.54598175982336e-16,3.11713202275008e-06,1,1,1,adequate_smallest_model
1,D-GL-bal,Delta GL balanced,22,0.049475,delta_gl_balanced,delta_parallel,gl,balanced,2,2,1.00079003971309,7.47726804935659e-16,1.17329323030851e-06,1,1,1,adequate_smallest_model
1,D-GL-bal,Delta GL balanced,23,0.051475,delta_gl_balanced,delta_parallel,gl,balanced,2,2,1.0248002933246,6.12531006277343e-16,3.17466757104519e-07,1,1,1,adequate_smallest_model
1,D-GL-bal,Delta GL balanced,24,0.053475,delta_gl_balanced,delta_parallel,gl,balanced,2,2,1.02161462039077,6.85804837450032e-16,2.12062115888455e-06,1,1,1,adequate_smallest_model
1,D-GL-bal,Delta GL balanced,25,0.055475,delta_gl_balanced,delta_parallel,gl,balanced,2,2,1.01465392893374,9.07848752424624e-16,8.46864441361207e-07,1,1,1,adequate_smallest_model
1,D-GL-bal,Delta GL balanced,26,0.057475,delta_gl_balanced,delta_parallel,gl,balanced,2,2,1.03129890427276,5.33739927463808e-16,3.11713202233672e-06,1,1,1,adequate_smallest_model
1,D-GL-bal,Delta GL balanced,27,0.059475,delta_gl_balanced,delta_parallel,gl,balanced,2,2,1.00079003971309,4.18167371725949e-16,1.17329323054963e-06,1,1,1,adequate_smallest_model
1,D-GL-bal,Delta GL balanced,28,0.061475,delta_gl_balanced,delta_parallel,gl,balanced,2,2,1.0248002933246,6.52844929132508e-16,3.17466756469731e-07,1,1,1,adequate_smallest_model
1,D-GL-bal,Delta GL balanced,29,0.063475,delta_gl_balanced,delta_parallel,gl,balanced,2,2,1.02161462039077,4.82388857027561e-16,2.12062115944638e-06,1,1,1,adequate_smallest_model
1,D-GL-bal,Delta GL balanced,30,0.065475,delta_gl_balanced,delta_parallel,gl,balanced,2,2,1.01465392893374,4.28991778955878e-16,8.46864440896852e-07,1,1,1,adequate_smallest_model
1,D-GL-bal,Delta GL balanced,31,0.067475,delta_gl_balanced,delta_parallel,gl,balanced,2,2,1.03129890427276,4.62799781522489e-16,3.11713202242374e-06,1,1,1,adequate_smallest_model
1,D-GL-bal,Delta GL balanced,32,0.069475,delta_gl_balanced,delta_parallel,gl,balanced,2,2,1.00079003971309,6.65258449199578e-16,1.17329323020518e-06,1,1,1,adequate_smallest_model
1,D-GL-bal,Delta GL balanced,33,0.071475,delta_gl_balanced,delta_parallel,gl,balanced,2,2,1.0248002933246,3.47642396896557e-16,3.17466756619772e-07,1,1,1,adequate_smallest_model
1,D-GL-bal,Delta GL balanced,34,0.073475,delta_gl_balanced,delta_parallel,gl,balanced,2,2,1.02161462039077,1.17619104489382e-15,2.12062115825663e-06,1,1,1,adequate_smallest_model
1,D-GL-bal,Delta GL balanced,35,0.075475,delta_gl_balanced,delta_parallel,gl,balanced,2,2,1.01465392893374,7.59275166070841e-16,8.46864441253218e-07,1,1,1,adequate_smallest_model
1,D-GL-bal,Delta GL balanced,36,0.077475,delta_gl_balanced,delta_parallel,gl,balanced,2,2,1.03129890427276,5.11494016409909e-16,3.11713202193423e-06,1,1,1,adequate_smallest_model
1,D-GL-bal,Delta GL balanced,37,0.079475,delta_gl_balanced,delta_parallel,gl,balanced,2,2,1.00079003971309,9.95511883833567e-16,1.17329322982629e-06,1,1,1,adequate_smallest_model
1,D-GL-bal,Delta GL balanced,38,0.081475,delta_gl_balanced,delta_parallel,gl,balanced,2,2,1.0248002933246,4.39135880011108e-16,3.17466756354315e-07,1,1,1,adequate_smallest_model
1,D-GL-bal,Delta GL balanced,39,0.083475,delta_gl_balanced,delta_parallel,gl,balanced,2,2,1.02161462039077,5.67460681178103e-16,2.12062115975484e-06,1,1,1,adequate_smallest_model
1,D-GL-bal,Delta GL balanced,40,0.085475,delta_gl_balanced,delta_parallel,gl,balanced,2,2,1.01465392893374,5.10095396295883e-16,8.4686444081046e-07,1,1,1,adequate_smallest_model
1,D-GL-bal,Delta GL balanced,41,0.087475,delta_gl_balanced,delta_parallel,gl,balanced,2,2,1.03129890427276,6.72707402118552e-16,3.11713202238023e-06,1,1,1,adequate_smallest_model
1,D-GL-bal,Delta GL balanced,42,0.089475,delta_gl_balanced,delta_parallel,gl,balanced,2,2,1.00079003971309,3.51554098047055e-16,1.17329323089407e-06,1,1,1,adequate_smallest_model
1,D-GL-bal,Delta GL balanced,43,0.091475,delta_gl_balanced,delta_parallel,gl,balanced,2,2,1.0248002933246,8.59378903838244e-16,3.17466756481273e-07,1,1,1,adequate_smallest_model
1,D-GL-bal,Delta GL balanced,44,0.093475,delta_gl_balanced,delta_parallel,gl,balanced,2,2,1.02161462039077,6.63202785170666e-16,2.12062115878541e-06,1,1,1,adequate_smallest_model
1,D-GL-bal,Delta GL balanced,45,0.095475,delta_gl_balanced,delta_parallel,gl,balanced,2,2,1.01465392893374,1.07018266732949e-15,8.46864441685176e-07,1,1,1,adequate_smallest_model
1,D-GL-bal,Delta GL balanced,46,0.097475,delta_gl_balanced,delta_parallel,gl,balanced,2,2,1.03129890427276,9.5427053747149e-16,3.11713202288061e-06,1,1,1,adequate_smallest_model
1,D-GL-bal,Delta GL balanced,47,0.099475,delta_gl_balanced,delta_parallel,gl,balanced,2,2,1.00079003971309,7.65952592418741e-16,1.17329323129593e-06,1,1,1,adequate_smallest_model
1,D-GL-bal,Delta GL balanced,48,0.101475,delta_gl_balanced,delta_parallel,gl,balanced,2,2,1.0248002933246,7.20029209097872e-16,3.17466756077317e-07,1,1,1,adequate_smallest_model
1,D-GL-bal,Delta GL balanced,49,0.103475,delta_gl_balanced,delta_parallel,gl,balanced,2,2,1.02161462039077,3.84203498237604e-16,2.12062115927012e-06,1,1,1,adequate_smallest_model
1,D-GL-bal,Delta GL balanced,50,0.105475,delta_gl_balanced,delta_parallel,gl,balanced,2,2,1.01465392893374,8.01183439531907e-16,8.46864441253218e-07,1,1,1,adequate_smallest_model
1,D-GL-bal,Delta GL balanced,51,0.107475,delta_gl_balanced,delta_parallel,gl,balanced,2,2,1.03129890427276,6.51453297055634e-16,3.11713202252164e-06,1,1,1,adequate_smallest_model
1,D-GL-bal,Delta GL balanced,52,0.109475,delta_gl_balanced,delta_parallel,gl,balanced,2,2,1.00079003971309,5.51327448176992e-16,1.17329323044629e-06,1,1,1,adequate_smallest_model
1,D-GL-bal,Delta GL balanced,53,0.111475,delta_gl_balanced,delta_parallel,gl,balanced,2,2,1.0248002933246,7.64899898782257e-16,3.17466756781354e-07,1,1,1,adequate_smallest_model
1,D-GL-bal,Delta GL balanced,54,0.113475,delta_gl_balanced,delta_parallel,gl,balanced,2,2,1.02161462039077,5.4317851164701e-16,2.1206211593913e-06,1,1,1,adequate_smallest_model
1,D-GL-bal,Delta GL balanced,55,0.115475,delta_gl_balanced,delta_parallel,gl,balanced,2,2,1.01465392893374,8.45900772171658e-16,8.46864440950846e-07,1,1,1,adequate_smallest_model
1,D-GL-bal,Delta GL balanced,56,0.117475,delta_gl_balanced,delta_parallel,gl,balanced,2,2,1.03129890427276,6.90226665026568e-16,3.11713202231496e-06,1,1,1,adequate_smallest_model
1,D-GL-bal,Delta GL balanced,57,0.119475,delta_gl_balanced,delta_parallel,gl,balanced,2,2,1.00079003971309,7.61197789133753e-16,1.17329323031999e-06,1,1,1,adequate_smallest_model
1,D-GL-bal,Delta GL balanced,58,0.121475,delta_gl_balanced,delta_parallel,gl,balanced,2,2,1.0248002933246,6.729475601971e-16,3.1746675631969e-07,1,1,1,adequate_smallest_model
1,D-GL-bal,Delta GL balanced,59,0.123475,delta_gl_balanced,delta_parallel,gl,balanced,2,2,1.02161462039077,3.97829163447749e-16,2.12062115940232e-06,1,1,1,adequate_smallest_model
1,D-GL-bal,Delta GL balanced,60,0.125475,delta_gl_balanced,delta_parallel,gl,balanced,2,2,1.01465392893374,3.73866235665343e-16,8.46864440367702e-07,1,1,1,adequate_smallest_model
1,D-GL-bal,Delta GL balanced,61,0.127475,delta_gl_balanced,delta_parallel,gl,balanced,2,2,1.03129890427276,4.73911801107493e-16,3.11713202178194e-06,1,1,1,adequate_smallest_model
1,D-GL-bal,Delta GL balanced,62,0.129475,delta_gl_balanced,delta_parallel,gl,balanced,2,2,1.00079003971309,3.82669844155496e-16,1.17329323099741e-06,1,1,1,adequate_smallest_model
1,D-GL-bal,Delta GL balanced,63,0.131475,delta_gl_balanced,delta_parallel,gl,balanced,2,2,1.0248002933246,6.52539629563988e-16,3.17466756527439e-07,1,1,1,adequate_smallest_model
1,D-GL-bal,Delta GL balanced,64,0.133475,delta_gl_balanced,delta_parallel,gl,balanced,2,2,1.02161462039077,9.04842874229015e-16,2.12062115874134e-06,1,1,1,adequate_smallest_model
1,D-GL-bal,Delta GL balanced,65,0.135475,delta_gl_balanced,delta_parallel,gl,balanced,2,2,1.01465392893374,1.06328844526497e-15,8.46864441458398e-07,1,1,1,adequate_smallest_model
1,D-GL-bal,Delta GL balanced,66,0.137475,delta_gl_balanced,delta_parallel,gl,balanced,2,2,1.03129890427276,5.35119156700857e-16,3.11713202242374e-06,1,1,1,adequate_smallest_model
1,D-GL-bal,Delta GL balanced,67,0.139475,delta_gl_balanced,delta_parallel,gl,balanced,2,2,1.00079003971309,5.55789181920447e-16,1.17329323083666e-06,1,1,1,adequate_smallest_model
1,D-GL-bal,Delta GL balanced,68,0.141475,delta_gl_balanced,delta_parallel,gl,balanced,2,2,1.0248002933246,3.87777786626006e-16,3.17466756400482e-07,1,1,1,adequate_smallest_model
1,D-GL-bal,Delta GL balanced,69,0.143475,delta_gl_balanced,delta_parallel,gl,balanced,2,2,1.02161462039077,9.52345881881158e-16,2.12062115851e-06,1,1,1,adequate_smallest_model
1,D-GL-bal,Delta GL balanced,70,0.145475,delta_gl_balanced,delta_parallel,gl,balanced,2,2,1.01465392893374,4.965114076157e-16,8.46864440853656e-07,1,1,1,adequate_smallest_model
1,D-GL-bal,Delta GL balanced,71,0.147475,delta_gl_balanced,delta_parallel,gl,balanced,2,2,1.03129890427276,6.448192679603e-16,3.11713202243462e-06,1,1,1,adequate_smallest_model
1,D-GL-bal,Delta GL balanced,72,0.149475,delta_gl_balanced,delta_parallel,gl,balanced,2,2,1.00079003971309,4.49644602447793e-16,1.17329323064148e-06,1,1,1,adequate_smallest_model
1,D-GL-bal,Delta GL balanced,73,0.151475,delta_gl_balanced,delta_parallel,gl,balanced,2,2,1.0248002933246,4.00667208584495e-16,3.17466756735187e-07,1,1,1,adequate_smallest_model
1,D-GL-bal,Delta GL balanced,74,0.153475,delta_gl_balanced,delta_parallel,gl,balanced,2,2,1.02161462039077,8.23773757593469e-16,2.12062115865321e-06,1,1,1,adequate_smallest_model
1,D-GL-bal,Delta GL balanced,75,0.155475,delta_gl_balanced,delta_parallel,gl,balanced,2,2,1.01465392893374,7.18294375115635e-16,8.46864440896851e-07,1,1,1,adequate_smallest_model
1,D-GL-bal,Delta GL balanced,76,0.157475,delta_gl_balanced,delta_parallel,gl,balanced,2,2,1.03129890427276,1.32335266390001e-15,3.11713202268481e-06,1,1,1,adequate_smallest_model
1,D-GL-bal,Delta GL balanced,77,0.159475,delta_gl_balanced,delta_parallel,gl,balanced,2,2,1.00079003971309,1.37980734579975e-15,1.17329323082518e-06,1,1,1,adequate_smallest_model
1,D-GL-bal,Delta GL balanced,78,0.161475,delta_gl_balanced,delta_parallel,gl,balanced,2,2,1.0248002933246,1.29940803083511e-15,3.17466756550522e-07,1,1,1,adequate_smallest_model
1,D-GL-bal,Delta GL balanced,79,0.163475,delta_gl_balanced,delta_parallel,gl,balanced,2,2,1.02161462039077,9.89666468245972e-16,2.12062115943537e-06,1,1,1,adequate_smallest_model
1,D-GL-bal,Delta GL balanced,80,0.165475,delta_gl_balanced,delta_parallel,gl,balanced,2,2,1.01465392893374,1.42581933659411e-15,8.46864440173322e-07,1,1,1,adequate_smallest_model
1,D-GL-bal,Delta GL balanced,81,0.167475,delta_gl_balanced,delta_parallel,gl,balanced,2,2,1.03129890427276,1.46438635576164e-15,3.11713202240199e-06,1,1,1,adequate_smallest_model
1,D-GL-bal,Delta GL balanced,82,0.169475,delta_gl_balanced,delta_parallel,gl,balanced,2,2,1.00079003971309,9.46784047400014e-16,1.17329323040036e-06,1,1,1,adequate_smallest_model
1,D-GL-bal,Delta GL balanced,83,0.171475,delta_gl_balanced,delta_parallel,gl,balanced,2,2,1.0248002933246,5.76996352683298e-16,3.17466756792896e-07,1,1,1,adequate_smallest_model
1,D-GL-bal,Delta GL balanced,84,0.173475,delta_gl_balanced,delta_parallel,gl,balanced,2,2,1.02161462039077,8.20540496332425e-16,2.12062115858712e-06,1,1,1,adequate_smallest_model
1,D-GL-bal,Delta GL balanced,85,0.175475,delta_gl_balanced,delta_parallel,gl,balanced,2,2,1.01465392893374,7.86720530779239e-16,8.46864441166826e-07,1,1,1,adequate_smallest_model
1,D-GL-bal,Delta GL balanced,86,0.177475,delta_gl_balanced,delta_parallel,gl,balanced,2,2,1.03129890427276,5.88627277725633e-16,3.11713202208652e-06,1,1,1,adequate_smallest_model
1,D-GL-bal,Delta GL balanced,87,0.179475,delta_gl_balanced,delta_parallel,gl,balanced,2,2,1.00079003971309,8.00930020281677e-16,1.17329322984925e-06,1,1,1,adequate_smallest_model
1,D-GL-bal,Delta GL balanced,88,0.181475,delta_gl_balanced,delta_parallel,gl,balanced,2,2,1.0248002933246,8.66379040782634e-16,3.17466756331231e-07,1,1,1,adequate_smallest_model
1,D-GL-bal,Delta GL balanced,89,0.183475,delta_gl_balanced,delta_parallel,gl,balanced,2,2,1.02161462039077,7.02885505253656e-16,2.12062115858711e-06,1,1,1,adequate_smallest_model
1,D-GL-bal,Delta GL balanced,90,0.185475,delta_gl_balanced,delta_parallel,gl,balanced,2,2,1.01465392893374,7.08028419201662e-16,8.4686443996814e-07,1,1,1,adequate_smallest_model
1,D-GL-bal,Delta GL balanced,91,0.187475,delta_gl_balanced,delta_parallel,gl,balanced,2,2,1.03129890427276,4.20652917116523e-16,3.1171320219451e-06,1,1,1,adequate_smallest_model
1,D-GL-bal,Delta GL balanced,92,0.189475,delta_gl_balanced,delta_parallel,gl,balanced,2,2,1.00079003971309,5.72987327147584e-16,1.17329323041185e-06,1,1,1,adequate_smallest_model
1,D-GL-bal,Delta GL balanced,93,0.191475,delta_gl_balanced,delta_parallel,gl,balanced,2,2,1.0248002933246,8.22759862054882e-16,3.17466755650278e-07,1,1,1,adequate_smallest_model
1,D-GL-bal,Delta GL balanced,94,0.193475,delta_gl_balanced,delta_parallel,gl,balanced,2,2,1.02161462039077,1.17545678286326e-15,2.12062115834476e-06,1,1,1,adequate_smallest_model
1,D-GL-bal,Delta GL balanced,95,0.195475,delta_gl_balanced,delta_parallel,gl,balanced,2,2,1.01465392893374,6.08009269954517e-16,8.46864440648476e-07,1,1,1,adequate_smallest_model
1,D-GL-bal,Delta GL balanced,96,0.197475,delta_gl_balanced,delta_parallel,gl,balanced,2,2,1.03129890427276,7.06822482163298e-16,3.11713202253252e-06,1,1,1,adequate_smallest_model
1,D-GL-bal,Delta GL balanced,97,0.199475,delta_gl_balanced,delta_parallel,gl,balanced,2,2,1.00079003971309,6.5020056069599e-16,1.17329323027407e-06,1,1,1,adequate_smallest_model
1,D-GL-bal,Delta GL balanced,98,0.201475,delta_gl_balanced,delta_parallel,gl,balanced,2,2,1.0248002933246,5.46831371230199e-16,3.17466756815979e-07,1,1,1,adequate_smallest_model
1,D-GL-bal,Delta GL balanced,99,0.203475,delta_gl_balanced,delta_parallel,gl,balanced,2,2,1.02161462039077,7.60979155215036e-16,2.12062115880744e-06,1,1,1,adequate_smallest_model
1,D-GL-bal,Delta GL balanced,100,0.205475,delta_gl_balanced,delta_parallel,gl,balanced,2,2,1.01465392893374,1.71106479237174e-15,8.46864439935745e-07,1,1,1,adequate_smallest_model
1,D-GL-bal,Delta GL balanced,101,0.207475,delta_gl_balanced,delta_parallel,gl,balanced,2,2,1.03129890427276,2.08871281835625e-15,3.11713202258692e-06,1,1,1,adequate_smallest_model
1,D-GL-bal,Delta GL balanced,102,0.209475,delta_gl_balanced,delta_parallel,gl,balanced,2,2,1.00079003971309,1.969314821865e-15,1.17329323061852e-06,1,1,1,adequate_smallest_model
1,D-GL-bal,Delta GL balanced,103,0.211475,delta_gl_balanced,delta_parallel,gl,balanced,2,2,1.0248002933246,3.29196646270045e-15,3.17466756065776e-07,1,1,1,adequate_smallest_model
1,D-GL-bal,Delta GL balanced,104,0.213475,delta_gl_balanced,delta_parallel,gl,balanced,2,2,1.02161462039077,2.95827043643272e-15,2.1206211595235e-06,1,1,1,adequate_smallest_model
1,D-GL-bal,Delta GL balanced,105,0.215475,delta_gl_balanced,delta_parallel,gl,balanced,2,2,1.01465392893374,1.38954565717954e-15,8.46864440562085e-07,1,1,1,adequate_smallest_model
1,D-GL-bal,Delta GL balanced,106,0.217475,delta_gl_balanced,delta_parallel,gl,balanced,2,2,1.03129890427276,8.59780673529042e-16,3.11713202182546e-06,1,1,1,adequate_smallest_model
1,D-GL-bal,Delta GL balanced,107,0.219475,delta_gl_balanced,delta_parallel,gl,balanced,2,2,1.00079003971308,7.37499777266389e-16,1.17329323172075e-06,1,1,1,adequate_smallest_model
1,D-GL-bal,Delta GL balanced,108,0.221475,delta_gl_balanced,delta_parallel,gl,balanced,2,2,1.0248002933246,6.64829591091951e-16,3.17466756181193e-07,1,1,1,adequate_smallest_model
1,D-GL-bal,Delta GL balanced,109,0.223475,delta_gl_balanced,delta_parallel,gl,balanced,2,2,1.02161462039077,5.43283071603252e-16,2.1206211590498e-06,1,1,1,adequate_smallest_model
1,D-GL-bal,Delta GL balanced,110,0.225475,delta_gl_balanced,delta_parallel,gl,balanced,2,2,1.01465392893374,9.9154717395845e-16,8.46864441231622e-07,1,1,1,adequate_smallest_model
1,D-GL-bal,Delta GL balanced,111,0.227475,delta_gl_balanced,delta_parallel,gl,balanced,2,2,1.03129890427276,4.95816802388306e-16,3.11713202214093e-06,1,1,1,adequate_smallest_model
1,D-GL-bal,Delta GL balanced,112,0.229475,delta_gl_balanced,delta_parallel,gl,balanced,2,2,1.00079003971308,3.89704805224523e-16,1.1732932308826e-06,1,1,1,adequate_smallest_model
1,D-GL-bal,Delta GL balanced,113,0.231475,delta_gl_balanced,delta_parallel,gl,balanced,2,2,1.0248002933246,6.86596772157022e-16,3.17466756631315e-07,1,1,1,adequate_smallest_model
1,D-GL-bal,Delta GL balanced,114,0.233475,delta_gl_balanced,delta_parallel,gl,balanced,2,2,1.02161462039077,4.53725247993787e-16,2.12062115935826e-06,1,1,1,adequate_smallest_model
1,D-GL-bal,Delta GL balanced,115,0.235475,delta_gl_balanced,delta_parallel,gl,balanced,2,2,1.01465392893374,1.1083674195445e-15,8.46864441555591e-07,1,1,1,adequate_smallest_model
1,D-GL-bal,Delta GL balanced,116,0.237475,delta_gl_balanced,delta_parallel,gl,balanced,2,2,1.03129890427276,6.34571058090454e-16,3.11713202235849e-06,1,1,1,adequate_smallest_model
1,D-GL-bal,Delta GL balanced,117,0.239475,delta_gl_balanced,delta_parallel,gl,balanced,2,2,1.00079003971308,8.34102128091514e-16,1.17329322995259e-06,1,1,1,adequate_smallest_model
1,D-GL-bal,Delta GL balanced,118,0.241475,delta_gl_balanced,delta_parallel,gl,balanced,2,2,1.0248002933246,6.86143147738685e-16,3.17466756019611e-07,1,1,1,adequate_smallest_model
1,D-GL-bal,Delta GL balanced,119,0.243475,delta_gl_balanced,delta_parallel,gl,balanced,2,2,1.02161462039077,3.93724615114806e-16,2.12062115928114e-06,1,1,1,adequate_smallest_model
1,D-GL-bal,Delta GL balanced,120,0.245475,delta_gl_balanced,delta_parallel,gl,balanced,2,2,1.01465392893374,9.25087279872264e-16,8.46864439773761e-07,1,1,1,adequate_smallest_model
1,D-GL-bal,Delta GL balanced,121,0.247475,delta_gl_balanced,delta_parallel,gl,balanced,2,2,1.03129890427276,4.43451882522723e-16,3.1171320223476e-06,1,1,1,adequate_smallest_model
1,D-GL-bal,Delta GL balanced,122,0.249475,delta_gl_balanced,delta_parallel,gl,balanced,2,2,1.00079003971308,4.89739903583614e-16,1.17329323059556e-06,1,1,1,adequate_smallest_model
1,D-GL-bal,Delta GL balanced,123,0.251475,delta_gl_balanced,delta_parallel,gl,balanced,2,2,1.0248002933246,8.32316395753407e-16,3.174667562389e-07,1,1,1,adequate_smallest_model
1,D-GL-bal,Delta GL balanced,124,0.253475,delta_gl_balanced,delta_parallel,gl,balanced,2,2,1.02161462039077,6.16030368356976e-16,2.12062115868626e-06,1,1,1,adequate_smallest_model
1,D-GL-bal,Delta GL balanced,125,0.255475,delta_gl_balanced,delta_parallel,gl,balanced,2,2,1.01465392893374,5.06891030175774e-16,8.46864439957343e-07,1,1,1,adequate_smallest_model
1,D-GL-bal,Delta GL balanced,126,0.257475,delta_gl_balanced,delta_parallel,gl,balanced,2,2,1.03129890427276,6.67206295211059e-16,3.1171320224999e-06,1,1,1,adequate_smallest_model
1,D-GL-bal,Delta GL balanced,127,0.259475,delta_gl_balanced,delta_parallel,gl,balanced,2,2,1.00079003971308,6.63641508869005e-16,1.17329323068741e-06,1,1,1,adequate_smallest_model
1,D-GL-bal,Delta GL balanced,128,0.261475,delta_gl_balanced,delta_parallel,gl,balanced,2,2,1.0248002933246,4.71890352872903e-16,3.17466756158109e-07,1,1,1,adequate_smallest_model
1,D-GL-bal,Delta GL balanced,129,0.263475,delta_gl_balanced,delta_parallel,gl,balanced,2,2,1.02161462039077,6.08516050991443e-16,2.12062115913793e-06,1,1,1,adequate_smallest_model
1,D-GL-bal,Delta GL balanced,130,0.265475,delta_gl_balanced,delta_parallel,gl,balanced,2,2,1.01465392893374,5.77759887935655e-16,8.4686444050809e-07,1,1,1,adequate_smallest_model
1,D-GL-bal,Delta GL balanced,131,0.267475,delta_gl_balanced,delta_parallel,gl,balanced,2,2,1.03129890427276,4.90358268707352e-16,3.11713202229322e-06,1,1,1,adequate_smallest_model
1,D-GL-bal,Delta GL balanced,132,0.269475,delta_gl_balanced,delta_parallel,gl,balanced,2,2,1.00079003971308,6.61012550756251e-16,1.17329323105482e-06,1,1,1,adequate_smallest_model
1,D-GL-bal,Delta GL balanced,133,0.271475,delta_gl_balanced,delta_parallel,gl,balanced,2,2,1.0248002933246,4.70198226032832e-16,3.174667565159e-07,1,1,1,adequate_smallest_model
1,D-GL-bal,Delta GL balanced,134,0.273475,delta_gl_balanced,delta_parallel,gl,balanced,2,2,1.02161462039077,4.45615817216285e-16,2.12062115928115e-06,1,1,1,adequate_smallest_model
1,D-GL-bal,Delta GL balanced,135,0.275475,delta_gl_balanced,delta_parallel,gl,balanced,2,2,1.01465392893374,6.29642955865976e-16,8.46864440637681e-07,1,1,1,adequate_smallest_model
1,D-GL-bal,Delta GL balanced,136,0.277475,delta_gl_balanced,delta_parallel,gl,balanced,2,2,1.03129890427276,7.81072213800612e-16,3.1171320224564e-06,1,1,1,adequate_smallest_model
1,D-GL-bal,Delta GL balanced,137,0.279475,delta_gl_balanced,delta_parallel,gl,balanced,2,2,1.00079003971308,6.76560092885046e-16,1.17329323159446e-06,1,1,1,adequate_smallest_model
1,D-GL-bal,Delta GL balanced,138,0.281475,delta_gl_balanced,delta_parallel,gl,balanced,2,2,1.0248002933246,8.94736749995388e-16,3.1746675565028e-07,1,1,1,adequate_smallest_model
1,D-GL-bal,Delta GL balanced,139,0.283475,delta_gl_balanced,delta_parallel,gl,balanced,2,2,1.02161462039077,5.89686993005226e-16,2.12062116000822e-06,1,1,1,adequate_smallest_model
1,D-GL-bal,Delta GL balanced,140,0.285475,delta_gl_balanced,delta_parallel,gl,balanced,2,2,1.01465392893374,6.04376945973407e-16,8.46864441145232e-07,1,1,1,adequate_smallest_model
1,D-GL-bal,Delta GL balanced,141,0.287475,delta_gl_balanced,delta_parallel,gl,balanced,2,2,1.03129890427276,5.13303077276758e-16,3.11713202231498e-06,1,1,1,adequate_smallest_model
1,D-GL-bal,Delta GL balanced,142,0.289475,delta_gl_balanced,delta_parallel,gl,balanced,2,2,1.00079003971308,7.25564762573601e-16,1.17329323040037e-06,1,1,1,adequate_smallest_model
1,D-GL-bal,Delta GL balanced,143,0.291475,delta_gl_balanced,delta_parallel,gl,balanced,2,2,1.0248002933246,8.47147517583334e-16,3.17466756123484e-07,1,1,1,adequate_smallest_model
1,D-GL-bal,Delta GL balanced,144,0.293475,delta_gl_balanced,delta_parallel,gl,balanced,2,2,1.02161462039077,4.33285103275949e-16,2.12062115910488e-06,1,1,1,adequate_smallest_model
1,D-GL-bal,Delta GL balanced,145,0.295475,delta_gl_balanced,delta_parallel,gl,balanced,2,2,1.01465392893374,5.77073485608768e-16,8.46864440518889e-07,1,1,1,adequate_smallest_model
1,D-GL-bal,Delta GL balanced,146,0.297475,delta_gl_balanced,delta_parallel,gl,balanced,2,2,1.03129890427276,4.94802146325585e-16,3.11713202181458e-06,1,1,1,adequate_smallest_model
1,D-GL-bal,Delta GL balanced,147,0.299475,delta_gl_balanced,delta_parallel,gl,balanced,2,2,1.00079003971308,4.69449586466843e-16,1.17329323065296e-06,1,1,1,adequate_smallest_model
1,D-GL-bal,Delta GL balanced,148,0.301475,delta_gl_balanced,delta_parallel,gl,balanced,2,2,1.0248002933246,7.53449293641956e-16,3.17466755488696e-07,1,1,1,adequate_smallest_model
1,D-GL-bal,Delta GL balanced,149,0.303475,delta_gl_balanced,delta_parallel,gl,balanced,2,2,1.02161462039077,4.49423483833917e-16,2.12062115943537e-06,1,1,1,adequate_smallest_model
1,D-GL-bal,Delta GL balanced,150,0.305475,delta_gl_balanced,delta_parallel,gl,balanced,2,2,1.01465392893374,6.89435960181187e-16,8.46864441296414e-07,1,1,1,adequate_smallest_model
1,D-GL-bal,Delta GL balanced,151,0.307475,delta_gl_balanced,delta_parallel,gl,balanced,2,2,1.03129890427276,5.76433975782298e-16,3.11713202213004e-06,1,1,1,adequate_smallest_model
1,D-GL-bal,Delta GL balanced,152,0.309475,delta_gl_balanced,delta_parallel,gl,balanced,2,2,1.00079003971308,7.07014042221374e-16,1.17329322996407e-06,1,1,1,adequate_smallest_model
1,D-GL-bal,Delta GL balanced,153,0.311475,delta_gl_balanced,delta_parallel,gl,balanced,2,2,1.0248002933246,4.82589807224163e-16,3.17466756204275e-07,1,1,1,adequate_smallest_model
1,D-GL-bal,Delta GL balanced,154,0.313475,delta_gl_balanced,delta_parallel,gl,balanced,2,2,1.02161462039077,3.66498409426984e-16,2.12062115956756e-06,1,1,1,adequate_smallest_model
1,D-GL-bal,Delta GL balanced,155,0.315475,delta_gl_balanced,delta_parallel,gl,balanced,2,2,1.01465392893374,6.13507160617146e-16,8.46864440670074e-07,1,1,1,adequate_smallest_model
1,D-GL-bal,Delta GL balanced,156,0.317475,delta_gl_balanced,delta_parallel,gl,balanced,2,2,1.03129890427276,5.07196408213236e-16,3.11713202246726e-06,1,1,1,adequate_smallest_model
1,D-GL-bal,Delta GL balanced,157,0.319475,delta_gl_balanced,delta_parallel,gl,balanced,2,2,1.00079003971308,9.88902985406382e-16,1.17329322941296e-06,1,1,1,adequate_smallest_model
1,D-GL-bal,Delta GL balanced,158,0.321475,delta_gl_balanced,delta_parallel,gl,balanced,2,2,1.0248002933246,5.90922950181778e-16,3.17466755984985e-07,1,1,1,adequate_smallest_model
1,D-GL-bal,Delta GL balanced,159,0.323475,delta_gl_balanced,delta_parallel,gl,balanced,2,2,1.02161462039077,8.53227195424334e-16,2.12062115972179e-06,1,1,1,adequate_smallest_model
1,D-GL-bal,Delta GL balanced,160,0.325475,delta_gl_balanced,delta_parallel,gl,balanced,2,2,1.01465392893374,6.98400043208239e-16,8.46864440950847e-07,1,1,1,adequate_smallest_model
1,D-GL-bal,Delta GL balanced,161,0.327475,delta_gl_balanced,delta_parallel,gl,balanced,2,2,1.03129890427276,5.47090136731957e-16,3.1171320224999e-06,1,1,1,adequate_smallest_model
1,D-GL-bal,Delta GL balanced,162,0.329475,delta_gl_balanced,delta_parallel,gl,balanced,2,2,1.00079003971308,4.48462085009146e-16,1.17329323071037e-06,1,1,1,adequate_smallest_model
1,D-GL-bal,Delta GL balanced,163,0.331475,delta_gl_balanced,delta_parallel,gl,balanced,2,2,1.0248002933246,4.52791890821798e-16,3.17466756585149e-07,1,1,1,adequate_smallest_model
1,D-GL-bal,Delta GL balanced,164,0.333475,delta_gl_balanced,delta_parallel,gl,balanced,2,2,1.02161462039077,4.57763315302295e-16,2.12062115936928e-06,1,1,1,adequate_smallest_model
1,D-GL-bal,Delta GL balanced,165,0.335475,delta_gl_balanced,delta_parallel,gl,balanced,2,2,1.01465392893374,8.72489156922808e-16,8.46864439881754e-07,1,1,1,adequate_smallest_model
1,D-GL-bal,Delta GL balanced,166,0.337475,delta_gl_balanced,delta_parallel,gl,balanced,2,2,1.03129890427276,1.04902187567677e-15,3.11713202320698e-06,1,1,1,adequate_smallest_model
1,D-GL-bal,Delta GL balanced,167,0.339475,delta_gl_balanced,delta_parallel,gl,balanced,2,2,1.00079003971308,4.08124150968502e-16,1.17329323011334e-06,1,1,1,adequate_smallest_model
1,D-GL-bal,Delta GL balanced,168,0.341475,delta_gl_balanced,delta_parallel,gl,balanced,2,2,1.0248002933246,6.81882591839942e-16,3.17466755996528e-07,1,1,1,adequate_smallest_model
1,D-GL-bal,Delta GL balanced,169,0.343475,delta_gl_balanced,delta_parallel,gl,balanced,2,2,1.02161462039077,4.2491932997072e-16,2.12062115950147e-06,1,1,1,adequate_smallest_model
1,D-GL-bal,Delta GL balanced,170,0.345475,delta_gl_balanced,delta_parallel,gl,balanced,2,2,1.01465392893374,7.82356259248872e-16,8.4686444085366e-07,1,1,1,adequate_smallest_model
1,D-GL-bal,Delta GL balanced,171,0.347475,delta_gl_balanced,delta_parallel,gl,balanced,2,2,1.03129890427276,1.0761803407467e-15,3.11713202323961e-06,1,1,1,adequate_smallest_model
1,D-GL-bal,Delta GL balanced,172,0.349475,delta_gl_balanced,delta_parallel,gl,balanced,2,2,1.00079003971308,6.93167145690277e-16,1.17329323097445e-06,1,1,1,adequate_smallest_model
1,D-GL-bal,Delta GL balanced,173,0.351475,delta_gl_balanced,delta_parallel,gl,balanced,2,2,1.0248002933246,7.97689349311607e-16,3.17466757000646e-07,1,1,1,adequate_smallest_model
1,D-GL-bal,Delta GL balanced,174,0.353475,delta_gl_balanced,delta_parallel,gl,balanced,2,2,1.02161462039077,5.8230095405952e-16,2.12062115931419e-06,1,1,1,adequate_smallest_model
1,D-GL-bal,Delta GL balanced,175,0.355475,delta_gl_balanced,delta_parallel,gl,balanced,2,2,1.01465392893374,8.197662811688e-16,8.46864440616079e-07,1,1,1,adequate_smallest_model
1,D-GL-bal,Delta GL balanced,176,0.357475,delta_gl_balanced,delta_parallel,gl,balanced,2,2,1.03129890427276,4.55919334512541e-16,3.11713202209741e-06,1,1,1,adequate_smallest_model
1,D-GL-bal,Delta GL balanced,177,0.359475,delta_gl_balanced,delta_parallel,gl,balanced,2,2,1.00079003971308,7.94862984746793e-16,1.17329323012481e-06,1,1,1,adequate_smallest_model
1,D-GL-bal,Delta GL balanced,178,0.361475,delta_gl_balanced,delta_parallel,gl,balanced,2,2,1.0248002933246,3.60204818575515e-16,3.17466756504357e-07,1,1,1,adequate_smallest_model
1,D-GL-bal,Delta GL balanced,179,0.363475,delta_gl_balanced,delta_parallel,gl,balanced,2,2,1.02161462039077,4.35012075325276e-16,2.12062115891761e-06,1,1,1,adequate_smallest_model
1,D-GL-bal,Delta GL balanced,180,0.365475,delta_gl_balanced,delta_parallel,gl,balanced,2,2,1.01465392893374,6.92272566962988e-16,8.46864440778064e-07,1,1,1,adequate_smallest_model
1,D-GL-bal,Delta GL balanced,181,0.367475,delta_gl_balanced,delta_parallel,gl,balanced,2,2,1.03129890427276,4.43275554691749e-16,3.11713202232585e-06,1,1,1,adequate_smallest_model
1,D-GL-bal,Delta GL balanced,182,0.369475,delta_gl_balanced,delta_parallel,gl,balanced,2,2,1.00079003971308,3.74284313064293e-16,1.17329323074482e-06,1,1,1,adequate_smallest_model
1,D-GL-bal,Delta GL balanced,183,0.371475,delta_gl_balanced,delta_parallel,gl,balanced,2,2,1.0248002933246,7.65176644202854e-16,3.17466756135026e-07,1,1,1,adequate_smallest_model
1,D-GL-bal,Delta GL balanced,184,0.373475,delta_gl_balanced,delta_parallel,gl,balanced,2,2,1.02161462039077,4.65368408950144e-16,2.12062115928114e-06,1,1,1,adequate_smallest_model
1,D-GL-bal,Delta GL balanced,185,0.375475,delta_gl_balanced,delta_parallel,gl,balanced,2,2,1.01465392893374,5.24125716657766e-16,8.46864439870951e-07,1,1,1,adequate_smallest_model
1,D-GL-bal,Delta GL balanced,186,0.377475,delta_gl_balanced,delta_parallel,gl,balanced,2,2,1.03129890427276,7.39727562730385e-16,3.11713202247814e-06,1,1,1,adequate_smallest_model
1,D-GL-bal,Delta GL balanced,187,0.379475,delta_gl_balanced,delta_parallel,gl,balanced,2,2,1.00079003971308,4.17546747700677e-16,1.17329323041185e-06,1,1,1,adequate_smallest_model
1,D-GL-bal,Delta GL balanced,188,0.381475,delta_gl_balanced,delta_parallel,gl,balanced,2,2,1.0248002933246,8.8161196183737e-16,3.17466755477155e-07,1,1,1,adequate_smallest_model
1,D-GL-bal,Delta GL balanced,189,0.383475,delta_gl_balanced,delta_parallel,gl,balanced,2,2,1.02161462039077,7.56757698003664e-16,2.12062115871931e-06,1,1,1,adequate_smallest_model
1,D-GL-bal,Delta GL balanced,190,0.385475,delta_gl_balanced,delta_parallel,gl,balanced,2,2,1.01465392893374,3.28268921789806e-16,8.4686444071327e-07,1,1,1,adequate_smallest_model
1,D-GL-bal,Delta GL balanced,191,0.387475,delta_gl_balanced,delta_parallel,gl,balanced,2,2,1.03129890427276,5.49270071434072e-16,3.11713202247814e-06,1,1,1,adequate_smallest_model
1,D-GL-bal,Delta GL balanced,192,0.389475,delta_gl_balanced,delta_parallel,gl,balanced,2,2,1.00079003971308,3.65807844749704e-16,1.17329323099741e-06,1,1,1,adequate_smallest_model
1,D-GL-bal,Delta GL balanced,193,0.391475,delta_gl_balanced,delta_parallel,gl,balanced,2,2,1.0248002933246,7.77031539850067e-16,3.17466756227359e-07,1,1,1,adequate_smallest_model
1,D-GL-bal,Delta GL balanced,194,0.393475,delta_gl_balanced,delta_parallel,gl,balanced,2,2,1.02161462039077,6.5057841911652e-16,2.12062115919302e-06,1,1,1,adequate_smallest_model
1,D-GL-bal,Delta GL balanced,195,0.395475,delta_gl_balanced,delta_parallel,gl,balanced,2,2,1.01465392893374,4.89971469461465e-16,8.46864440389305e-07,1,1,1,adequate_smallest_model
1,D-GL-bal,Delta GL balanced,196,0.397475,delta_gl_balanced,delta_parallel,gl,balanced,2,2,1.03129890427276,6.06126168832519e-16,3.11713202269571e-06,1,1,1,adequate_smallest_model
1,D-GL-bal,Delta GL balanced,197,0.399475,delta_gl_balanced,delta_parallel,gl,balanced,2,2,1.00079003971308,5.2295722121239e-16,1.17329323040037e-06,1,1,1,adequate_smallest_model
1,D-GL-bal,Delta GL balanced,198,0.401475,delta_gl_balanced,delta_parallel,gl,balanced,2,2,1.0248002933246,5.81168656921482e-16,3.17466756573608e-07,1,1,1,adequate_smallest_model
1,D-GL-bal,Delta GL balanced,199,0.403475,delta_gl_balanced,delta_parallel,gl,balanced,2,2,1.02161462039077,5.4461966609587e-16,2.12062115895066e-06,1,1,1,adequate_smallest_model
1,D-GL-bal,Delta GL balanced,200,0.405475,delta_gl_balanced,delta_parallel,gl,balanced,2,2,1.01465392893374,5.276010840294e-16,8.46864440659278e-07,1,1,1,adequate_smallest_model
1,D-GL-bal,Delta GL balanced,201,0.407475,delta_gl_balanced,delta_parallel,gl,balanced,2,2,1.03129890427276,6.85420511698357e-16,3.11713202240201e-06,1,1,1,adequate_smallest_model
1,D-GL-bal,Delta GL balanced,202,0.409475,delta_gl_balanced,delta_parallel,gl,balanced,2,2,1.00079003971308,1.04769578785576e-15,1.17329322992963e-06,1,1,1,adequate_smallest_model
1,D-GL-bal,Delta GL balanced,203,0.411475,delta_gl_balanced,delta_parallel,gl,balanced,2,2,1.0248002933246,4.39816008265861e-16,3.17466756573608e-07,1,1,1,adequate_smallest_model
1,D-GL-bal,Delta GL balanced,204,0.413475,delta_gl_balanced,delta_parallel,gl,balanced,2,2,1.02161462039077,4.58110613158258e-16,2.12062115960062e-06,1,1,1,adequate_smallest_model
1,D-GL-bal,Delta GL balanced,205,0.415475,delta_gl_balanced,delta_parallel,gl,balanced,2,2,1.01465392893374,3.96864176721292e-16,8.4686444050809e-07,1,1,1,adequate_smallest_model
1,D-GL-bal,Delta GL balanced,206,0.417475,delta_gl_balanced,delta_parallel,gl,balanced,2,2,1.03129890427276,4.18470181433965e-16,3.11713202211916e-06,1,1,1,adequate_smallest_model
1,D-GL-bal,Delta GL balanced,207,0.419475,delta_gl_balanced,delta_parallel,gl,balanced,2,2,1.00079003971308,5.27190619114174e-16,1.17329323043482e-06,1,1,1,adequate_smallest_model
1,D-GL-bal,Delta GL balanced,208,0.421475,delta_gl_balanced,delta_parallel,gl,balanced,2,2,1.0248002933246,5.82388858771058e-16,3.1746675674673e-07,1,1,1,adequate_smallest_model
1,D-GL-bal,Delta GL balanced,209,0.423475,delta_gl_balanced,delta_parallel,gl,balanced,2,2,1.02161462039077,9.9284096368897e-16,2.12062115875236e-06,1,1,1,adequate_smallest_model
1,D-GL-bal,Delta GL balanced,210,0.425475,delta_gl_balanced,delta_parallel,gl,balanced,2,2,1.01465392893374,8.18758412731675e-16,8.4686444123162e-07,1,1,1,adequate_smallest_model
1,D-GL-bal,Delta GL balanced,211,0.427475,delta_gl_balanced,delta_parallel,gl,balanced,2,2,1.03129890427276,8.30053171101415e-16,3.11713202265219e-06,1,1,1,adequate_smallest_model
1,D-GL-bal,Delta GL balanced,212,0.429475,delta_gl_balanced,delta_parallel,gl,balanced,2,2,1.00079003971308,5.88657050238243e-16,1.17329323066445e-06,1,1,1,adequate_smallest_model
1,D-GL-bal,Delta GL balanced,213,0.431475,delta_gl_balanced,delta_parallel,gl,balanced,2,2,1.0248002933246,4.20208494763525e-16,3.17466756273525e-07,1,1,1,adequate_smallest_model
1,D-GL-bal,Delta GL balanced,214,0.433475,delta_gl_balanced,delta_parallel,gl,balanced,2,2,1.02161462039077,6.17945226173457e-16,2.12062115891761e-06,1,1,1,adequate_smallest_model
1,D-GL-bal,Delta GL balanced,215,0.435475,delta_gl_balanced,delta_parallel,gl,balanced,2,2,1.01465392893374,6.90090369440035e-16,8.46864440130126e-07,1,1,1,adequate_smallest_model
1,D-GL-bal,Delta GL balanced,216,0.437475,delta_gl_balanced,delta_parallel,gl,balanced,2,2,1.03129890427276,1.0609629319022e-15,3.11713202313082e-06,1,1,1,adequate_smallest_model
1,D-GL-bal,Delta GL balanced,217,0.439475,delta_gl_balanced,delta_parallel,gl,balanced,2,2,1.00079003971308,5.71325396000873e-16,1.17329323060704e-06,1,1,1,adequate_smallest_model
1,D-GL-bal,Delta GL balanced,218,0.441475,delta_gl_balanced,delta_parallel,gl,balanced,2,2,1.0248002933246,5.93257750151894e-16,3.17466756227359e-07,1,1,1,adequate_smallest_model
1,D-GL-bal,Delta GL balanced,219,0.443475,delta_gl_balanced,delta_parallel,gl,balanced,2,2,1.02161462039077,4.43059193608806e-16,2.12062115892862e-06,1,1,1,adequate_smallest_model
1,D-GL-bal,Delta GL balanced,220,0.445475,delta_gl_balanced,delta_parallel,gl,balanced,2,2,1.01465392893374,7.44086810101543e-16,8.46864440896852e-07,1,1,1,adequate_smallest_model
1,D-GL-bal,Delta GL balanced,221,0.447475,delta_gl_balanced,delta_parallel,gl,balanced,2,2,1.03129890427276,5.18778522738999e-16,3.11713202206478e-06,1,1,1,adequate_smallest_model
1,D-GL-bal,Delta GL balanced,222,0.449475,delta_gl_balanced,delta_parallel,gl,balanced,2,2,1.00079003971308,4.06395767214944e-16,1.1732932307563e-06,1,1,1,adequate_smallest_model
1,D-GL-bal,Delta GL balanced,223,0.451475,delta_gl_balanced,delta_parallel,gl,balanced,2,2,1.0248002933246,5.1296358486793e-16,3.17466756712106e-07,1,1,1,adequate_smallest_model
1,D-GL-bal,Delta GL balanced,224,0.453475,delta_gl_balanced,delta_parallel,gl,balanced,2,2,1.02161462039077,7.77811134086665e-16,2.12062116010736e-06,1,1,1,adequate_smallest_model
1,D-GL-bal,Delta GL balanced,225,0.455475,delta_gl_balanced,delta_parallel,gl,balanced,2,2,1.01465392893374,4.84798631731159e-16,8.46864439870955e-07,1,1,1,adequate_smallest_model
1,D-GL-bal,Delta GL balanced,226,0.457475,delta_gl_balanced,delta_parallel,gl,balanced,2,2,1.03129890427276,5.80103475613303e-16,3.11713202279361e-06,1,1,1,adequate_smallest_model
1,D-GL-bal,Delta GL balanced,227,0.459475,delta_gl_balanced,delta_parallel,gl,balanced,2,2,1.00079003971308,1.29649221979354e-15,1.1732932310089e-06,1,1,1,adequate_smallest_model
1,D-GL-bal,Delta GL balanced,228,0.461475,delta_gl_balanced,delta_parallel,gl,balanced,2,2,1.0248002933246,2.08787152793945e-15,3.17466756273527e-07,1,1,1,adequate_smallest_model
1,D-GL-bal,Delta GL balanced,229,0.463475,delta_gl_balanced,delta_parallel,gl,balanced,2,2,1.02161462039077,1.88691890979357e-15,2.12062115923708e-06,1,1,1,adequate_smallest_model
1,D-GL-bal,Delta GL balanced,230,0.465475,delta_gl_balanced,delta_parallel,gl,balanced,2,2,1.01465392893374,1.34455105976464e-15,8.46864440086934e-07,1,1,1,adequate_smallest_model
1,D-GL-bal,Delta GL balanced,231,0.467475,delta_gl_balanced,delta_parallel,gl,balanced,2,2,1.03129890427276,1.49681379499625e-15,3.11713202215181e-06,1,1,1,adequate_smallest_model
1,D-GL-bal,Delta GL balanced,232,0.469475,delta_gl_balanced,delta_parallel,gl,balanced,2,2,1.00079003971308,1.62477761375567e-15,1.17329323076778e-06,1,1,1,adequate_smallest_model
1,D-GL-bal,Delta GL balanced,233,0.471475,delta_gl_balanced,delta_parallel,gl,balanced,2,2,1.0248002933246,1.44478133517288e-15,3.17466755950362e-07,1,1,1,adequate_smallest_model
1,D-GL-bal,Delta GL balanced,234,0.473475,delta_gl_balanced,delta_parallel,gl,balanced,2,2,1.02161462039077,8.23635843652072e-16,2.12062115876339e-06,1,1,1,adequate_smallest_model
1,D-GL-bal,Delta GL balanced,235,0.475475,delta_gl_balanced,delta_parallel,gl,balanced,2,2,1.01465392893374,1.22096987895077e-15,8.46864440896856e-07,1,1,1,adequate_smallest_model
1,D-GL-bal,Delta GL balanced,236,0.477475,delta_gl_balanced,delta_parallel,gl,balanced,2,2,1.03129890427276,5.11603177052341e-16,3.11713202214092e-06,1,1,1,adequate_smallest_model
1,D-GL-bal,Delta GL balanced,237,0.479475,delta_gl_balanced,delta_parallel,gl,balanced,2,2,1.00079003971308,4.60954942300846e-16,1.17329323026259e-06,1,1,1,adequate_smallest_model
1,D-GL-bal,Delta GL balanced,238,0.481475,delta_gl_balanced,delta_parallel,gl,balanced,2,2,1.0248002933246,6.56933629283948e-16,3.17466756492815e-07,1,1,1,adequate_smallest_model
1,D-GL-bal,Delta GL balanced,239,0.483475,delta_gl_balanced,delta_parallel,gl,balanced,2,2,1.02161462039077,4.44262639180868e-16,2.12062115930317e-06,1,1,1,adequate_smallest_model
1,D-GL-bal,Delta GL balanced,240,0.485475,delta_gl_balanced,delta_parallel,gl,balanced,2,2,1.01465392893374,6.72426994462339e-16,8.46864440799662e-07,1,1,1,adequate_smallest_model
1,D-GL-bal,Delta GL balanced,241,0.487475,delta_gl_balanced,delta_parallel,gl,balanced,2,2,1.03129890427276,4.69983568427296e-16,3.11713202202126e-06,1,1,1,adequate_smallest_model
1,D-GL-bal,Delta GL balanced,242,0.489475,delta_gl_balanced,delta_parallel,gl,balanced,2,2,1.00079003971308,5.11182936177447e-16,1.17329323005592e-06,1,1,1,adequate_smallest_model
1,D-GL-bal,Delta GL balanced,243,0.491475,delta_gl_balanced,delta_parallel,gl,balanced,2,2,1.0248002933246,4.34345163454878e-16,3.17466756446649e-07,1,1,1,adequate_smallest_model
1,D-GL-bal,Delta GL balanced,244,0.493475,delta_gl_balanced,delta_parallel,gl,balanced,2,2,1.02161462039077,3.919896274649e-16,2.12062115954553e-06,1,1,1,adequate_smallest_model
1,D-GL-bal,Delta GL balanced,245,0.495475,delta_gl_balanced,delta_parallel,gl,balanced,2,2,1.01465392893374,8.39656526975355e-16,8.46864440551286e-07,1,1,1,adequate_smallest_model
1,D-GL-bal,Delta GL balanced,246,0.497475,delta_gl_balanced,delta_parallel,gl,balanced,2,2,1.03129890427276,9.8792131974961e-16,3.11713202267394e-06,1,1,1,adequate_smallest_model
1,D-GL-bal,Delta GL balanced,247,0.499475,delta_gl_balanced,delta_parallel,gl,balanced,2,2,1.00079003971308,4.49369876081068e-16,1.17329322996407e-06,1,1,1,adequate_smallest_model
1,D-GL-bal,Delta GL balanced,248,0.501475,delta_gl_balanced,delta_parallel,gl,balanced,2,2,1.0248002933246,8.38414033284376e-16,3.17466755200156e-07,1,1,1,adequate_smallest_model
1,D-GL-bal,Delta GL balanced,249,0.503475,delta_gl_balanced,delta_parallel,gl,balanced,2,2,1.02161462039077,5.4807126650499e-16,2.12062115813545e-06,1,1,1,adequate_smallest_model
1,D-GL-bal,Delta GL balanced,250,0.505475,delta_gl_balanced,delta_parallel,gl,balanced,2,2,1.01465392893374,6.23775552632849e-16,8.46864441382805e-07,1,1,1,adequate_smallest_model
1,D-GL-bal,Delta GL balanced,251,0.507475,delta_gl_balanced,delta_parallel,gl,balanced,2,2,1.03129890427276,5.51036185063524e-16,3.11713202281535e-06,1,1,1,adequate_smallest_model
1,D-GL-bal,Delta GL balanced,252,0.509475,delta_gl_balanced,delta_parallel,gl,balanced,2,2,1.00079003971308,7.62105753079928e-16,1.17329322929814e-06,1,1,1,adequate_smallest_model
1,D-GL-bal,Delta GL balanced,253,0.511475,delta_gl_balanced,delta_parallel,gl,balanced,2,2,1.0248002933246,1.10039485470137e-15,3.17466755073198e-07,1,1,1,adequate_smallest_model
1,D-GL-bal,Delta GL balanced,254,0.513475,delta_gl_balanced,delta_parallel,gl,balanced,2,2,1.02161462039077,5.96315265368281e-16,2.12062115877439e-06,1,1,1,adequate_smallest_model
1,D-GL-bal,Delta GL balanced,255,0.515475,delta_gl_balanced,delta_parallel,gl,balanced,2,2,1.01465392893374,5.27726271143281e-16,8.4686444122082e-07,1,1,1,adequate_smallest_model
1,D-GL-bal,Delta GL balanced,256,0.517475,delta_gl_balanced,delta_parallel,gl,balanced,2,2,1.03129890427276,6.93165255895805e-16,3.11713202252164e-06,1,1,1,adequate_smallest_model
1,D-GL-bal,Delta GL balanced,257,0.519475,delta_gl_balanced,delta_parallel,gl,balanced,2,2,1.00079003971308,6.37948710025255e-16,1.1732932298837e-06,1,1,1,adequate_smallest_model
1,D-GL-bal,Delta GL balanced,258,0.521475,delta_gl_balanced,delta_parallel,gl,balanced,2,2,1.0248002933246,7.27120550888273e-16,3.17466757116061e-07,1,1,1,adequate_smallest_model
1,D-GL-bal,Delta GL balanced,259,0.523475,delta_gl_balanced,delta_parallel,gl,balanced,2,2,1.02161462039077,3.80996797814622e-16,2.12062115951247e-06,1,1,1,adequate_smallest_model
1,D-GL-bal,Delta GL balanced,260,0.525475,delta_gl_balanced,delta_parallel,gl,balanced,2,2,1.01465392893374,8.31103374273546e-16,8.46864441145226e-07,1,1,1,adequate_smallest_model
1,D-GL-bal,Delta GL balanced,261,0.527475,delta_gl_balanced,delta_parallel,gl,balanced,2,2,1.03129890427276,5.80834593679751e-16,3.11713202194511e-06,1,1,1,adequate_smallest_model
1,D-GL-bal,Delta GL balanced,262,0.529475,delta_gl_balanced,delta_parallel,gl,balanced,2,2,1.00079003971309,4.97445724664323e-16,1.17329323076778e-06,1,1,1,adequate_smallest_model
1,D-GL-bal,Delta GL balanced,263,0.531475,delta_gl_balanced,delta_parallel,gl,balanced,2,2,1.0248002933246,1.08553598228601e-15,3.1746675588111e-07,1,1,1,adequate_smallest_model
1,D-GL-bal,Delta GL balanced,264,0.533475,delta_gl_balanced,delta_parallel,gl,balanced,2,2,1.02161462039077,5.54029074036925e-16,2.12062115955654e-06,1,1,1,adequate_smallest_model
1,D-GL-bal,Delta GL balanced,265,0.535475,delta_gl_balanced,delta_parallel,gl,balanced,2,2,1.01465392893374,4.52375545974437e-16,8.46864440097727e-07,1,1,1,adequate_smallest_model
1,D-GL-bal,Delta GL balanced,266,0.537475,delta_gl_balanced,delta_parallel,gl,balanced,2,2,1.03129890427276,8.33584271242441e-16,3.11713202197775e-06,1,1,1,adequate_smallest_model
1,D-GL-bal,Delta GL balanced,267,0.539475,delta_gl_balanced,delta_parallel,gl,balanced,2,2,1.00079003971309,4.60928151161809e-16,1.17329323153704e-06,1,1,1,adequate_smallest_model
1,D-GL-bal,Delta GL balanced,268,0.541475,delta_gl_balanced,delta_parallel,gl,balanced,2,2,1.0248002933246,7.93666716065946e-16,3.1746675783164e-07,1,1,1,adequate_smallest_model
1,D-GL-bal,Delta GL balanced,269,0.543475,delta_gl_balanced,delta_parallel,gl,balanced,2,2,1.02161462039077,4.37641672222808e-16,2.12062116052597e-06,1,1,1,adequate_smallest_model
1,D-GL-bal,Delta GL balanced,270,0.545475,delta_gl_balanced,delta_parallel,gl,balanced,2,2,1.01465392893374,7.29925520866039e-16,8.46864439633373e-07,1,1,1,adequate_smallest_model
1,D-GL-bal,Delta GL balanced,271,0.547475,delta_gl_balanced,delta_parallel,gl,balanced,2,2,1.03129890427276,7.9056594366194e-16,3.11713202132507e-06,1,1,1,adequate_smallest_model
1,D-GL-bal,Delta GL balanced,272,0.549475,delta_gl_balanced,delta_parallel,gl,balanced,2,2,1.00079003971309,6.62374945194137e-16,1.17329323167483e-06,1,1,1,adequate_smallest_model
1,D-GL-bal,Delta GL balanced,273,0.551475,delta_gl_balanced,delta_parallel,gl,balanced,2,2,1.0248002933246,9.06861875165854e-16,3.17466757069898e-07,1,1,1,adequate_smallest_model
1,D-GL-bal,Delta GL balanced,274,0.553475,delta_gl_balanced,delta_parallel,gl,balanced,2,2,1.02161462039077,5.68740458813007e-16,2.12062116051497e-06,1,1,1,adequate_smallest_model
1,D-GL-bal,Delta GL balanced,275,0.555475,delta_gl_balanced,delta_parallel,gl,balanced,2,2,1.01465392893374,6.42434601513647e-16,8.46864439633381e-07,1,1,1,adequate_smallest_model
1,D-GL-bal,Delta GL balanced,276,0.557475,delta_gl_balanced,delta_parallel,gl,balanced,2,2,1.03129890427276,6.09836767667061e-16,3.11713202141212e-06,1,1,1,adequate_smallest_model
1,D-GL-bal,Delta GL balanced,277,0.559475,delta_gl_balanced,delta_parallel,gl,balanced,2,2,1.00079003971309,4.65354357477605e-16,1.17329323182409e-06,1,1,1,adequate_smallest_model
1,D-GL-bal,Delta GL balanced,278,0.561475,delta_gl_balanced,delta_parallel,gl,balanced,2,2,1.0248002933246,6.15836254273883e-16,3.17466757646978e-07,1,1,1,adequate_smallest_model
1,D-GL-bal,Delta GL balanced,279,0.563475,delta_gl_balanced,delta_parallel,gl,balanced,2,2,1.02161462039077,7.32531729139715e-16,2.12062116145135e-06,1,1,1,adequate_smallest_model
1,D-GL-bal,Delta GL balanced,280,0.565475,delta_gl_balanced,delta_parallel,gl,balanced,2,2,1.01465392893374,5.11001083191432e-16,8.46864439795366e-07,1,1,1,adequate_smallest_model
1,D-GL-bal,Delta GL balanced,281,0.567475,delta_gl_balanced,delta_parallel,gl,balanced,2,2,1.03129890427276,7.92569415616223e-16,3.11713202209744e-06,1,1,1,adequate_smallest_model
1,D-GL-bal,Delta GL balanced,282,0.569475,delta_gl_balanced,delta_parallel,gl,balanced,2,2,1.00079003971309,6.09436631088482e-16,1.17329323110075e-06,1,1,1,adequate_smallest_model
1,D-GL-bal,Delta GL balanced,283,0.571475,delta_gl_balanced,delta_parallel,gl,balanced,2,2,1.0248002933246,5.16351436666571e-16,3.17466756700564e-07,1,1,1,adequate_smallest_model
1,D-GL-bal,Delta GL balanced,284,0.573475,delta_gl_balanced,delta_parallel,gl,balanced,2,2,1.02161462039077,7.92267325689116e-16,2.12062116064716e-06,1,1,1,adequate_smallest_model
1,D-GL-bal,Delta GL balanced,285,0.575475,delta_gl_balanced,delta_parallel,gl,balanced,2,2,1.01465392893374,6.05414378743346e-16,8.4686443969817e-07,1,1,1,adequate_smallest_model
1,D-GL-bal,Delta GL balanced,286,0.577475,delta_gl_balanced,delta_parallel,gl,balanced,2,2,1.03129890427276,5.18283145297519e-16,3.11713202191249e-06,1,1,1,adequate_smallest_model
1,D-GL-bal,Delta GL balanced,287,0.579475,delta_gl_balanced,delta_parallel,gl,balanced,2,2,1.00079003971308,6.09375838393748e-16,1.17329323096297e-06,1,1,1,adequate_smallest_model
1,D-GL-bal,Delta GL balanced,288,0.581475,delta_gl_balanced,delta_parallel,gl,balanced,2,2,1.0248002933246,4.25919471085222e-16,3.17466756804439e-07,1,1,1,adequate_smallest_model
1,D-GL-bal,Delta GL balanced,289,0.583475,delta_gl_balanced,delta_parallel,gl,balanced,2,2,1.02161462039077,4.12796031235639e-16,2.12062115956757e-06,1,1,1,adequate_smallest_model
1,D-GL-bal,Delta GL balanced,290,0.585475,delta_gl_balanced,delta_parallel,gl,balanced,2,2,1.01465392893374,3.75511678164595e-16,8.46864440886056e-07,1,1,1,adequate_smallest_model
1,D-GL-bal,Delta GL balanced,291,0.587475,delta_gl_balanced,delta_parallel,gl,balanced,2,2,1.03129890427276,5.68179404526334e-16,3.11713202168405e-06,1,1,1,adequate_smallest_model
1,D-GL-bal,Delta GL balanced,292,0.589475,delta_gl_balanced,delta_parallel,gl,balanced,2,2,1.00079003971308,5.61096432257005e-16,1.17329322964259e-06,1,1,1,adequate_smallest_model
1,D-GL-bal,Delta GL balanced,293,0.591475,delta_gl_balanced,delta_parallel,gl,balanced,2,2,1.0248002933246,5.21988759089632e-16,3.17466755881111e-07,1,1,1,adequate_smallest_model
2,D-GL-unb,Delta GL unbalanced,1,0.007475,delta_gl_full_unbalanced,delta_parallel,gl,full_unbalanced,6,6,22.212298200998,8.63422560442683e-16,3.29198589951528e-06,1,1,1,adequate_smallest_model
2,D-GL-unb,Delta GL unbalanced,2,0.009475,delta_gl_full_unbalanced,delta_parallel,gl,full_unbalanced,6,6,24.7882835783749,4.36713894940713e-16,6.28962567640562e-07,1,1,1,adequate_smallest_model
2,D-GL-unb,Delta GL unbalanced,3,0.011475,delta_gl_full_unbalanced,delta_parallel,gl,full_unbalanced,6,6,25.6742158245813,3.71448743328493e-16,2.22331650335213e-06,1,1,1,adequate_smallest_model
2,D-GL-unb,Delta GL unbalanced,4,0.013475,delta_gl_full_unbalanced,delta_parallel,gl,full_unbalanced,6,6,24.0736908620199,5.32668902628198e-16,4.23203125596998e-06,1,1,1,adequate_smallest_model
2,D-GL-unb,Delta GL unbalanced,5,0.015475,delta_gl_full_unbalanced,delta_parallel,gl,full_unbalanced,6,6,22.5592263255391,7.80066977406971e-16,1.57638998806871e-06,1,1,1,adequate_smallest_model
2,D-GL-unb,Delta GL unbalanced,6,0.017475,delta_gl_full_unbalanced,delta_parallel,gl,full_unbalanced,6,6,22.212298200998,7.996646814006e-16,3.29198589939957e-06,1,1,1,adequate_smallest_model
2,D-GL-unb,Delta GL unbalanced,7,0.019475,delta_gl_full_unbalanced,delta_parallel,gl,full_unbalanced,6,6,24.7882835783749,6.61230904197239e-16,6.28962567077345e-07,1,1,1,adequate_smallest_model
2,D-GL-unb,Delta GL unbalanced,8,0.021475,delta_gl_full_unbalanced,delta_parallel,gl,full_unbalanced,6,6,25.6742158245814,8.25017635937007e-16,2.2233165038813e-06,1,1,1,adequate_smallest_model
2,D-GL-unb,Delta GL unbalanced,9,0.023475,delta_gl_full_unbalanced,delta_parallel,gl,full_unbalanced,6,6,24.0736908620199,6.29167790288283e-16,4.2320312561213e-06,1,1,1,adequate_smallest_model
2,D-GL-unb,Delta GL unbalanced,10,0.025475,delta_gl_full_unbalanced,delta_parallel,gl,full_unbalanced,6,6,22.5592263255391,8.324699870231e-16,1.5763899877247e-06,1,1,1,adequate_smallest_model
2,D-GL-unb,Delta GL unbalanced,11,0.027475,delta_gl_full_unbalanced,delta_parallel,gl,full_unbalanced,6,6,22.212298200998,6.70216516716956e-16,3.2919858989262e-06,1,1,1,adequate_smallest_model
2,D-GL-unb,Delta GL unbalanced,12,0.029475,delta_gl_full_unbalanced,delta_parallel,gl,full_unbalanced,6,6,24.7882835783748,7.88737453554037e-16,6.28962567066302e-07,1,1,1,adequate_smallest_model
2,D-GL-unb,Delta GL unbalanced,13,0.031475,delta_gl_full_unbalanced,delta_parallel,gl,full_unbalanced,6,6,25.6742158245814,6.3352703765337e-16,2.22331650337564e-06,1,1,1,adequate_smallest_model
2,D-GL-unb,Delta GL unbalanced,14,0.033475,delta_gl_full_unbalanced,delta_parallel,gl,full_unbalanced,6,6,24.0736908620199,5.26253509717302e-16,4.23203125553931e-06,1,1,1,adequate_smallest_model
2,D-GL-unb,Delta GL unbalanced,15,0.035475,delta_gl_full_unbalanced,delta_parallel,gl,full_unbalanced,6,6,22.5592263255391,6.47677483015186e-16,1.57638998835724e-06,1,1,1,adequate_smallest_model
2,D-GL-unb,Delta GL unbalanced,16,0.037475,delta_gl_full_unbalanced,delta_parallel,gl,full_unbalanced,6,6,22.212298200998,9.5049223442207e-16,3.29198589939957e-06,1,1,1,adequate_smallest_model
2,D-GL-unb,Delta GL unbalanced,17,0.039475,delta_gl_full_unbalanced,delta_parallel,gl,full_unbalanced,6,6,24.7882835783748,6.74279764930507e-16,6.28962567231954e-07,1,1,1,adequate_smallest_model
2,D-GL-unb,Delta GL unbalanced,18,0.041475,delta_gl_full_unbalanced,delta_parallel,gl,full_unbalanced,6,6,25.6742158245814,4.30309095745371e-16,2.22331650329333e-06,1,1,1,adequate_smallest_model
2,D-GL-unb,Delta GL unbalanced,19,0.043475,delta_gl_full_unbalanced,delta_parallel,gl,full_unbalanced,6,6,24.0736908620199,4.66648484876738e-16,4.23203125558587e-06,1,1,1,adequate_smallest_model
2,D-GL-unb,Delta GL unbalanced,20,0.045475,delta_gl_full_unbalanced,delta_parallel,gl,full_unbalanced,6,6,22.5592263255391,7.69128292810735e-16,1.57638998775799e-06,1,1,1,adequate_smallest_model
2,D-GL-unb,Delta GL unbalanced,21,0.047475,delta_gl_full_unbalanced,delta_parallel,gl,full_unbalanced,6,6,22.2122982009981,5.71219038155204e-16,3.29198589906295e-06,1,1,1,adequate_smallest_model
2,D-GL-unb,Delta GL unbalanced,22,0.049475,delta_gl_full_unbalanced,delta_parallel,gl,full_unbalanced,6,6,24.7882835783749,4.91687412767959e-16,6.28962567254041e-07,1,1,1,adequate_smallest_model
2,D-GL-unb,Delta GL unbalanced,23,0.051475,delta_gl_full_unbalanced,delta_parallel,gl,full_unbalanced,6,6,25.6742158245814,4.62845941122494e-16,2.22331650294054e-06,1,1,1,adequate_smallest_model
2,D-GL-unb,Delta GL unbalanced,24,0.053475,delta_gl_full_unbalanced,delta_parallel,gl,full_unbalanced,6,6,24.0736908620199,4.21685394609865e-16,4.23203125560915e-06,1,1,1,adequate_smallest_model
2,D-GL-unb,Delta GL unbalanced,25,0.055475,delta_gl_full_unbalanced,delta_parallel,gl,full_unbalanced,6,6,22.5592263255391,9.21562445175447e-16,1.57638998764701e-06,1,1,1,adequate_smallest_model
2,D-GL-unb,Delta GL unbalanced,26,0.057475,delta_gl_full_unbalanced,delta_parallel,gl,full_unbalanced,6,6,22.2122982009981,5.56629533191372e-16,3.29198589896828e-06,1,1,1,adequate_smallest_model
2,D-GL-unb,Delta GL unbalanced,27,0.059475,delta_gl_full_unbalanced,delta_parallel,gl,full_unbalanced,6,6,24.7882835783749,5.48844190811349e-16,6.28962567099432e-07,1,1,1,adequate_smallest_model
2,D-GL-unb,Delta GL unbalanced,28,0.061475,delta_gl_full_unbalanced,delta_parallel,gl,full_unbalanced,6,6,25.6742158245814,4.86481090052689e-16,2.22331650321101e-06,1,1,1,adequate_smallest_model
2,D-GL-unb,Delta GL unbalanced,29,0.063475,delta_gl_full_unbalanced,delta_parallel,gl,full_unbalanced,6,6,24.0736908620199,4.13821591601334e-16,4.23203125578375e-06,1,1,1,adequate_smallest_model
2,D-GL-unb,Delta GL unbalanced,30,0.065475,delta_gl_full_unbalanced,delta_parallel,gl,full_unbalanced,6,6,22.5592263255391,6.64432334814639e-16,1.57638998829065e-06,1,1,1,adequate_smallest_model
2,D-GL-unb,Delta GL unbalanced,31,0.067475,delta_gl_full_unbalanced,delta_parallel,gl,full_unbalanced,6,6,22.2122982009981,5.0974280850714e-16,3.29198589893672e-06,1,1,1,adequate_smallest_model
2,D-GL-unb,Delta GL unbalanced,32,0.069475,delta_gl_full_unbalanced,delta_parallel,gl,full_unbalanced,6,6,24.7882835783749,4.03749423001812e-16,6.28962567541171e-07,1,1,1,adequate_smallest_model
2,D-GL-unb,Delta GL unbalanced,33,0.071475,delta_gl_full_unbalanced,delta_parallel,gl,full_unbalanced,6,6,25.6742158245814,3.23041350011801e-16,2.2233165031287e-06,1,1,1,adequate_smallest_model
2,D-GL-unb,Delta GL unbalanced,34,0.073475,delta_gl_full_unbalanced,delta_parallel,gl,full_unbalanced,6,6,24.0736908620199,4.77078405761633e-16,4.23203125520176e-06,1,1,1,adequate_smallest_model
2,D-GL-unb,Delta GL unbalanced,35,0.075475,delta_gl_full_unbalanced,delta_parallel,gl,full_unbalanced,6,6,22.5592263255391,7.32418948039539e-16,1.57638998791335e-06,1,1,1,adequate_smallest_model
2,D-GL-unb,Delta GL unbalanced,36,0.077475,delta_gl_full_unbalanced,delta_parallel,gl,full_unbalanced,6,6,22.2122982009981,6.53863162324361e-16,3.29198589907347e-06,1,1,1,adequate_smallest_model
2,D-GL-unb,Delta GL unbalanced,37,0.079475,delta_gl_full_unbalanced,delta_parallel,gl,full_unbalanced,6,6,24.7882835783749,6.32453269284486e-16,6.2896256750804e-07,1,1,1,adequate_smallest_model
2,D-GL-unb,Delta GL unbalanced,38,0.081475,delta_gl_full_unbalanced,delta_parallel,gl,full_unbalanced,6,6,25.6742158245814,5.36877389323322e-16,2.22331650398713e-06,1,1,1,adequate_smallest_model
2,D-GL-unb,Delta GL unbalanced,39,0.083475,delta_gl_full_unbalanced,delta_parallel,gl,full_unbalanced,6,6,24.0736908620199,5.64859996698223e-16,4.23203125590014e-06,1,1,1,adequate_smallest_model
2,D-GL-unb,Delta GL unbalanced,40,0.085475,delta_gl_full_unbalanced,delta_parallel,gl,full_unbalanced,6,6,22.5592263255391,7.91968411090965e-16,1.57638998801322e-06,1,1,1,adequate_smallest_model
2,D-GL-unb,Delta GL unbalanced,41,0.087475,delta_gl_full_unbalanced,delta_parallel,gl,full_unbalanced,6,6,22.2122982009981,5.87225242208751e-16,3.29198589906295e-06,1,1,1,adequate_smallest_model
2,D-GL-unb,Delta GL unbalanced,42,0.089475,delta_gl_full_unbalanced,delta_parallel,gl,full_unbalanced,6,6,24.7882835783749,4.40988438556305e-16,6.28962567309258e-07,1,1,1,adequate_smallest_model
2,D-GL-unb,Delta GL unbalanced,43,0.091475,delta_gl_full_unbalanced,delta_parallel,gl,full_unbalanced,6,6,25.6742158245814,5.23723497523282e-16,2.22331650325805e-06,1,1,1,adequate_smallest_model
2,D-GL-unb,Delta GL unbalanced,44,0.093475,delta_gl_full_unbalanced,delta_parallel,gl,full_unbalanced,6,6,24.0736908620199,4.95759416293442e-16,4.23203125570227e-06,1,1,1,adequate_smallest_model
2,D-GL-unb,Delta GL unbalanced,45,0.095475,delta_gl_full_unbalanced,delta_parallel,gl,full_unbalanced,6,6,22.5592263255391,9.36475626712595e-16,1.57638998750275e-06,1,1,1,adequate_smallest_model
2,D-GL-unb,Delta GL unbalanced,46,0.097475,delta_gl_full_unbalanced,delta_parallel,gl,full_unbalanced,6,6,22.2122982009981,7.90902131658905e-16,3.2919858994732e-06,1,1,1,adequate_smallest_model
2,D-GL-unb,Delta GL unbalanced,47,0.099475,delta_gl_full_unbalanced,delta_parallel,gl,full_unbalanced,6,6,24.7882835783749,6.88630002980933e-16,6.28962567198823e-07,1,1,1,adequate_smallest_model
2,D-GL-unb,Delta GL unbalanced,48,0.101475,delta_gl_full_unbalanced,delta_parallel,gl,full_unbalanced,6,6,25.6742158245814,7.80616954016697e-16,2.22331650399889e-06,1,1,1,adequate_smallest_model
2,D-GL-unb,Delta GL unbalanced,49,0.103475,delta_gl_full_unbalanced,delta_parallel,gl,full_unbalanced,6,6,24.0736908620199,5.3355253785821e-16,4.23203125558587e-06,1,1,1,adequate_smallest_model
2,D-GL-unb,Delta GL unbalanced,50,0.105475,delta_gl_full_unbalanced,delta_parallel,gl,full_unbalanced,6,6,22.5592263255391,9.08687526073758e-16,1.57638998766921e-06,1,1,1,adequate_smallest_model
2,D-GL-unb,Delta GL unbalanced,51,0.107475,delta_gl_full_unbalanced,delta_parallel,gl,full_unbalanced,6,6,22.2122982009981,7.73092365981334e-16,3.29198589949424e-06,1,1,1,adequate_smallest_model
2,D-GL-unb,Delta GL unbalanced,52,0.109475,delta_gl_full_unbalanced,delta_parallel,gl,full_unbalanced,6,6,24.788283578375,7.26637151473141e-16,6.28962567088388e-07,1,1,1,adequate_smallest_model
2,D-GL-unb,Delta GL unbalanced,53,0.111475,delta_gl_full_unbalanced,delta_parallel,gl,full_unbalanced,6,6,25.6742158245814,6.64660966697622e-16,2.22331650334036e-06,1,1,1,adequate_smallest_model
2,D-GL-unb,Delta GL unbalanced,54,0.113475,delta_gl_full_unbalanced,delta_parallel,gl,full_unbalanced,6,6,24.0736908620199,6.01774896516846e-16,4.2320312559467e-06,1,1,1,adequate_smallest_model
2,D-GL-unb,Delta GL unbalanced,55,0.115475,delta_gl_full_unbalanced,delta_parallel,gl,full_unbalanced,6,6,22.5592263255391,6.76574001700503e-16,1.57638998807981e-06,1,1,1,adequate_smallest_model
2,D-GL-unb,Delta GL unbalanced,56,0.117475,delta_gl_full_unbalanced,delta_parallel,gl,full_unbalanced,6,6,22.2122982009981,6.57094757083422e-16,3.29198589882101e-06,1,1,1,adequate_smallest_model
2,D-GL-unb,Delta GL unbalanced,57,0.119475,delta_gl_full_unbalanced,delta_parallel,gl,full_unbalanced,6,6,24.7882835783748,6.85301473189394e-16,6.28962567651605e-07,1,1,1,adequate_smallest_model
2,D-GL-unb,Delta GL unbalanced,58,0.121475,delta_gl_full_unbalanced,delta_parallel,gl,full_unbalanced,6,6,25.6742158245814,6.20067999479079e-16,2.22331650298758e-06,1,1,1,adequate_smallest_model
2,D-GL-unb,Delta GL unbalanced,59,0.123475,delta_gl_full_unbalanced,delta_parallel,gl,full_unbalanced,6,6,24.0736908620199,5.47768422979915e-16,4.23203125530651e-06,1,1,1,adequate_smallest_model
2,D-GL-unb,Delta GL unbalanced,60,0.125475,delta_gl_full_unbalanced,delta_parallel,gl,full_unbalanced,6,6,22.559226325539,3.650115692307e-16,1.5763899888788e-06,1,1,1,adequate_smallest_model
2,D-GL-unb,Delta GL unbalanced,61,0.127475,delta_gl_full_unbalanced,delta_parallel,gl,full_unbalanced,6,6,22.212298200998,4.93068878622867e-16,3.29198589892621e-06,1,1,1,adequate_smallest_model
2,D-GL-unb,Delta GL unbalanced,62,0.129475,delta_gl_full_unbalanced,delta_parallel,gl,full_unbalanced,6,6,24.7882835783749,6.39434971805871e-16,6.28962566856476e-07,1,1,1,adequate_smallest_model
2,D-GL-unb,Delta GL unbalanced,63,0.131475,delta_gl_full_unbalanced,delta_parallel,gl,full_unbalanced,6,6,25.6742158245814,5.8916355686053e-16,2.22331650366963e-06,1,1,1,adequate_smallest_model
2,D-GL-unb,Delta GL unbalanced,64,0.133475,delta_gl_full_unbalanced,delta_parallel,gl,full_unbalanced,6,6,24.0736908620199,4.57608367713781e-16,4.23203125572555e-06,1,1,1,adequate_smallest_model
2,D-GL-unb,Delta GL unbalanced,65,0.135475,delta_gl_full_unbalanced,delta_parallel,gl,full_unbalanced,6,6,22.559226325539,8.1770437902998e-16,1.57638998797993e-06,1,1,1,adequate_smallest_model
2,D-GL-unb,Delta GL unbalanced,66,0.137475,delta_gl_full_unbalanced,delta_parallel,gl,full_unbalanced,6,6,22.2122982009981,8.00278686429272e-16,3.29198589944165e-06,1,1,1,adequate_smallest_model
2,D-GL-unb,Delta GL unbalanced,67,0.139475,delta_gl_full_unbalanced,delta_parallel,gl,full_unbalanced,6,6,24.788283578375,5.33460446776844e-16,6.28962567519084e-07,1,1,1,adequate_smallest_model
2,D-GL-unb,Delta GL unbalanced,68,0.141475,delta_gl_full_unbalanced,delta_parallel,gl,full_unbalanced,6,6,25.6742158245814,4.02083042236612e-16,2.22331650326981e-06,1,1,1,adequate_smallest_model
2,D-GL-unb,Delta GL unbalanced,69,0.143475,delta_gl_full_unbalanced,delta_parallel,gl,full_unbalanced,6,6,24.0736908620199,4.6025555466469e-16,4.23203125546947e-06,1,1,1,adequate_smallest_model
2,D-GL-unb,Delta GL unbalanced,70,0.145475,delta_gl_full_unbalanced,delta_parallel,gl,full_unbalanced,6,6,22.559226325539,5.84408926340097e-16,1.57638998926721e-06,1,1,1,adequate_smallest_model
2,D-GL-unb,Delta GL unbalanced,71,0.147475,delta_gl_full_unbalanced,delta_parallel,gl,full_unbalanced,6,6,22.2122982009981,5.59837482174002e-16,3.29198589904192e-06,1,1,1,adequate_smallest_model
2,D-GL-unb,Delta GL unbalanced,72,0.149475,delta_gl_full_unbalanced,delta_parallel,gl,full_unbalanced,6,6,24.7882835783749,4.81582778357663e-16,6.28962567397605e-07,1,1,1,adequate_smallest_model
2,D-GL-unb,Delta GL unbalanced,73,0.151475,delta_gl_full_unbalanced,delta_parallel,gl,full_unbalanced,6,6,25.6742158245814,4.6758237648978e-16,2.22331650323453e-06,1,1,1,adequate_smallest_model
2,D-GL-unb,Delta GL unbalanced,74,0.153475,delta_gl_full_unbalanced,delta_parallel,gl,full_unbalanced,6,6,24.0736908620199,4.76688476472324e-16,4.23203125566734e-06,1,1,1,adequate_smallest_model
2,D-GL-unb,Delta GL unbalanced,75,0.155475,delta_gl_full_unbalanced,delta_parallel,gl,full_unbalanced,6,6,22.5592263255391,7.14631145970784e-16,1.5763899885015e-06,1,1,1,adequate_smallest_model
2,D-GL-unb,Delta GL unbalanced,76,0.157475,delta_gl_full_unbalanced,delta_parallel,gl,full_unbalanced,6,6,22.2122982009981,1.5328643583789e-15,3.29198589943112e-06,1,1,1,adequate_smallest_model
2,D-GL-unb,Delta GL unbalanced,77,0.159475,delta_gl_full_unbalanced,delta_parallel,gl,full_unbalanced,6,6,24.7882835783748,1.53486321830533e-15,6.28962567342388e-07,1,1,1,adequate_smallest_model
2,D-GL-unb,Delta GL unbalanced,78,0.161475,delta_gl_full_unbalanced,delta_parallel,gl,full_unbalanced,6,6,25.6742158245814,1.40565237344349e-15,2.22331650314046e-06,1,1,1,adequate_smallest_model
2,D-GL-unb,Delta GL unbalanced,79,0.163475,delta_gl_full_unbalanced,delta_parallel,gl,full_unbalanced,6,6,24.0736908620198,1.13898731468154e-15,4.23203125565571e-06,1,1,1,adequate_smallest_model
2,D-GL-unb,Delta GL unbalanced,80,0.165475,delta_gl_full_unbalanced,delta_parallel,gl,full_unbalanced,6,6,22.5592263255389,1.51960155628647e-15,1.57638998869016e-06,1,1,1,adequate_smallest_model
2,D-GL-unb,Delta GL unbalanced,81,0.167475,delta_gl_full_unbalanced,delta_parallel,gl,full_unbalanced,6,6,22.212298200998,1.43964665100463e-15,3.29198589883153e-06,1,1,1,adequate_smallest_model
2,D-GL-unb,Delta GL unbalanced,82,0.169475,delta_gl_full_unbalanced,delta_parallel,gl,full_unbalanced,6,6,24.7882835783747,9.8249399904353e-16,6.28962567386562e-07,1,1,1,adequate_smallest_model
2,D-GL-unb,Delta GL unbalanced,83,0.171475,delta_gl_full_unbalanced,delta_parallel,gl,full_unbalanced,6,6,25.6742158245812,8.68801565226712e-16,2.22331650249369e-06,1,1,1,adequate_smallest_model
2,D-GL-unb,Delta GL unbalanced,84,0.173475,delta_gl_full_unbalanced,delta_parallel,gl,full_unbalanced,6,6,24.0736908620197,3.8640149166984e-16,4.23203125579539e-06,1,1,1,adequate_smallest_model
2,D-GL-unb,Delta GL unbalanced,85,0.175475,delta_gl_full_unbalanced,delta_parallel,gl,full_unbalanced,6,6,22.5592263255388,7.60565190061296e-16,1.57638998800213e-06,1,1,1,adequate_smallest_model
2,D-GL-unb,Delta GL unbalanced,86,0.177475,delta_gl_full_unbalanced,delta_parallel,gl,full_unbalanced,6,6,22.2122982009978,4.44522542432194e-16,3.2919858987579e-06,1,1,1,adequate_smallest_model
2,D-GL-unb,Delta GL unbalanced,87,0.179475,delta_gl_full_unbalanced,delta_parallel,gl,full_unbalanced,6,6,24.7882835783747,4.46292699884718e-16,6.28962567563257e-07,1,1,1,adequate_smallest_model
2,D-GL-unb,Delta GL unbalanced,88,0.181475,delta_gl_full_unbalanced,delta_parallel,gl,full_unbalanced,6,6,25.6742158245812,7.58977313334141e-16,2.22331650372842e-06,1,1,1,adequate_smallest_model
2,D-GL-unb,Delta GL unbalanced,89,0.183475,delta_gl_full_unbalanced,delta_parallel,gl,full_unbalanced,6,6,24.0736908620197,4.72036726088672e-16,4.23203125598162e-06,1,1,1,adequate_smallest_model
2,D-GL-unb,Delta GL unbalanced,90,0.185475,delta_gl_full_unbalanced,delta_parallel,gl,full_unbalanced,6,6,22.5592263255388,4.32041254029034e-16,1.57638998874564e-06,1,1,1,adequate_smallest_model
2,D-GL-unb,Delta GL unbalanced,91,0.187475,delta_gl_full_unbalanced,delta_parallel,gl,full_unbalanced,6,6,22.2122982009979,4.76756348821978e-16,3.29198589889464e-06,1,1,1,adequate_smallest_model
2,D-GL-unb,Delta GL unbalanced,92,0.189475,delta_gl_full_unbalanced,delta_parallel,gl,full_unbalanced,6,6,24.7882835783748,4.43923627386742e-16,6.28962567386562e-07,1,1,1,adequate_smallest_model
2,D-GL-unb,Delta GL unbalanced,93,0.191475,delta_gl_full_unbalanced,delta_parallel,gl,full_unbalanced,6,6,25.6742158245812,5.55685288341289e-16,2.22331650351676e-06,1,1,1,adequate_smallest_model
2,D-GL-unb,Delta GL unbalanced,94,0.193475,delta_gl_full_unbalanced,delta_parallel,gl,full_unbalanced,6,6,24.0736908620197,3.24190382624513e-16,4.23203125601654e-06,1,1,1,adequate_smallest_model
2,D-GL-unb,Delta GL unbalanced,95,0.195475,delta_gl_full_unbalanced,delta_parallel,gl,full_unbalanced,6,6,22.5592263255388,1.12416560856187e-15,1.57638998788006e-06,1,1,1,adequate_smallest_model
2,D-GL-unb,Delta GL unbalanced,96,0.197475,delta_gl_full_unbalanced,delta_parallel,gl,full_unbalanced,6,6,22.2122982009979,7.41306627476162e-16,3.29198589934697e-06,1,1,1,adequate_smallest_model
2,D-GL-unb,Delta GL unbalanced,97,0.199475,delta_gl_full_unbalanced,delta_parallel,gl,full_unbalanced,6,6,24.7882835783747,5.41289013822334e-16,6.28962567276128e-07,1,1,1,adequate_smallest_model
2,D-GL-unb,Delta GL unbalanced,98,0.201475,delta_gl_full_unbalanced,delta_parallel,gl,full_unbalanced,6,6,25.6742158245811,3.75896582700008e-16,2.2233165030699e-06,1,1,1,adequate_smallest_model
2,D-GL-unb,Delta GL unbalanced,99,0.203475,delta_gl_full_unbalanced,delta_parallel,gl,full_unbalanced,6,6,24.0736908620196,4.77597816264692e-16,4.23203125556259e-06,1,1,1,adequate_smallest_model
2,D-GL-unb,Delta GL unbalanced,100,0.205475,delta_gl_full_unbalanced,delta_parallel,gl,full_unbalanced,6,6,22.5592263255387,1.56715642559753e-15,1.57638998882332e-06,1,1,1,adequate_smallest_model
2,D-GL-unb,Delta GL unbalanced,101,0.207475,delta_gl_full_unbalanced,delta_parallel,gl,full_unbalanced,6,6,22.2122982009977,1.30838346573464e-15,3.29198589885258e-06,1,1,1,adequate_smallest_model
2,D-GL-unb,Delta GL unbalanced,102,0.209475,delta_gl_full_unbalanced,delta_parallel,gl,full_unbalanced,6,6,24.7882835783746,1.85711657428984e-15,6.28962566613523e-07,1,1,1,adequate_smallest_model
2,D-GL-unb,Delta GL unbalanced,103,0.211475,delta_gl_full_unbalanced,delta_parallel,gl,full_unbalanced,6,6,25.674215824581,3.46887447876067e-15,2.22331650417529e-06,1,1,1,adequate_smallest_model
2,D-GL-unb,Delta GL unbalanced,104,0.213475,delta_gl_full_unbalanced,delta_parallel,gl,full_unbalanced,6,6,24.0736908620196,2.61270072190128e-15,4.23203125505045e-06,1,1,1,adequate_smallest_model
2,D-GL-unb,Delta GL unbalanced,105,0.215475,delta_gl_full_unbalanced,delta_parallel,gl,full_unbalanced,6,6,22.5592263255387,1.00741832858886e-15,1.57638998921173e-06,1,1,1,adequate_smallest_model
2,D-GL-unb,Delta GL unbalanced,106,0.217475,delta_gl_full_unbalanced,delta_parallel,gl,full_unbalanced,6,6,22.2122982009977,6.63880769345417e-16,3.29198589862116e-06,1,1,1,adequate_smallest_model
2,D-GL-unb,Delta GL unbalanced,107,0.219475,delta_gl_full_unbalanced,delta_parallel,gl,full_unbalanced,6,6,24.7882835783746,9.91457386500296e-16,6.2896256660248e-07,1,1,1,adequate_smallest_model
2,D-GL-unb,Delta GL unbalanced,108,0.221475,delta_gl_full_unbalanced,delta_parallel,gl,full_unbalanced,6,6,25.6742158245811,8.41144269032382e-16,2.22331650408122e-06,1,1,1,adequate_smallest_model
2,D-GL-unb,Delta GL unbalanced,109,0.223475,delta_gl_full_unbalanced,delta_parallel,gl,full_unbalanced,6,6,24.0736908620196,6.05430639217126e-16,4.23203125563245e-06,1,1,1,adequate_smallest_model
2,D-GL-unb,Delta GL unbalanced,110,0.225475,delta_gl_full_unbalanced,delta_parallel,gl,full_unbalanced,6,6,22.5592263255388,6.39547280627608e-16,1.57638998821298e-06,1,1,1,adequate_smallest_model
2,D-GL-unb,Delta GL unbalanced,111,0.227475,delta_gl_full_unbalanced,delta_parallel,gl,full_unbalanced,6,6,22.2122982009977,7.24764220800151e-16,3.29198589926284e-06,1,1,1,adequate_smallest_model
2,D-GL-unb,Delta GL unbalanced,112,0.229475,delta_gl_full_unbalanced,delta_parallel,gl,full_unbalanced,6,6,24.7882835783746,7.6506313273418e-16,6.28962566746046e-07,1,1,1,adequate_smallest_model
2,D-GL-unb,Delta GL unbalanced,113,0.231475,delta_gl_full_unbalanced,delta_parallel,gl,full_unbalanced,6,6,25.6742158245811,7.20964050685455e-16,2.22331650281121e-06,1,1,1,adequate_smallest_model
2,D-GL-unb,Delta GL unbalanced,114,0.233475,delta_gl_full_unbalanced,delta_parallel,gl,full_unbalanced,6,6,24.0736908620196,3.28180919134734e-16,4.2320312557372e-06,1,1,1,adequate_smallest_model
2,D-GL-unb,Delta GL unbalanced,115,0.235475,delta_gl_full_unbalanced,delta_parallel,gl,full_unbalanced,6,6,22.5592263255388,8.68721218736682e-16,1.57638998789116e-06,1,1,1,adequate_smallest_model
2,D-GL-unb,Delta GL unbalanced,116,0.237475,delta_gl_full_unbalanced,delta_parallel,gl,full_unbalanced,6,6,22.2122982009977,7.86854977480126e-16,3.29198589950478e-06,1,1,1,adequate_smallest_model
2,D-GL-unb,Delta GL unbalanced,117,0.239475,delta_gl_full_unbalanced,delta_parallel,gl,full_unbalanced,6,6,24.7882835783746,6.35464801798439e-16,6.28962567684741e-07,1,1,1,adequate_smallest_model
2,D-GL-unb,Delta GL unbalanced,118,0.241475,delta_gl_full_unbalanced,delta_parallel,gl,full_unbalanced,6,6,25.6742158245811,7.06391201979989e-16,2.22331650397539e-06,1,1,1,adequate_smallest_model
2,D-GL-unb,Delta GL unbalanced,119,0.243475,delta_gl_full_unbalanced,delta_parallel,gl,full_unbalanced,6,6,24.0736908620196,4.53171145395683e-16,4.23203125536472e-06,1,1,1,adequate_smallest_model
2,D-GL-unb,Delta GL unbalanced,120,0.245475,delta_gl_full_unbalanced,delta_parallel,gl,full_unbalanced,6,6,22.5592263255388,5.98062241017729e-16,1.57638998897869e-06,1,1,1,adequate_smallest_model
2,D-GL-unb,Delta GL unbalanced,121,0.247475,delta_gl_full_unbalanced,delta_parallel,gl,full_unbalanced,6,6,22.2122982009977,6.77022153624964e-16,3.2919858992418e-06,1,1,1,adequate_smallest_model
2,D-GL-unb,Delta GL unbalanced,122,0.249475,delta_gl_full_unbalanced,delta_parallel,gl,full_unbalanced,6,6,24.7882835783746,4.85325200393133e-16,6.2896256765161e-07,1,1,1,adequate_smallest_model
2,D-GL-unb,Delta GL unbalanced,123,0.251475,delta_gl_full_unbalanced,delta_parallel,gl,full_unbalanced,6,6,25.6742158245811,6.83673786659304e-16,2.22331650342269e-06,1,1,1,adequate_smallest_model
2,D-GL-unb,Delta GL unbalanced,124,0.253475,delta_gl_full_unbalanced,delta_parallel,gl,full_unbalanced,6,6,24.0736908620197,6.79013153773672e-16,4.23203125500388e-06,1,1,1,adequate_smallest_model
2,D-GL-unb,Delta GL unbalanced,125,0.255475,delta_gl_full_unbalanced,delta_parallel,gl,full_unbalanced,6,6,22.5592263255388,3.3600305883368e-16,1.57638998872345e-06,1,1,1,adequate_smallest_model
2,D-GL-unb,Delta GL unbalanced,126,0.257475,delta_gl_full_unbalanced,delta_parallel,gl,full_unbalanced,6,6,22.2122982009978,5.50269111824265e-16,3.29198589882103e-06,1,1,1,adequate_smallest_model
2,D-GL-unb,Delta GL unbalanced,127,0.259475,delta_gl_full_unbalanced,delta_parallel,gl,full_unbalanced,6,6,24.7882835783746,4.57202267380103e-16,6.28962567474914e-07,1,1,1,adequate_smallest_model
2,D-GL-unb,Delta GL unbalanced,128,0.261475,delta_gl_full_unbalanced,delta_parallel,gl,full_unbalanced,6,6,25.6742158245811,7.43913716423921e-16,2.2233165033639e-06,1,1,1,adequate_smallest_model
2,D-GL-unb,Delta GL unbalanced,129,0.263475,delta_gl_full_unbalanced,delta_parallel,gl,full_unbalanced,6,6,24.0736908620196,4.93503788220802e-16,4.23203125537636e-06,1,1,1,adequate_smallest_model
2,D-GL-unb,Delta GL unbalanced,130,0.265475,delta_gl_full_unbalanced,delta_parallel,gl,full_unbalanced,6,6,22.5592263255388,5.2932421028551e-16,1.57638998855699e-06,1,1,1,adequate_smallest_model
2,D-GL-unb,Delta GL unbalanced,131,0.267475,delta_gl_full_unbalanced,delta_parallel,gl,full_unbalanced,6,6,22.2122982009977,5.0565117474648e-16,3.2919858986422e-06,1,1,1,adequate_smallest_model
2,D-GL-unb,Delta GL unbalanced,132,0.269475,delta_gl_full_unbalanced,delta_parallel,gl,full_unbalanced,6,6,24.7882835783746,6.54481751713342e-16,6.28962567154655e-07,1,1,1,adequate_smallest_model
2,D-GL-unb,Delta GL unbalanced,133,0.271475,delta_gl_full_unbalanced,delta_parallel,gl,full_unbalanced,6,6,25.6742158245811,4.65639505026133e-16,2.22331650326983e-06,1,1,1,adequate_smallest_model
2,D-GL-unb,Delta GL unbalanced,134,0.273475,delta_gl_full_unbalanced,delta_parallel,gl,full_unbalanced,6,6,24.0736908620196,3.97752383705211e-16,4.23203125570229e-06,1,1,1,adequate_smallest_model
2,D-GL-unb,Delta GL unbalanced,135,0.275475,delta_gl_full_unbalanced,delta_parallel,gl,full_unbalanced,6,6,22.5592263255388,4.87690089822682e-16,1.57638998835725e-06,1,1,1,adequate_smallest_model
2,D-GL-unb,Delta GL unbalanced,136,0.277475,delta_gl_full_unbalanced,delta_parallel,gl,full_unbalanced,6,6,22.2122982009977,6.26970950000753e-16,3.29198589889467e-06,1,1,1,adequate_smallest_model
2,D-GL-unb,Delta GL unbalanced,137,0.279475,delta_gl_full_unbalanced,delta_parallel,gl,full_unbalanced,6,6,24.7882835783746,5.97305620170655e-16,6.28962567022134e-07,1,1,1,adequate_smallest_model
2,D-GL-unb,Delta GL unbalanced,138,0.281475,delta_gl_full_unbalanced,delta_parallel,gl,full_unbalanced,6,6,25.6742158245811,9.15392342787756e-16,2.22331650450457e-06,1,1,1,adequate_smallest_model
2,D-GL-unb,Delta GL unbalanced,139,0.283475,delta_gl_full_unbalanced,delta_parallel,gl,full_unbalanced,6,6,24.0736908620196,6.20077988253798e-16,4.23203125605149e-06,1,1,1,adequate_smallest_model
2,D-GL-unb,Delta GL unbalanced,140,0.285475,delta_gl_full_unbalanced,delta_parallel,gl,full_unbalanced,6,6,22.5592263255388,6.07201323381651e-16,1.57638998770251e-06,1,1,1,adequate_smallest_model
2,D-GL-unb,Delta GL unbalanced,141,0.287475,delta_gl_full_unbalanced,delta_parallel,gl,full_unbalanced,6,6,22.2122982009978,4.61420568362692e-16,3.29198589903142e-06,1,1,1,adequate_smallest_model
2,D-GL-unb,Delta GL unbalanced,142,0.289475,delta_gl_full_unbalanced,delta_parallel,gl,full_unbalanced,6,6,24.7882835783746,6.8930666271711e-16,6.28962567320305e-07,1,1,1,adequate_smallest_model
2,D-GL-unb,Delta GL unbalanced,143,0.291475,delta_gl_full_unbalanced,delta_parallel,gl,full_unbalanced,6,6,25.6742158245811,1.05523160662695e-15,2.22331650429289e-06,1,1,1,adequate_smallest_model
2,D-GL-unb,Delta GL unbalanced,144,0.293475,delta_gl_full_unbalanced,delta_parallel,gl,full_unbalanced,6,6,24.0736908620196,5.30967266881892e-16,4.23203125609803e-06,1,1,1,adequate_smallest_model
2,D-GL-unb,Delta GL unbalanced,145,0.295475,delta_gl_full_unbalanced,delta_parallel,gl,full_unbalanced,6,6,22.5592263255389,5.49323330364555e-16,1.57638998800213e-06,1,1,1,adequate_smallest_model
2,D-GL-unb,Delta GL unbalanced,146,0.297475,delta_gl_full_unbalanced,delta_parallel,gl,full_unbalanced,6,6,22.2122982009977,5.38805872658454e-16,3.29198589888414e-06,1,1,1,adequate_smallest_model
2,D-GL-unb,Delta GL unbalanced,147,0.299475,delta_gl_full_unbalanced,delta_parallel,gl,full_unbalanced,6,6,24.7882835783746,4.87925542023022e-16,6.28962567596392e-07,1,1,1,adequate_smallest_model
2,D-GL-unb,Delta GL unbalanced,148,0.301475,delta_gl_full_unbalanced,delta_parallel,gl,full_unbalanced,6,6,25.674215824581,7.0324706489334e-16,2.22331650426937e-06,1,1,1,adequate_smallest_model
2,D-GL-unb,Delta GL unbalanced,149,0.303475,delta_gl_full_unbalanced,delta_parallel,gl,full_unbalanced,6,6,24.0736908620196,4.72876369622441e-16,4.23203125528324e-06,1,1,1,adequate_smallest_model
2,D-GL-unb,Delta GL unbalanced,150,0.305475,delta_gl_full_unbalanced,delta_parallel,gl,full_unbalanced,6,6,22.5592263255388,5.67571415627751e-16,1.57638998784677e-06,1,1,1,adequate_smallest_model
2,D-GL-unb,Delta GL unbalanced,151,0.307475,delta_gl_full_unbalanced,delta_parallel,gl,full_unbalanced,6,6,22.2122982009977,4.98558827311341e-16,3.29198589887362e-06,1,1,1,adequate_smallest_model
2,D-GL-unb,Delta GL unbalanced,152,0.309475,delta_gl_full_unbalanced,delta_parallel,gl,full_unbalanced,6,6,24.7882835783746,5.17469565984218e-16,6.28962567927696e-07,1,1,1,adequate_smallest_model
2,D-GL-unb,Delta GL unbalanced,153,0.311475,delta_gl_full_unbalanced,delta_parallel,gl,full_unbalanced,6,6,25.6742158245811,6.82549428539298e-16,2.22331650415178e-06,1,1,1,adequate_smallest_model
2,D-GL-unb,Delta GL unbalanced,154,0.313475,delta_gl_full_unbalanced,delta_parallel,gl,full_unbalanced,6,6,24.0736908620196,4.11418077201888e-16,4.23203125535308e-06,1,1,1,adequate_smallest_model
2,D-GL-unb,Delta GL unbalanced,155,0.315475,delta_gl_full_unbalanced,delta_parallel,gl,full_unbalanced,6,6,22.5592263255388,4.07800631243019e-16,1.57638998799103e-06,1,1,1,adequate_smallest_model
2,D-GL-unb,Delta GL unbalanced,156,0.317475,delta_gl_full_unbalanced,delta_parallel,gl,full_unbalanced,6,6,22.2122982009978,6.67769123052334e-16,3.29198589980983e-06,1,1,1,adequate_smallest_model
2,D-GL-unb,Delta GL unbalanced,157,0.319475,delta_gl_full_unbalanced,delta_parallel,gl,full_unbalanced,6,6,24.7882835783746,4.85805256524639e-16,6.28962567817261e-07,1,1,1,adequate_smallest_model
2,D-GL-unb,Delta GL unbalanced,158,0.321475,delta_gl_full_unbalanced,delta_parallel,gl,full_unbalanced,6,6,25.6742158245811,5.61657783683956e-16,2.22331650396363e-06,1,1,1,adequate_smallest_model
2,D-GL-unb,Delta GL unbalanced,159,0.323475,delta_gl_full_unbalanced,delta_parallel,gl,full_unbalanced,6,6,24.0736908620196,5.67094125378933e-16,4.23203125621443e-06,1,1,1,adequate_smallest_model
2,D-GL-unb,Delta GL unbalanced,160,0.325475,delta_gl_full_unbalanced,delta_parallel,gl,full_unbalanced,6,6,22.5592263255388,7.79288635803963e-16,1.57638998779128e-06,1,1,1,adequate_smallest_model
2,D-GL-unb,Delta GL unbalanced,161,0.327475,delta_gl_full_unbalanced,delta_parallel,gl,full_unbalanced,6,6,22.2122982009977,5.15035192912611e-16,3.29198589894726e-06,1,1,1,adequate_smallest_model
2,D-GL-unb,Delta GL unbalanced,162,0.329475,delta_gl_full_unbalanced,delta_parallel,gl,full_unbalanced,6,6,24.7882835783746,5.32606659626061e-16,6.28962567276132e-07,1,1,1,adequate_smallest_model
2,D-GL-unb,Delta GL unbalanced,163,0.331475,delta_gl_full_unbalanced,delta_parallel,gl,full_unbalanced,6,6,25.6742158245811,4.52863298699722e-16,2.22331650315223e-06,1,1,1,adequate_smallest_model
2,D-GL-unb,Delta GL unbalanced,164,0.333475,delta_gl_full_unbalanced,delta_parallel,gl,full_unbalanced,6,6,24.0736908620196,4.15525614032605e-16,4.23203125583033e-06,1,1,1,adequate_smallest_model
2,D-GL-unb,Delta GL unbalanced,165,0.335475,delta_gl_full_unbalanced,delta_parallel,gl,full_unbalanced,6,6,22.5592263255389,7.90622693991286e-16,1.57638998912296e-06,1,1,1,adequate_smallest_model
2,D-GL-unb,Delta GL unbalanced,166,0.337475,delta_gl_full_unbalanced,delta_parallel,gl,full_unbalanced,6,6,22.2122982009978,6.29739478531886e-16,3.29198589918921e-06,1,1,1,adequate_smallest_model
2,D-GL-unb,Delta GL unbalanced,167,0.339475,delta_gl_full_unbalanced,delta_parallel,gl,full_unbalanced,6,6,24.7882835783747,3.13140218455074e-16,6.28962567651611e-07,1,1,1,adequate_smallest_model
2,D-GL-unb,Delta GL unbalanced,168,0.341475,delta_gl_full_unbalanced,delta_parallel,gl,full_unbalanced,6,6,25.6742158245811,6.69831447616195e-16,2.2233165033639e-06,1,1,1,adequate_smallest_model
2,D-GL-unb,Delta GL unbalanced,169,0.343475,delta_gl_full_unbalanced,delta_parallel,gl,full_unbalanced,6,6,24.0736908620196,4.40858025218536e-16,4.23203125571393e-06,1,1,1,adequate_smallest_model
2,D-GL-unb,Delta GL unbalanced,170,0.345475,delta_gl_full_unbalanced,delta_parallel,gl,full_unbalanced,6,6,22.5592263255388,5.41069623189944e-16,1.57638998862358e-06,1,1,1,adequate_smallest_model
2,D-GL-unb,Delta GL unbalanced,171,0.347475,delta_gl_full_unbalanced,delta_parallel,gl,full_unbalanced,6,6,22.2122982009977,7.1296337260434e-16,3.29198589926285e-06,1,1,1,adequate_smallest_model
2,D-GL-unb,Delta GL unbalanced,172,0.349475,delta_gl_full_unbalanced,delta_parallel,gl,full_unbalanced,6,6,24.7882835783746,7.89075134166133e-16,6.28962567055264e-07,1,1,1,adequate_smallest_model
2,D-GL-unb,Delta GL unbalanced,173,0.351475,delta_gl_full_unbalanced,delta_parallel,gl,full_unbalanced,6,6,25.674215824581,5.31076707996959e-16,2.2233165028112e-06,1,1,1,adequate_smallest_model
2,D-GL-unb,Delta GL unbalanced,174,0.353475,delta_gl_full_unbalanced,delta_parallel,gl,full_unbalanced,6,6,24.0736908620196,5.52029171249226e-16,4.23203125585359e-06,1,1,1,adequate_smallest_model
2,D-GL-unb,Delta GL unbalanced,175,0.355475,delta_gl_full_unbalanced,delta_parallel,gl,full_unbalanced,6,6,22.5592263255388,6.47960280750754e-16,1.57638998826846e-06,1,1,1,adequate_smallest_model
2,D-GL-unb,Delta GL unbalanced,176,0.357475,delta_gl_full_unbalanced,delta_parallel,gl,full_unbalanced,6,6,22.2122982009977,7.54238682222629e-16,3.29198589909452e-06,1,1,1,adequate_smallest_model
2,D-GL-unb,Delta GL unbalanced,177,0.359475,delta_gl_full_unbalanced,delta_parallel,gl,full_unbalanced,6,6,24.7882835783746,5.32710853272934e-16,6.28962567022132e-07,1,1,1,adequate_smallest_model
2,D-GL-unb,Delta GL unbalanced,178,0.361475,delta_gl_full_unbalanced,delta_parallel,gl,full_unbalanced,6,6,25.674215824581,4.65233718888032e-16,2.22331650263481e-06,1,1,1,adequate_smallest_model
2,D-GL-unb,Delta GL unbalanced,179,0.363475,delta_gl_full_unbalanced,delta_parallel,gl,full_unbalanced,6,6,24.0736908620196,7.10506361410685e-16,4.23203125499225e-06,1,1,1,adequate_smallest_model
2,D-GL-unb,Delta GL unbalanced,180,0.365475,delta_gl_full_unbalanced,delta_parallel,gl,full_unbalanced,6,6,22.5592263255388,9.73970466262828e-16,1.57638998807981e-06,1,1,1,adequate_smallest_model
2,D-GL-unb,Delta GL unbalanced,181,0.367475,delta_gl_full_unbalanced,delta_parallel,gl,full_unbalanced,6,6,22.2122982009978,4.26428641317191e-16,3.29198589895778e-06,1,1,1,adequate_smallest_model
2,D-GL-unb,Delta GL unbalanced,182,0.369475,delta_gl_full_unbalanced,delta_parallel,gl,full_unbalanced,6,6,24.7882835783747,3.58954045637661e-16,6.28962567220914e-07,1,1,1,adequate_smallest_model
2,D-GL-unb,Delta GL unbalanced,183,0.371475,delta_gl_full_unbalanced,delta_parallel,gl,full_unbalanced,6,6,25.6742158245811,6.29179427685426e-16,2.22331650346973e-06,1,1,1,adequate_smallest_model
2,D-GL-unb,Delta GL unbalanced,184,0.373475,delta_gl_full_unbalanced,delta_parallel,gl,full_unbalanced,6,6,24.0736908620196,4.19740639919503e-16,4.23203125557424e-06,1,1,1,adequate_smallest_model
2,D-GL-unb,Delta GL unbalanced,185,0.375475,delta_gl_full_unbalanced,delta_parallel,gl,full_unbalanced,6,6,22.5592263255388,4.13959300124742e-16,1.57638998917844e-06,1,1,1,adequate_smallest_model
2,D-GL-unb,Delta GL unbalanced,186,0.377475,delta_gl_full_unbalanced,delta_parallel,gl,full_unbalanced,6,6,22.2122982009978,6.90817450411444e-16,3.29198589921024e-06,1,1,1,adequate_smallest_model
2,D-GL-unb,Delta GL unbalanced,187,0.379475,delta_gl_full_unbalanced,delta_parallel,gl,full_unbalanced,6,6,24.7882835783747,3.93812449471292e-16,6.28962567386566e-07,1,1,1,adequate_smallest_model
2,D-GL-unb,Delta GL unbalanced,188,0.381475,delta_gl_full_unbalanced,delta_parallel,gl,full_unbalanced,6,6,25.6742158245811,9.26208610768897e-16,2.22331650355205e-06,1,1,1,adequate_smallest_model
2,D-GL-unb,Delta GL unbalanced,189,0.383475,delta_gl_full_unbalanced,delta_parallel,gl,full_unbalanced,6,6,24.0736908620197,5.2841626889299e-16,4.23203125539964e-06,1,1,1,adequate_smallest_model
2,D-GL-unb,Delta GL unbalanced,190,0.385475,delta_gl_full_unbalanced,delta_parallel,gl,full_unbalanced,6,6,22.5592263255388,3.65293782590423e-16,1.57638998900088e-06,1,1,1,adequate_smallest_model
2,D-GL-unb,Delta GL unbalanced,191,0.387475,delta_gl_full_unbalanced,delta_parallel,gl,full_unbalanced,6,6,22.2122982009977,6.79165063956897e-16,3.29198589905245e-06,1,1,1,adequate_smallest_model
2,D-GL-unb,Delta GL unbalanced,192,0.389475,delta_gl_full_unbalanced,delta_parallel,gl,full_unbalanced,6,6,24.7882835783746,4.14680770598406e-16,6.28962567441784e-07,1,1,1,adequate_smallest_model
2,D-GL-unb,Delta GL unbalanced,193,0.391475,delta_gl_full_unbalanced,delta_parallel,gl,full_unbalanced,6,6,25.6742158245811,6.32154193504343e-16,2.22331650303463e-06,1,1,1,adequate_smallest_model
2,D-GL-unb,Delta GL unbalanced,194,0.393475,delta_gl_full_unbalanced,delta_parallel,gl,full_unbalanced,6,6,24.0736908620196,5.86290279207132e-16,4.23203125591181e-06,1,1,1,adequate_smallest_model
2,D-GL-unb,Delta GL unbalanced,195,0.395475,delta_gl_full_unbalanced,delta_parallel,gl,full_unbalanced,6,6,22.5592263255388,5.78362712711719e-16,1.5763899885459e-06,1,1,1,adequate_smallest_model
2,D-GL-unb,Delta GL unbalanced,196,0.397475,delta_gl_full_unbalanced,delta_parallel,gl,full_unbalanced,6,6,22.2122982009977,6.04146177098311e-16,3.29198589886312e-06,1,1,1,adequate_smallest_model
2,D-GL-unb,Delta GL unbalanced,197,0.399475,delta_gl_full_unbalanced,delta_parallel,gl,full_unbalanced,6,6,24.7882835783747,3.58211125119335e-16,6.28962567441785e-07,1,1,1,adequate_smallest_model
2,D-GL-unb,Delta GL unbalanced,198,0.401475,delta_gl_full_unbalanced,delta_parallel,gl,full_unbalanced,6,6,25.674215824581,4.12348538852833e-16,2.22331650257602e-06,1,1,1,adequate_smallest_model
2,D-GL-unb,Delta GL unbalanced,199,0.403475,delta_gl_full_unbalanced,delta_parallel,gl,full_unbalanced,6,6,24.0736908620196,3.77902409017689e-16,4.23203125565573e-06,1,1,1,adequate_smallest_model
2,D-GL-unb,Delta GL unbalanced,200,0.405475,delta_gl_full_unbalanced,delta_parallel,gl,full_unbalanced,6,6,22.5592263255388,5.4955256676498e-16,1.57638998843493e-06,1,1,1,adequate_smallest_model
2,D-GL-unb,Delta GL unbalanced,201,0.407475,delta_gl_full_unbalanced,delta_parallel,gl,full_unbalanced,6,6,22.2122982009977,5.24309820320157e-16,3.29198589891571e-06,1,1,1,adequate_smallest_model
2,D-GL-unb,Delta GL unbalanced,202,0.409475,delta_gl_full_unbalanced,delta_parallel,gl,full_unbalanced,6,6,24.7882835783747,6.67745651705612e-16,6.2896256787248e-07,1,1,1,adequate_smallest_model
2,D-GL-unb,Delta GL unbalanced,203,0.411475,delta_gl_full_unbalanced,delta_parallel,gl,full_unbalanced,6,6,25.6742158245811,6.84520441827873e-16,2.22331650433994e-06,1,1,1,adequate_smallest_model
2,D-GL-unb,Delta GL unbalanced,204,0.413475,delta_gl_full_unbalanced,delta_parallel,gl,full_unbalanced,6,6,24.0736908620196,5.24672846466919e-16,4.23203125548113e-06,1,1,1,adequate_smallest_model
2,D-GL-unb,Delta GL unbalanced,205,0.415475,delta_gl_full_unbalanced,delta_parallel,gl,full_unbalanced,6,6,22.5592263255389,5.01305245938982e-16,1.57638998844602e-06,1,1,1,adequate_smallest_model
2,D-GL-unb,Delta GL unbalanced,206,0.417475,delta_gl_full_unbalanced,delta_parallel,gl,full_unbalanced,6,6,22.2122982009978,5.6047686865039e-16,3.29198589882103e-06,1,1,1,adequate_smallest_model
2,D-GL-unb,Delta GL unbalanced,207,0.419475,delta_gl_full_unbalanced,delta_parallel,gl,full_unbalanced,6,6,24.7882835783746,3.98240911720251e-16,6.28962567364479e-07,1,1,1,adequate_smallest_model
2,D-GL-unb,Delta GL unbalanced,208,0.421475,delta_gl_full_unbalanced,delta_parallel,gl,full_unbalanced,6,6,25.6742158245811,5.05021758185823e-16,2.22331650305815e-06,1,1,1,adequate_smallest_model
2,D-GL-unb,Delta GL unbalanced,209,0.423475,delta_gl_full_unbalanced,delta_parallel,gl,full_unbalanced,6,6,24.0736908620196,7.22770946134746e-16,4.2320312555626e-06,1,1,1,adequate_smallest_model
2,D-GL-unb,Delta GL unbalanced,210,0.425475,delta_gl_full_unbalanced,delta_parallel,gl,full_unbalanced,6,6,22.5592263255388,7.03065517211011e-16,1.57638998834614e-06,1,1,1,adequate_smallest_model
2,D-GL-unb,Delta GL unbalanced,211,0.427475,delta_gl_full_unbalanced,delta_parallel,gl,full_unbalanced,6,6,22.2122982009977,6.92223251725904e-16,3.29198589931543e-06,1,1,1,adequate_smallest_model
2,D-GL-unb,Delta GL unbalanced,212,0.429475,delta_gl_full_unbalanced,delta_parallel,gl,full_unbalanced,6,6,24.7882835783746,4.3237142512532e-16,6.2896256743074e-07,1,1,1,adequate_smallest_model
2,D-GL-unb,Delta GL unbalanced,213,0.431475,delta_gl_full_unbalanced,delta_parallel,gl,full_unbalanced,6,6,25.6742158245811,4.65666544862689e-16,2.22331650323454e-06,1,1,1,adequate_smallest_model
2,D-GL-unb,Delta GL unbalanced,214,0.433475,delta_gl_full_unbalanced,delta_parallel,gl,full_unbalanced,6,6,24.0736908620196,8.24040540520282e-16,4.2320312551552e-06,1,1,1,adequate_smallest_model
2,D-GL-unb,Delta GL unbalanced,215,0.435475,delta_gl_full_unbalanced,delta_parallel,gl,full_unbalanced,6,6,22.5592263255388,5.47569633286809e-16,1.57638998845712e-06,1,1,1,adequate_smallest_model
2,D-GL-unb,Delta GL unbalanced,216,0.437475,delta_gl_full_unbalanced,delta_parallel,gl,full_unbalanced,6,6,22.2122982009977,4.91593150141577e-16,3.29198589932595e-06,1,1,1,adequate_smallest_model
2,D-GL-unb,Delta GL unbalanced,217,0.439475,delta_gl_full_unbalanced,delta_parallel,gl,full_unbalanced,6,6,24.7882835783746,4.94007183955291e-16,6.28962567386566e-07,1,1,1,adequate_smallest_model
2,D-GL-unb,Delta GL unbalanced,218,0.441475,delta_gl_full_unbalanced,delta_parallel,gl,full_unbalanced,6,6,25.6742158245811,8.34969298824659e-16,2.22331650342269e-06,1,1,1,adequate_smallest_model
2,D-GL-unb,Delta GL unbalanced,219,0.443475,delta_gl_full_unbalanced,delta_parallel,gl,full_unbalanced,6,6,24.0736908620196,7.39355007875881e-16,4.232031255679e-06,1,1,1,adequate_smallest_model
2,D-GL-unb,Delta GL unbalanced,220,0.445475,delta_gl_full_unbalanced,delta_parallel,gl,full_unbalanced,6,6,22.5592263255389,6.78753642639794e-16,1.57638998834614e-06,1,1,1,adequate_smallest_model
2,D-GL-unb,Delta GL unbalanced,221,0.447475,delta_gl_full_unbalanced,delta_parallel,gl,full_unbalanced,6,6,22.2122982009978,5.81710117223505e-16,3.2919858983161e-06,1,1,1,adequate_smallest_model
2,D-GL-unb,Delta GL unbalanced,222,0.449475,delta_gl_full_unbalanced,delta_parallel,gl,full_unbalanced,6,6,24.7882835783747,5.86125315381647e-16,6.28962567044219e-07,1,1,1,adequate_smallest_model
2,D-GL-unb,Delta GL unbalanced,223,0.451475,delta_gl_full_unbalanced,delta_parallel,gl,full_unbalanced,6,6,25.6742158245811,7.21627391517915e-16,2.22331650377548e-06,1,1,1,adequate_smallest_model
2,D-GL-unb,Delta GL unbalanced,224,0.453475,delta_gl_full_unbalanced,delta_parallel,gl,full_unbalanced,6,6,24.0736908620196,4.99917897056509e-16,4.23203125549275e-06,1,1,1,adequate_smallest_model
2,D-GL-unb,Delta GL unbalanced,225,0.455475,delta_gl_full_unbalanced,delta_parallel,gl,full_unbalanced,6,6,22.5592263255388,7.00176965912416e-16,1.57638998844603e-06,1,1,1,adequate_smallest_model
2,D-GL-unb,Delta GL unbalanced,226,0.457475,delta_gl_full_unbalanced,delta_parallel,gl,full_unbalanced,6,6,22.2122982009978,5.54990948973956e-16,3.29198589899987e-06,1,1,1,adequate_smallest_model
2,D-GL-unb,Delta GL unbalanced,227,0.459475,delta_gl_full_unbalanced,delta_parallel,gl,full_unbalanced,6,6,24.7882835783746,1.26220085303527e-15,6.28962567640568e-07,1,1,1,adequate_smallest_model
2,D-GL-unb,Delta GL unbalanced,228,0.461475,delta_gl_full_unbalanced,delta_parallel,gl,full_unbalanced,6,6,25.6742158245811,1.99242258622755e-15,2.22331650359909e-06,1,1,1,adequate_smallest_model
2,D-GL-unb,Delta GL unbalanced,229,0.463475,delta_gl_full_unbalanced,delta_parallel,gl,full_unbalanced,6,6,24.0736908620197,1.83435059207051e-15,4.23203125548114e-06,1,1,1,adequate_smallest_model
2,D-GL-unb,Delta GL unbalanced,230,0.465475,delta_gl_full_unbalanced,delta_parallel,gl,full_unbalanced,6,6,22.5592263255391,1.12932795247415e-15,1.57638998831286e-06,1,1,1,adequate_smallest_model
2,D-GL-unb,Delta GL unbalanced,231,0.467475,delta_gl_full_unbalanced,delta_parallel,gl,full_unbalanced,6,6,22.212298200998,1.62462668281777e-15,3.29198589942063e-06,1,1,1,adequate_smallest_model
2,D-GL-unb,Delta GL unbalanced,232,0.469475,delta_gl_full_unbalanced,delta_parallel,gl,full_unbalanced,6,6,24.7882835783749,1.64783988469029e-15,6.28962566889612e-07,1,1,1,adequate_smallest_model
2,D-GL-unb,Delta GL unbalanced,233,0.471475,delta_gl_full_unbalanced,delta_parallel,gl,full_unbalanced,6,6,25.6742158245814,1.58385336825156e-15,2.22331650489263e-06,1,1,1,adequate_smallest_model
2,D-GL-unb,Delta GL unbalanced,234,0.473475,delta_gl_full_unbalanced,delta_parallel,gl,full_unbalanced,6,6,24.07369086202,4.44665837034312e-16,4.23203125524834e-06,1,1,1,adequate_smallest_model
2,D-GL-unb,Delta GL unbalanced,235,0.475475,delta_gl_full_unbalanced,delta_parallel,gl,full_unbalanced,6,6,22.5592263255392,8.0246745770647e-16,1.57638998863468e-06,1,1,1,adequate_smallest_model
2,D-GL-unb,Delta GL unbalanced,236,0.477475,delta_gl_full_unbalanced,delta_parallel,gl,full_unbalanced,6,6,22.2122982009982,7.08081040158321e-16,3.29198589955737e-06,1,1,1,adequate_smallest_model
2,D-GL-unb,Delta GL unbalanced,237,0.479475,delta_gl_full_unbalanced,delta_parallel,gl,full_unbalanced,6,6,24.788283578375,7.77768652239544e-16,6.28962567287175e-07,1,1,1,adequate_smallest_model
2,D-GL-unb,Delta GL unbalanced,238,0.481475,delta_gl_full_unbalanced,delta_parallel,gl,full_unbalanced,6,6,25.6742158245813,5.7137042167647e-16,2.2233165037402e-06,1,1,1,adequate_smallest_model
2,D-GL-unb,Delta GL unbalanced,239,0.483475,delta_gl_full_unbalanced,delta_parallel,gl,full_unbalanced,6,6,24.0736908620199,4.90530694996258e-16,4.23203125542292e-06,1,1,1,adequate_smallest_model
2,D-GL-unb,Delta GL unbalanced,240,0.485475,delta_gl_full_unbalanced,delta_parallel,gl,full_unbalanced,6,6,22.5592263255393,5.55953406138429e-16,1.57638998842383e-06,1,1,1,adequate_smallest_model
2,D-GL-unb,Delta GL unbalanced,241,0.487475,delta_gl_full_unbalanced,delta_parallel,gl,full_unbalanced,6,6,22.2122982009981,5.58318295713363e-16,3.29198589958893e-06,1,1,1,adequate_smallest_model
2,D-GL-unb,Delta GL unbalanced,242,0.489475,delta_gl_full_unbalanced,delta_parallel,gl,full_unbalanced,6,6,24.7882835783749,4.60540437355633e-16,6.28962567408653e-07,1,1,1,adequate_smallest_model
2,D-GL-unb,Delta GL unbalanced,243,0.491475,delta_gl_full_unbalanced,delta_parallel,gl,full_unbalanced,6,6,25.6742158245813,4.45632267187842e-16,2.22331650357556e-06,1,1,1,adequate_smallest_model
2,D-GL-unb,Delta GL unbalanced,244,0.493475,delta_gl_full_unbalanced,delta_parallel,gl,full_unbalanced,6,6,24.0736908620199,3.93963135534145e-16,4.23203125598163e-06,1,1,1,adequate_smallest_model
2,D-GL-unb,Delta GL unbalanced,245,0.495475,delta_gl_full_unbalanced,delta_parallel,gl,full_unbalanced,6,6,22.5592263255392,6.54640822734962e-16,1.57638998854589e-06,1,1,1,adequate_smallest_model
2,D-GL-unb,Delta GL unbalanced,246,0.497475,delta_gl_full_unbalanced,delta_parallel,gl,full_unbalanced,6,6,22.2122982009981,5.91115803964431e-16,3.29198589955737e-06,1,1,1,adequate_smallest_model
2,D-GL-unb,Delta GL unbalanced,247,0.499475,delta_gl_full_unbalanced,delta_parallel,gl,full_unbalanced,6,6,24.7882835783749,4.77555437816284e-16,6.28962567850392e-07,1,1,1,adequate_smallest_model
2,D-GL-unb,Delta GL unbalanced,248,0.501475,delta_gl_full_unbalanced,delta_parallel,gl,full_unbalanced,6,6,25.6742158245813,4.60008042780541e-16,2.22331650410474e-06,1,1,1,adequate_smallest_model
2,D-GL-unb,Delta GL unbalanced,249,0.503475,delta_gl_full_unbalanced,delta_parallel,gl,full_unbalanced,6,6,24.0736908620198,3.95815317145864e-16,4.2320312549224e-06,1,1,1,adequate_smallest_model
2,D-GL-unb,Delta GL unbalanced,250,0.505475,delta_gl_full_unbalanced,delta_parallel,gl,full_unbalanced,6,6,22.5592263255392,7.28594443572922e-16,1.57638998738068e-06,1,1,1,adequate_smallest_model
2,D-GL-unb,Delta GL unbalanced,251,0.507475,delta_gl_full_unbalanced,delta_parallel,gl,full_unbalanced,6,6,22.212298200998,6.206224195336e-16,3.29198589992554e-06,1,1,1,adequate_smallest_model
2,D-GL-unb,Delta GL unbalanced,252,0.509475,delta_gl_full_unbalanced,delta_parallel,gl,full_unbalanced,6,6,24.7882835783748,7.97150480468949e-16,6.28962568634477e-07,1,1,1,adequate_smallest_model
2,D-GL-unb,Delta GL unbalanced,253,0.511475,delta_gl_full_unbalanced,delta_parallel,gl,full_unbalanced,6,6,25.6742158245812,6.53407827183576e-16,2.22331650410474e-06,1,1,1,adequate_smallest_model
2,D-GL-unb,Delta GL unbalanced,254,0.513475,delta_gl_full_unbalanced,delta_parallel,gl,full_unbalanced,6,6,24.0736908620198,5.80019159904091e-16,4.23203125542291e-06,1,1,1,adequate_smallest_model
2,D-GL-unb,Delta GL unbalanced,255,0.515475,delta_gl_full_unbalanced,delta_parallel,gl,full_unbalanced,6,6,22.5592263255391,6.97801728680043e-16,1.57638998738068e-06,1,1,1,adequate_smallest_model
2,D-GL-unb,Delta GL unbalanced,256,0.517475,delta_gl_full_unbalanced,delta_parallel,gl,full_unbalanced,6,6,22.212298200998,5.09280875645152e-16,3.2919858987579e-06,1,1,1,adequate_smallest_model
2,D-GL-unb,Delta GL unbalanced,257,0.519475,delta_gl_full_unbalanced,delta_parallel,gl,full_unbalanced,6,6,24.7882835783747,5.53335807005361e-16,6.28962567883521e-07,1,1,1,adequate_smallest_model
2,D-GL-unb,Delta GL unbalanced,258,0.521475,delta_gl_full_unbalanced,delta_parallel,gl,full_unbalanced,6,6,25.6742158245811,6.17585682838011e-16,2.22331650310518e-06,1,1,1,adequate_smallest_model
2,D-GL-unb,Delta GL unbalanced,259,0.523475,delta_gl_full_unbalanced,delta_parallel,gl,full_unbalanced,6,6,24.0736908620198,4.14001292670064e-16,4.23203125570226e-06,1,1,1,adequate_smallest_model
2,D-GL-unb,Delta GL unbalanced,260,0.525475,delta_gl_full_unbalanced,delta_parallel,gl,full_unbalanced,6,6,22.5592263255391,8.2452329026107e-16,1.57638998764701e-06,1,1,1,adequate_smallest_model
2,D-GL-unb,Delta GL unbalanced,261,0.527475,delta_gl_full_unbalanced,delta_parallel,gl,full_unbalanced,6,6,22.212298200998,4.77249763403735e-16,3.29198589910504e-06,1,1,1,adequate_smallest_model
2,D-GL-unb,Delta GL unbalanced,262,0.529475,delta_gl_full_unbalanced,delta_parallel,gl,full_unbalanced,6,6,24.7882835783747,7.05398991431369e-16,6.28962566481001e-07,1,1,1,adequate_smallest_model
2,D-GL-unb,Delta GL unbalanced,263,0.531475,delta_gl_full_unbalanced,delta_parallel,gl,full_unbalanced,6,6,25.6742158245812,8.44386318090211e-16,2.2233165031287e-06,1,1,1,adequate_smallest_model
2,D-GL-unb,Delta GL unbalanced,264,0.533475,delta_gl_full_unbalanced,delta_parallel,gl,full_unbalanced,6,6,24.0736908620198,5.96228465772588e-16,4.23203125621441e-06,1,1,1,adequate_smallest_model
2,D-GL-unb,Delta GL unbalanced,265,0.535475,delta_gl_full_unbalanced,delta_parallel,gl,full_unbalanced,6,6,22.5592263255392,6.24877228527183e-16,1.57638998856808e-06,1,1,1,adequate_smallest_model
2,D-GL-unb,Delta GL unbalanced,266,0.537475,delta_gl_full_unbalanced,delta_parallel,gl,full_unbalanced,6,6,22.2122982009981,6.60961104107112e-16,3.29198589818987e-06,1,1,1,adequate_smallest_model
2,D-GL-unb,Delta GL unbalanced,267,0.539475,delta_gl_full_unbalanced,delta_parallel,gl,full_unbalanced,6,6,24.7882835783748,5.14241939380182e-16,6.28962566933783e-07,1,1,1,adequate_smallest_model
2,D-GL-unb,Delta GL unbalanced,268,0.541475,delta_gl_full_unbalanced,delta_parallel,gl,full_unbalanced,6,6,25.6742158245812,7.40163708363378e-16,2.22331650222323e-06,1,1,1,adequate_smallest_model
2,D-GL-unb,Delta GL unbalanced,269,0.543475,delta_gl_full_unbalanced,delta_parallel,gl,full_unbalanced,6,6,24.0736908620198,4.82093075198606e-16,4.23203125706412e-06,1,1,1,adequate_smallest_model
2,D-GL-unb,Delta GL unbalanced,270,0.545475,delta_gl_full_unbalanced,delta_parallel,gl,full_unbalanced,6,6,22.5592263255391,5.64496660126066e-16,1.57638998886771e-06,1,1,1,adequate_smallest_model
2,D-GL-unb,Delta GL unbalanced,271,0.547475,delta_gl_full_unbalanced,delta_parallel,gl,full_unbalanced,6,6,22.212298200998,5.24290302765835e-16,3.29198589755872e-06,1,1,1,adequate_smallest_model
2,D-GL-unb,Delta GL unbalanced,272,0.549475,delta_gl_full_unbalanced,delta_parallel,gl,full_unbalanced,6,6,24.7882835783747,6.34940562906676e-16,6.28962565995092e-07,1,1,1,adequate_smallest_model
2,D-GL-unb,Delta GL unbalanced,273,0.551475,delta_gl_full_unbalanced,delta_parallel,gl,full_unbalanced,6,6,25.6742158245812,8.36460868154429e-16,2.22331650221149e-06,1,1,1,adequate_smallest_model
2,D-GL-unb,Delta GL unbalanced,274,0.553475,delta_gl_full_unbalanced,delta_parallel,gl,full_unbalanced,6,6,24.0736908620198,3.12230391274226e-16,4.23203125669169e-06,1,1,1,adequate_smallest_model
2,D-GL-unb,Delta GL unbalanced,275,0.555475,delta_gl_full_unbalanced,delta_parallel,gl,full_unbalanced,6,6,22.5592263255391,4.64875596825734e-16,1.57638998963344e-06,1,1,1,adequate_smallest_model
2,D-GL-unb,Delta GL unbalanced,276,0.557475,delta_gl_full_unbalanced,delta_parallel,gl,full_unbalanced,6,6,22.212298200998,4.59598433308206e-16,3.29198589781121e-06,1,1,1,adequate_smallest_model
2,D-GL-unb,Delta GL unbalanced,277,0.559475,delta_gl_full_unbalanced,delta_parallel,gl,full_unbalanced,6,6,24.7882835783747,4.61768001782859e-16,6.28962566215962e-07,1,1,1,adequate_smallest_model
2,D-GL-unb,Delta GL unbalanced,278,0.561475,delta_gl_full_unbalanced,delta_parallel,gl,full_unbalanced,6,6,25.6742158245812,6.05271032141369e-16,2.22331650189398e-06,1,1,1,adequate_smallest_model
2,D-GL-unb,Delta GL unbalanced,279,0.563475,delta_gl_full_unbalanced,delta_parallel,gl,full_unbalanced,6,6,24.0736908620197,3.71550655653655e-16,4.23203125677317e-06,1,1,1,adequate_smallest_model
2,D-GL-unb,Delta GL unbalanced,280,0.565475,delta_gl_full_unbalanced,delta_parallel,gl,full_unbalanced,6,6,22.5592263255391,8.33597083038915e-16,1.57638998972221e-06,1,1,1,adequate_smallest_model
2,D-GL-unb,Delta GL unbalanced,281,0.567475,delta_gl_full_unbalanced,delta_parallel,gl,full_unbalanced,6,6,22.212298200998,4.52349606403614e-16,3.29198589840029e-06,1,1,1,adequate_smallest_model
2,D-GL-unb,Delta GL unbalanced,282,0.569475,delta_gl_full_unbalanced,delta_parallel,gl,full_unbalanced,6,6,24.7882835783748,5.095364578425e-16,6.28962566558311e-07,1,1,1,adequate_smallest_model
2,D-GL-unb,Delta GL unbalanced,283,0.571475,delta_gl_full_unbalanced,delta_parallel,gl,full_unbalanced,6,6,25.6742158245812,4.82348271690238e-16,2.22331650304639e-06,1,1,1,adequate_smallest_model
2,D-GL-unb,Delta GL unbalanced,284,0.573475,delta_gl_full_unbalanced,delta_parallel,gl,full_unbalanced,6,6,24.0736908620198,4.76896478435524e-16,4.23203125633084e-06,1,1,1,adequate_smallest_model
2,D-GL-unb,Delta GL unbalanced,285,0.575475,delta_gl_full_unbalanced,delta_parallel,gl,full_unbalanced,6,6,22.5592263255391,4.58926213174293e-16,1.57638998927832e-06,1,1,1,adequate_smallest_model
2,D-GL-unb,Delta GL unbalanced,286,0.577475,delta_gl_full_unbalanced,delta_parallel,gl,full_unbalanced,6,6,22.2122982009979,6.45642103410369e-16,3.29198589875792e-06,1,1,1,adequate_smallest_model
2,D-GL-unb,Delta GL unbalanced,287,0.579475,delta_gl_full_unbalanced,delta_parallel,gl,full_unbalanced,6,6,24.7882835783747,4.59357922687309e-16,6.28962566812307e-07,1,1,1,adequate_smallest_model
2,D-GL-unb,Delta GL unbalanced,288,0.581475,delta_gl_full_unbalanced,delta_parallel,gl,full_unbalanced,6,6,25.6742158245812,5.00513886754376e-16,2.22331650371668e-06,1,1,1,adequate_smallest_model
2,D-GL-unb,Delta GL unbalanced,289,0.583475,delta_gl_full_unbalanced,delta_parallel,gl,full_unbalanced,6,6,24.0736908620198,5.17224562653114e-16,4.23203125565573e-06,1,1,1,adequate_smallest_model
2,D-GL-unb,Delta GL unbalanced,290,0.585475,delta_gl_full_unbalanced,delta_parallel,gl,full_unbalanced,6,6,22.5592263255391,8.87278738929914e-16,1.57638998771361e-06,1,1,1,adequate_smallest_model
2,D-GL-unb,Delta GL unbalanced,291,0.587475,delta_gl_full_unbalanced,delta_parallel,gl,full_unbalanced,6,6,22.212298200998,5.43627286315162e-16,3.29198589928388e-06,1,1,1,adequate_smallest_model
2,D-GL-unb,Delta GL unbalanced,292,0.589475,delta_gl_full_unbalanced,delta_parallel,gl,full_unbalanced,6,6,24.7882835783747,7.36770696090975e-16,6.2896256838048e-07,1,1,1,adequate_smallest_model
2,D-GL-unb,Delta GL unbalanced,293,0.591475,delta_gl_full_unbalanced,delta_parallel,gl,full_unbalanced,6,6,25.6742158245812,6.91329208449174e-16,2.22331650453984e-06,1,1,1,adequate_smallest_model
3,D-GLC-noise,Delta GLC + noise,1,0.007475,delta_glc_full_unbalanced,delta_parallel,glc,full_unbalanced,9,9,29.7261564739559,0.000416635559880871,1.23050686301587e-05,1,1,1,adequate_smallest_model
3,D-GLC-noise,Delta GLC + noise,2,0.009475,delta_glc_full_unbalanced,delta_parallel,glc,full_unbalanced,9,9,33.0958456282001,0.000435121699336369,2.00778874940864e-05,1,1,1,adequate_smallest_model
3,D-GLC-noise,Delta GLC + noise,3,0.011475,delta_glc_full_unbalanced,delta_parallel,glc,full_unbalanced,9,9,34.5737268714644,0.000431228190536159,2.30319606808385e-05,1,1,1,adequate_smallest_model
3,D-GLC-noise,Delta GLC + noise,4,0.013475,delta_glc_full_unbalanced,delta_parallel,glc,full_unbalanced,9,9,31.8523705360014,0.000428516426212472,1.64798296191451e-05,1,1,1,adequate_smallest_model
3,D-GLC-noise,Delta GLC + noise,5,0.015475,delta_glc_full_unbalanced,delta_parallel,glc,full_unbalanced,9,9,29.6145823257234,0.000423563833452396,2.35768582270859e-05,1,1,1,adequate_smallest_model
3,D-GLC-noise,Delta GLC + noise,6,0.017475,delta_glc_full_unbalanced,delta_parallel,glc,full_unbalanced,9,9,29.7268849572741,0.000416981442774637,1.10871550732149e-05,1,1,1,adequate_smallest_model
3,D-GLC-noise,Delta GLC + noise,7,0.019475,delta_glc_full_unbalanced,delta_parallel,glc,full_unbalanced,9,9,33.0943018228703,0.000423206574742337,8.30581939125809e-06,1,1,1,adequate_smallest_model
3,D-GLC-noise,Delta GLC + noise,8,0.021475,delta_glc_full_unbalanced,delta_parallel,glc,full_unbalanced,9,9,34.5804885759124,0.000427948503718881,9.31758434370265e-06,1,1,1,adequate_smallest_model
3,D-GLC-noise,Delta GLC + noise,9,0.023475,delta_glc_full_unbalanced,delta_parallel,glc,full_unbalanced,9,9,31.8596539126341,0.000411060019393428,1.20644945014019e-05,1,1,1,adequate_smallest_model
3,D-GLC-noise,Delta GLC + noise,10,0.025475,delta_glc_full_unbalanced,delta_parallel,glc,full_unbalanced,9,9,29.628222748412,0.000396424672839864,2.25585816481454e-05,1,1,1,adequate_smallest_model
3,D-GLC-noise,Delta GLC + noise,11,0.027475,delta_glc_full_unbalanced,delta_parallel,glc,full_unbalanced,9,9,29.7469294999658,0.000397589554727592,4.22070886777312e-06,1,1,1,adequate_smallest_model
3,D-GLC-noise,Delta GLC + noise,12,0.029475,delta_glc_full_unbalanced,delta_parallel,glc,full_unbalanced,9,9,33.1067399415953,0.000414165744520566,5.71566280208229e-08,1,1,1,adequate_smallest_model
3,D-GLC-noise,Delta GLC + noise,13,0.031475,delta_glc_full_unbalanced,delta_parallel,glc,full_unbalanced,9,9,34.590444950717,0.000423539939539845,9.27149608850172e-06,1,1,1,adequate_smallest_model
3,D-GLC-noise,Delta GLC + noise,14,0.033475,delta_glc_full_unbalanced,delta_parallel,glc,full_unbalanced,9,9,31.8634319322017,0.00042206762019055,2.16705263340198e-07,1,1,1,adequate_smallest_model
3,D-GLC-noise,Delta GLC + noise,15,0.035475,delta_glc_full_unbalanced,delta_parallel,glc,full_unbalanced,9,9,29.6243235898018,0.000458266679630543,5.42504951523698e-06,1,1,1,adequate_smallest_model
3,D-GLC-noise,Delta GLC + noise,16,0.037475,delta_glc_full_unbalanced,delta_parallel,glc,full_unbalanced,9,9,29.7360878390196,0.00046011664395854,1.14639155587828e-06,1,1,1,adequate_smallest_model
3,D-GLC-noise,Delta GLC + noise,17,0.039475,delta_glc_full_unbalanced,delta_parallel,glc,full_unbalanced,9,9,33.1033495421171,0.000463773297188148,6.83250096622328e-06,1,1,1,adequate_smallest_model
3,D-GLC-noise,Delta GLC + noise,18,0.041475,delta_glc_full_unbalanced,delta_parallel,glc,full_unbalanced,9,9,34.5857256338297,0.000452482866517644,9.35216515638894e-06,1,1,1,adequate_smallest_model
3,D-GLC-noise,Delta GLC + noise,19,0.043475,delta_glc_full_unbalanced,delta_parallel,glc,full_unbalanced,9,9,31.8576991667143,0.000428242427929744,4.55967519141237e-06,1,1,1,adequate_smallest_model
3,D-GLC-noise,Delta GLC + noise,20,0.045475,delta_glc_full_unbalanced,delta_parallel,glc,full_unbalanced,9,9,29.6286060129254,0.000417193806462748,3.03879511316767e-06,1,1,1,adequate_smallest_model
3,D-GLC-noise,Delta GLC + noise,21,0.047475,delta_glc_full_unbalanced,delta_parallel,glc,full_unbalanced,9,9,29.7460245205115,0.000422645365839451,8.48154117433217e-06,1,1,1,adequate_smallest_model
3,D-GLC-noise,Delta GLC + noise,22,0.049475,delta_glc_full_unbalanced,delta_parallel,glc,full_unbalanced,9,9,33.1110465308661,0.000447242052636057,1.28951967272139e-05,1,1,1,adequate_smallest_model
3,D-GLC-noise,Delta GLC + noise,23,0.051475,delta_glc_full_unbalanced,delta_parallel,glc,full_unbalanced,9,9,34.5916343432947,0.000448544065931305,1.02813977708942e-05,1,1,1,adequate_smallest_model
3,D-GLC-noise,Delta GLC + noise,24,0.053475,delta_glc_full_unbalanced,delta_parallel,glc,full_unbalanced,9,9,31.8625124756374,0.000426340428382299,1.00711350204222e-05,1,1,1,adequate_smallest_model
3,D-GLC-noise,Delta GLC + noise,25,0.055475,delta_glc_full_unbalanced,delta_parallel,glc,full_unbalanced,9,9,29.6216517598415,0.000445244319687934,2.32551609544698e-06,1,1,1,adequate_smallest_model
3,D-GLC-noise,Delta GLC + noise,26,0.057475,delta_glc_full_unbalanced,delta_parallel,glc,full_unbalanced,9,9,29.7390052614461,0.000448149676701746,8.7382065367646e-07,1,1,1,adequate_smallest_model
3,D-GLC-noise,Delta GLC + noise,27,0.059475,delta_glc_full_unbalanced,delta_parallel,glc,full_unbalanced,9,9,33.0977912724938,0.000463452584661856,3.32791804564122e-06,1,1,1,adequate_smallest_model
3,D-GLC-noise,Delta GLC + noise,28,0.061475,delta_glc_full_unbalanced,delta_parallel,glc,full_unbalanced,9,9,34.5816437524639,0.000438883078116546,1.79180319728e-05,1,1,1,adequate_smallest_model
3,D-GLC-noise,Delta GLC + noise,29,0.063475,delta_glc_full_unbalanced,delta_parallel,glc,full_unbalanced,9,9,31.8625257493266,0.00040759270815857,1.14991190201118e-05,1,1,1,adequate_smallest_model
3,D-GLC-noise,Delta GLC + noise,30,0.065475,delta_glc_full_unbalanced,delta_parallel,glc,full_unbalanced,9,9,29.6269937145032,0.000412648169089092,1.28993222798656e-05,1,1,1,adequate_smallest_model
3,D-GLC-noise,Delta GLC + noise,31,0.067475,delta_glc_full_unbalanced,delta_parallel,glc,full_unbalanced,9,9,29.7441400390102,0.000440495101180031,3.73809633664238e-06,1,1,1,adequate_smallest_model
3,D-GLC-noise,Delta GLC + noise,32,0.069475,delta_glc_full_unbalanced,delta_parallel,glc,full_unbalanced,9,9,33.1117093364429,0.000425779845547808,5.70395947686376e-06,1,1,1,adequate_smallest_model
3,D-GLC-noise,Delta GLC + noise,33,0.071475,delta_glc_full_unbalanced,delta_parallel,glc,full_unbalanced,9,9,34.5999715849825,0.000436047517687486,5.68706121502418e-06,1,1,1,adequate_smallest_model
3,D-GLC-noise,Delta GLC + noise,34,0.073475,delta_glc_full_unbalanced,delta_parallel,glc,full_unbalanced,9,9,31.8679350046907,0.000419563435583129,3.5128592882535e-06,1,1,1,adequate_smallest_model
3,D-GLC-noise,Delta GLC + noise,35,0.075475,delta_glc_full_unbalanced,delta_parallel,glc,full_unbalanced,9,9,29.6349602014426,0.000427022929005682,1.61601531362543e-06,1,1,1,adequate_smallest_model
3,D-GLC-noise,Delta GLC + noise,36,0.077475,delta_glc_full_unbalanced,delta_parallel,glc,full_unbalanced,9,9,29.7456617191329,0.000429120870505388,4.37567639909392e-06,1,1,1,adequate_smallest_model
3,D-GLC-noise,Delta GLC + noise,37,0.079475,delta_glc_full_unbalanced,delta_parallel,glc,full_unbalanced,9,9,33.1044769985619,0.000426266394160536,9.16695021165731e-06,1,1,1,adequate_smallest_model
3,D-GLC-noise,Delta GLC + noise,38,0.081475,delta_glc_full_unbalanced,delta_parallel,glc,full_unbalanced,9,9,34.5934535635756,0.000429478435224827,5.35235608242335e-06,1,1,1,adequate_smallest_model
3,D-GLC-noise,Delta GLC + noise,39,0.083475,delta_glc_full_unbalanced,delta_parallel,glc,full_unbalanced,9,9,31.8651162001388,0.000420195820251198,7.78887614107208e-06,1,1,1,adequate_smallest_model
3,D-GLC-noise,Delta GLC + noise,40,0.085475,delta_glc_full_unbalanced,delta_parallel,glc,full_unbalanced,9,9,29.628775705484,0.000402495957654504,1.4541002851832e-05,1,1,1,adequate_smallest_model
3,D-GLC-noise,Delta GLC + noise,41,0.087475,delta_glc_full_unbalanced,delta_parallel,glc,full_unbalanced,9,9,29.7435020676973,0.000415220935542609,8.24810255083878e-06,1,1,1,adequate_smallest_model
3,D-GLC-noise,Delta GLC + noise,42,0.089475,delta_glc_full_unbalanced,delta_parallel,glc,full_unbalanced,9,9,33.1088711396987,0.000425950549422043,1.35594393488631e-05,1,1,1,adequate_smallest_model
3,D-GLC-noise,Delta GLC + noise,43,0.091475,delta_glc_full_unbalanced,delta_parallel,glc,full_unbalanced,9,9,34.593812497184,0.000435658927715567,1.25521268034194e-05,1,1,1,adequate_smallest_model
3,D-GLC-noise,Delta GLC + noise,44,0.093475,delta_glc_full_unbalanced,delta_parallel,glc,full_unbalanced,9,9,31.865516981878,0.000420551421888,2.7719588255829e-06,1,1,1,adequate_smallest_model
3,D-GLC-noise,Delta GLC + noise,45,0.095475,delta_glc_full_unbalanced,delta_parallel,glc,full_unbalanced,9,9,29.6277642823191,0.000438632430450919,1.28379026414252e-05,1,1,1,adequate_smallest_model
3,D-GLC-noise,Delta GLC + noise,46,0.097475,delta_glc_full_unbalanced,delta_parallel,glc,full_unbalanced,9,9,29.7411548105676,0.000460443615941182,1.53709037308388e-06,1,1,1,adequate_smallest_model
3,D-GLC-noise,Delta GLC + noise,47,0.099475,delta_glc_full_unbalanced,delta_parallel,glc,full_unbalanced,9,9,33.0992369385587,0.000460610323040344,2.03374534590916e-05,1,1,1,adequate_smallest_model
3,D-GLC-noise,Delta GLC + noise,48,0.101475,delta_glc_full_unbalanced,delta_parallel,glc,full_unbalanced,9,9,34.5833441736119,0.000447982539051257,8.397027185506e-06,1,1,1,adequate_smallest_model
3,D-GLC-noise,Delta GLC + noise,49,0.103475,delta_glc_full_unbalanced,delta_parallel,glc,full_unbalanced,9,9,31.8523839750077,0.00045349519287726,2.22385083677923e-06,1,1,1,adequate_smallest_model
3,D-GLC-noise,Delta GLC + noise,50,0.105475,delta_glc_full_unbalanced,delta_parallel,glc,full_unbalanced,9,9,29.618980692096,0.000436213461643594,3.92931789254124e-06,1,1,1,adequate_smallest_model
3,D-GLC-noise,Delta GLC + noise,51,0.107475,delta_glc_full_unbalanced,delta_parallel,glc,full_unbalanced,9,9,29.7288181312905,0.00043806300990869,4.29925680041642e-06,1,1,1,adequate_smallest_model
3,D-GLC-noise,Delta GLC + noise,52,0.109475,delta_glc_full_unbalanced,delta_parallel,glc,full_unbalanced,9,9,33.0941757415808,0.000450730024386584,1.95854602898001e-05,1,1,1,adequate_smallest_model
3,D-GLC-noise,Delta GLC + noise,53,0.111475,delta_glc_full_unbalanced,delta_parallel,glc,full_unbalanced,9,9,34.579064605561,0.000421176021019286,5.23790763331185e-06,1,1,1,adequate_smallest_model
3,D-GLC-noise,Delta GLC + noise,54,0.113475,delta_glc_full_unbalanced,delta_parallel,glc,full_unbalanced,9,9,31.8543457924269,0.000400596135483755,1.65342894045024e-06,1,1,1,adequate_smallest_model
3,D-GLC-noise,Delta GLC + noise,55,0.115475,delta_glc_full_unbalanced,delta_parallel,glc,full_unbalanced,9,9,29.6238330312067,0.000407939994349481,5.81423443502742e-06,1,1,1,adequate_smallest_model
3,D-GLC-noise,Delta GLC + noise,56,0.117475,delta_glc_full_unbalanced,delta_parallel,glc,full_unbalanced,9,9,29.7408417974716,0.000425335207339694,6.99187720319814e-06,1,1,1,adequate_smallest_model
3,D-GLC-noise,Delta GLC + noise,57,0.119475,delta_glc_full_unbalanced,delta_parallel,glc,full_unbalanced,9,9,33.1116430770081,0.000422078567648465,2.08983534024895e-05,1,1,1,adequate_smallest_model
3,D-GLC-noise,Delta GLC + noise,58,0.121475,delta_glc_full_unbalanced,delta_parallel,glc,full_unbalanced,9,9,34.5977510733131,0.000428035109850051,5.51369194400913e-06,1,1,1,adequate_smallest_model
3,D-GLC-noise,Delta GLC + noise,59,0.123475,delta_glc_full_unbalanced,delta_parallel,glc,full_unbalanced,9,9,31.8707577989756,0.000403448233291987,4.53808346350513e-06,1,1,1,adequate_smallest_model
3,D-GLC-noise,Delta GLC + noise,60,0.125475,delta_glc_full_unbalanced,delta_parallel,glc,full_unbalanced,9,9,29.6267140425881,0.000395122867602484,2.09928342723487e-06,1,1,1,adequate_smallest_model
3,D-GLC-noise,Delta GLC + noise,61,0.127475,delta_glc_full_unbalanced,delta_parallel,glc,full_unbalanced,9,9,29.7410370091209,0.000398748922879049,4.82285042857655e-06,1,1,1,adequate_smallest_model
3,D-GLC-noise,Delta GLC + noise,62,0.129475,delta_glc_full_unbalanced,delta_parallel,glc,full_unbalanced,9,9,33.1074438805451,0.000409097208633541,1.85853441929529e-05,1,1,1,adequate_smallest_model
3,D-GLC-noise,Delta GLC + noise,63,0.131475,delta_glc_full_unbalanced,delta_parallel,glc,full_unbalanced,9,9,34.5898198391191,0.000422741192965167,1.72131137972445e-05,1,1,1,adequate_smallest_model
3,D-GLC-noise,Delta GLC + noise,64,0.133475,delta_glc_full_unbalanced,delta_parallel,glc,full_unbalanced,9,9,31.8637105141874,0.000445354953847375,8.24295790833918e-06,1,1,1,adequate_smallest_model
3,D-GLC-noise,Delta GLC + noise,65,0.135475,delta_glc_full_unbalanced,delta_parallel,glc,full_unbalanced,9,9,29.6253840716674,0.000420702333767943,8.93002281249263e-07,1,1,1,adequate_smallest_model
3,D-GLC-noise,Delta GLC + noise,66,0.137475,delta_glc_full_unbalanced,delta_parallel,glc,full_unbalanced,9,9,29.7350487483176,0.000426026087554606,4.6602150181501e-06,1,1,1,adequate_smallest_model
3,D-GLC-noise,Delta GLC + noise,67,0.139475,delta_glc_full_unbalanced,delta_parallel,glc,full_unbalanced,9,9,33.1029582307018,0.000446095798998464,1.13698680603978e-05,1,1,1,adequate_smallest_model
3,D-GLC-noise,Delta GLC + noise,68,0.141475,delta_glc_full_unbalanced,delta_parallel,glc,full_unbalanced,9,9,34.6006186259581,0.000455969234315338,1.53192640835408e-06,1,1,1,adequate_smallest_model
3,D-GLC-noise,Delta GLC + noise,69,0.143475,delta_glc_full_unbalanced,delta_parallel,glc,full_unbalanced,9,9,31.8756544267799,0.000443059553940106,7.24444806079674e-06,1,1,1,adequate_smallest_model
3,D-GLC-noise,Delta GLC + noise,70,0.145475,delta_glc_full_unbalanced,delta_parallel,glc,full_unbalanced,9,9,29.6350281997828,0.000436250570655692,1.42186359718318e-05,1,1,1,adequate_smallest_model
3,D-GLC-noise,Delta GLC + noise,71,0.147475,delta_glc_full_unbalanced,delta_parallel,glc,full_unbalanced,9,9,29.757866884846,0.000417160435301878,4.38131420526979e-06,1,1,1,adequate_smallest_model
3,D-GLC-noise,Delta GLC + noise,72,0.149475,delta_glc_full_unbalanced,delta_parallel,glc,full_unbalanced,9,9,33.1156601801632,0.000411470245809295,7.65623322347395e-06,1,1,1,adequate_smallest_model
3,D-GLC-noise,Delta GLC + noise,73,0.151475,delta_glc_full_unbalanced,delta_parallel,glc,full_unbalanced,9,9,34.6022426892799,0.000424606854218045,7.946201374084e-06,1,1,1,adequate_smallest_model
3,D-GLC-noise,Delta GLC + noise,74,0.153475,delta_glc_full_unbalanced,delta_parallel,glc,full_unbalanced,9,9,31.8720227921919,0.000406428825045129,2.79284326406849e-06,1,1,1,adequate_smallest_model
3,D-GLC-noise,Delta GLC + noise,75,0.155475,delta_glc_full_unbalanced,delta_parallel,glc,full_unbalanced,9,9,29.6283162055336,0.000406347024238005,1.48172962234102e-05,1,1,1,adequate_smallest_model
3,D-GLC-noise,Delta GLC + noise,76,0.157475,delta_glc_full_unbalanced,delta_parallel,glc,full_unbalanced,9,9,29.734311620753,0.000407598701477207,1.60329063494861e-05,1,1,1,adequate_smallest_model
3,D-GLC-noise,Delta GLC + noise,77,0.159475,delta_glc_full_unbalanced,delta_parallel,glc,full_unbalanced,9,9,33.1004222562897,0.000404461233517054,1.73621599709909e-05,1,1,1,adequate_smallest_model
3,D-GLC-noise,Delta GLC + noise,78,0.161475,delta_glc_full_unbalanced,delta_parallel,glc,full_unbalanced,9,9,34.5847461039273,0.000408801143906936,2.60421002061839e-05,1,1,1,adequate_smallest_model
3,D-GLC-noise,Delta GLC + noise,79,0.163475,delta_glc_full_unbalanced,delta_parallel,glc,full_unbalanced,9,9,31.858166612821,0.00039290680817748,1.53436342558803e-05,1,1,1,adequate_smallest_model
3,D-GLC-noise,Delta GLC + noise,80,0.165475,delta_glc_full_unbalanced,delta_parallel,glc,full_unbalanced,9,9,29.6281702129252,0.000413111613858851,9.9415815110052e-06,1,1,1,adequate_smallest_model
3,D-GLC-noise,Delta GLC + noise,81,0.167475,delta_glc_full_unbalanced,delta_parallel,glc,full_unbalanced,9,9,29.7439424380579,0.000401926593823359,6.63324780409739e-06,1,1,1,adequate_smallest_model
3,D-GLC-noise,Delta GLC + noise,82,0.169475,delta_glc_full_unbalanced,delta_parallel,glc,full_unbalanced,9,9,33.1090593157411,0.000421750382637131,2.111956054735e-06,1,1,1,adequate_smallest_model
3,D-GLC-noise,Delta GLC + noise,83,0.171475,delta_glc_full_unbalanced,delta_parallel,glc,full_unbalanced,9,9,34.59974613645,0.000425512133868642,4.76873148967847e-06,1,1,1,adequate_smallest_model
3,D-GLC-noise,Delta GLC + noise,84,0.173475,delta_glc_full_unbalanced,delta_parallel,glc,full_unbalanced,9,9,31.8669927449046,0.000417168897670542,1.12418051394008e-05,1,1,1,adequate_smallest_model
3,D-GLC-noise,Delta GLC + noise,85,0.175475,delta_glc_full_unbalanced,delta_parallel,glc,full_unbalanced,9,9,29.6338909251009,0.000426343158093737,5.72646757812567e-06,1,1,1,adequate_smallest_model
3,D-GLC-noise,Delta GLC + noise,86,0.177475,delta_glc_full_unbalanced,delta_parallel,glc,full_unbalanced,9,9,29.746552130315,0.000427443258385945,8.78953494570926e-06,1,1,1,adequate_smallest_model
3,D-GLC-noise,Delta GLC + noise,87,0.179475,delta_glc_full_unbalanced,delta_parallel,glc,full_unbalanced,9,9,33.1101472114209,0.000455006075983272,7.77297650228442e-06,1,1,1,adequate_smallest_model
3,D-GLC-noise,Delta GLC + noise,88,0.181475,delta_glc_full_unbalanced,delta_parallel,glc,full_unbalanced,9,9,34.5875017006336,0.000439795635279072,2.72912904484796e-06,1,1,1,adequate_smallest_model
3,D-GLC-noise,Delta GLC + noise,89,0.183475,delta_glc_full_unbalanced,delta_parallel,glc,full_unbalanced,9,9,31.8611346173342,0.000429135881377064,1.48950126350758e-10,1,1,1,adequate_smallest_model
3,D-GLC-noise,Delta GLC + noise,90,0.185475,delta_glc_full_unbalanced,delta_parallel,glc,full_unbalanced,9,9,29.6260332522447,0.000420013746899546,1.20671169515374e-05,1,1,1,adequate_smallest_model
3,D-GLC-noise,Delta GLC + noise,91,0.187475,delta_glc_full_unbalanced,delta_parallel,glc,full_unbalanced,9,9,29.7321931333898,0.000414643155283428,1.69180392495469e-05,1,1,1,adequate_smallest_model
3,D-GLC-noise,Delta GLC + noise,92,0.189475,delta_glc_full_unbalanced,delta_parallel,glc,full_unbalanced,9,9,33.0936879449627,0.000411772697794015,7.46735078603772e-06,1,1,1,adequate_smallest_model
3,D-GLC-noise,Delta GLC + noise,93,0.191475,delta_glc_full_unbalanced,delta_parallel,glc,full_unbalanced,9,9,34.5775587694566,0.000401129365115084,2.05865166744825e-05,1,1,1,adequate_smallest_model
3,D-GLC-noise,Delta GLC + noise,94,0.193475,delta_glc_full_unbalanced,delta_parallel,glc,full_unbalanced,9,9,31.8564542887397,0.000369477850299877,1.74550070222079e-05,1,1,1,adequate_smallest_model
3,D-GLC-noise,Delta GLC + noise,95,0.195475,delta_glc_full_unbalanced,delta_parallel,glc,full_unbalanced,9,9,29.6209547678352,0.000389521185104634,1.91836501681036e-05,1,1,1,adequate_smallest_model
3,D-GLC-noise,Delta GLC + noise,96,0.197475,delta_glc_full_unbalanced,delta_parallel,glc,full_unbalanced,9,9,29.7338116415615,0.000408624897277132,1.22367957374669e-05,1,1,1,adequate_smallest_model
3,D-GLC-noise,Delta GLC + noise,97,0.199475,delta_glc_full_unbalanced,delta_parallel,glc,full_unbalanced,9,9,33.0984713135302,0.000423078541223362,8.15041425544017e-06,1,1,1,adequate_smallest_model
3,D-GLC-noise,Delta GLC + noise,98,0.201475,delta_glc_full_unbalanced,delta_parallel,glc,full_unbalanced,9,9,34.5878881566857,0.000419722381926181,4.24546654394465e-06,1,1,1,adequate_smallest_model
3,D-GLC-noise,Delta GLC + noise,99,0.203475,delta_glc_full_unbalanced,delta_parallel,glc,full_unbalanced,9,9,31.8641479585935,0.000408801491869392,3.98650637432206e-06,1,1,1,adequate_smallest_model
3,D-GLC-noise,Delta GLC + noise,100,0.205475,delta_glc_full_unbalanced,delta_parallel,glc,full_unbalanced,9,9,29.6278750089431,0.000425545119604417,5.56130882004226e-06,1,1,1,adequate_smallest_model
3,D-GLC-noise,Delta GLC + noise,101,0.207475,delta_glc_full_unbalanced,delta_parallel,glc,full_unbalanced,9,9,29.7393292575172,0.000419903753811028,1.80627943904291e-05,1,1,1,adequate_smallest_model
3,D-GLC-noise,Delta GLC + noise,102,0.209475,delta_glc_full_unbalanced,delta_parallel,glc,full_unbalanced,9,9,33.100446147775,0.000432096393979048,1.80902774783178e-05,1,1,1,adequate_smallest_model
3,D-GLC-noise,Delta GLC + noise,103,0.211475,delta_glc_full_unbalanced,delta_parallel,glc,full_unbalanced,9,9,34.5875181114631,0.000442752474756348,1.0458146428832e-05,1,1,1,adequate_smallest_model
3,D-GLC-noise,Delta GLC + noise,104,0.213475,delta_glc_full_unbalanced,delta_parallel,glc,full_unbalanced,9,9,31.8602938717074,0.000426811316590761,5.99684593312683e-06,1,1,1,adequate_smallest_model
3,D-GLC-noise,Delta GLC + noise,105,0.215475,delta_glc_full_unbalanced,delta_parallel,glc,full_unbalanced,9,9,29.6262700104706,0.000426678047221077,5.24145920359925e-06,1,1,1,adequate_smallest_model
3,D-GLC-noise,Delta GLC + noise,106,0.217475,delta_glc_full_unbalanced,delta_parallel,glc,full_unbalanced,9,9,29.7370533654343,0.000442410923435837,5.65425080384859e-06,1,1,1,adequate_smallest_model
3,D-GLC-noise,Delta GLC + noise,107,0.219475,delta_glc_full_unbalanced,delta_parallel,glc,full_unbalanced,9,9,33.1039739428417,0.000446676463470184,6.20235898938366e-06,1,1,1,adequate_smallest_model
3,D-GLC-noise,Delta GLC + noise,108,0.221475,delta_glc_full_unbalanced,delta_parallel,glc,full_unbalanced,9,9,34.592054022589,0.000447466410503487,6.47807897047745e-06,1,1,1,adequate_smallest_model
3,D-GLC-noise,Delta GLC + noise,109,0.223475,delta_glc_full_unbalanced,delta_parallel,glc,full_unbalanced,9,9,31.8616298238966,0.000448992931728785,6.62653506053304e-06,1,1,1,adequate_smallest_model
3,D-GLC-noise,Delta GLC + noise,110,0.225475,delta_glc_full_unbalanced,delta_parallel,glc,full_unbalanced,9,9,29.6225369038799,0.000437905733370501,2.36229397263614e-05,1,1,1,adequate_smallest_model
3,D-GLC-noise,Delta GLC + noise,111,0.227475,delta_glc_full_unbalanced,delta_parallel,glc,full_unbalanced,9,9,29.7355968157844,0.000423165990776239,2.22949840704224e-05,1,1,1,adequate_smallest_model
3,D-GLC-noise,Delta GLC + noise,112,0.229475,delta_glc_full_unbalanced,delta_parallel,glc,full_unbalanced,9,9,33.0963155726435,0.000416108335223841,1.07178276707842e-05,1,1,1,adequate_smallest_model
3,D-GLC-noise,Delta GLC + noise,113,0.231475,delta_glc_full_unbalanced,delta_parallel,glc,full_unbalanced,9,9,34.5791959188799,0.000426183434940956,2.343682689231e-05,1,1,1,adequate_smallest_model
3,D-GLC-noise,Delta GLC + noise,114,0.233475,delta_glc_full_unbalanced,delta_parallel,glc,full_unbalanced,9,9,31.8543760110479,0.000413339263617619,1.57978661203469e-05,1,1,1,adequate_smallest_model
3,D-GLC-noise,Delta GLC + noise,115,0.235475,delta_glc_full_unbalanced,delta_parallel,glc,full_unbalanced,9,9,29.6178041955412,0.000420322419650088,2.75666075464083e-05,1,1,1,adequate_smallest_model
3,D-GLC-noise,Delta GLC + noise,116,0.237475,delta_glc_full_unbalanced,delta_parallel,glc,full_unbalanced,9,9,29.7337259327115,0.00040665270412364,7.04156541545898e-06,1,1,1,adequate_smallest_model
3,D-GLC-noise,Delta GLC + noise,117,0.239475,delta_glc_full_unbalanced,delta_parallel,glc,full_unbalanced,9,9,33.1000242357343,0.000432394294995974,3.99068814761651e-06,1,1,1,adequate_smallest_model
3,D-GLC-noise,Delta GLC + noise,118,0.241475,delta_glc_full_unbalanced,delta_parallel,glc,full_unbalanced,9,9,34.5836840841762,0.000471750710936606,5.0389100716785e-06,1,1,1,adequate_smallest_model
3,D-GLC-noise,Delta GLC + noise,119,0.243475,delta_glc_full_unbalanced,delta_parallel,glc,full_unbalanced,9,9,31.8546729673794,0.000461288055987774,3.00009169520052e-06,1,1,1,adequate_smallest_model
3,D-GLC-noise,Delta GLC + noise,120,0.245475,delta_glc_full_unbalanced,delta_parallel,glc,full_unbalanced,9,9,29.6193625521304,0.000428739253242717,1.03157102029789e-05,1,1,1,adequate_smallest_model
3,D-GLC-noise,Delta GLC + noise,121,0.247475,delta_glc_full_unbalanced,delta_parallel,glc,full_unbalanced,9,9,29.733156870738,0.000413572814388264,5.72041286221509e-06,1,1,1,adequate_smallest_model
3,D-GLC-noise,Delta GLC + noise,122,0.249475,delta_glc_full_unbalanced,delta_parallel,glc,full_unbalanced,9,9,33.0943659871193,0.000446611762270443,1.19891993132145e-05,1,1,1,adequate_smallest_model
3,D-GLC-noise,Delta GLC + noise,123,0.251475,delta_glc_full_unbalanced,delta_parallel,glc,full_unbalanced,9,9,34.5772528237428,0.000452426012805411,2.08849629061081e-06,1,1,1,adequate_smallest_model
3,D-GLC-noise,Delta GLC + noise,124,0.253475,delta_glc_full_unbalanced,delta_parallel,glc,full_unbalanced,9,9,31.8481562344777,0.000421034006969001,3.83242926883004e-06,1,1,1,adequate_smallest_model
3,D-GLC-noise,Delta GLC + noise,125,0.255475,delta_glc_full_unbalanced,delta_parallel,glc,full_unbalanced,9,9,29.6137191217033,0.000402811895254119,5.66014983961035e-06,1,1,1,adequate_smallest_model
3,D-GLC-noise,Delta GLC + noise,126,0.257475,delta_glc_full_unbalanced,delta_parallel,glc,full_unbalanced,9,9,29.7291210434352,0.000404184032476104,1.86158080613573e-06,1,1,1,adequate_smallest_model
3,D-GLC-noise,Delta GLC + noise,127,0.259475,delta_glc_full_unbalanced,delta_parallel,glc,full_unbalanced,9,9,33.0958379077215,0.000404302983983918,1.30161028263844e-06,1,1,1,adequate_smallest_model
3,D-GLC-noise,Delta GLC + noise,128,0.261475,delta_glc_full_unbalanced,delta_parallel,glc,full_unbalanced,9,9,34.5824075559216,0.000397247409821318,2.98687891043886e-06,1,1,1,adequate_smallest_model
3,D-GLC-noise,Delta GLC + noise,129,0.263475,delta_glc_full_unbalanced,delta_parallel,glc,full_unbalanced,9,9,31.859568354366,0.000392025407476932,1.03692917210057e-05,1,1,1,adequate_smallest_model
3,D-GLC-noise,Delta GLC + noise,130,0.265475,delta_glc_full_unbalanced,delta_parallel,glc,full_unbalanced,9,9,29.6219006001901,0.000384699344167061,1.47473990581293e-05,1,1,1,adequate_smallest_model
3,D-GLC-noise,Delta GLC + noise,131,0.267475,delta_glc_full_unbalanced,delta_parallel,glc,full_unbalanced,9,9,29.7431000355684,0.000390619770001767,1.20972204033762e-05,1,1,1,adequate_smallest_model
3,D-GLC-noise,Delta GLC + noise,132,0.269475,delta_glc_full_unbalanced,delta_parallel,glc,full_unbalanced,9,9,33.1077860208232,0.000399293074843456,1.60654167703472e-05,1,1,1,adequate_smallest_model
3,D-GLC-noise,Delta GLC + noise,133,0.271475,delta_glc_full_unbalanced,delta_parallel,glc,full_unbalanced,9,9,34.5956915998157,0.000417747233735903,7.26396518789947e-06,1,1,1,adequate_smallest_model
3,D-GLC-noise,Delta GLC + noise,134,0.273475,delta_glc_full_unbalanced,delta_parallel,glc,full_unbalanced,9,9,31.8594849925929,0.000398085454534664,9.27584330161216e-06,1,1,1,adequate_smallest_model
3,D-GLC-noise,Delta GLC + noise,135,0.275475,delta_glc_full_unbalanced,delta_parallel,glc,full_unbalanced,9,9,29.6223253685297,0.000409747828666676,1.7146552097858e-05,1,1,1,adequate_smallest_model
3,D-GLC-noise,Delta GLC + noise,136,0.277475,delta_glc_full_unbalanced,delta_parallel,glc,full_unbalanced,9,9,29.7314791999916,0.000398838933606586,7.18607097415601e-06,1,1,1,adequate_smallest_model
3,D-GLC-noise,Delta GLC + noise,137,0.279475,delta_glc_full_unbalanced,delta_parallel,glc,full_unbalanced,9,9,33.0948364792808,0.000410967206072568,1.11181283546046e-06,1,1,1,adequate_smallest_model
3,D-GLC-noise,Delta GLC + noise,138,0.281475,delta_glc_full_unbalanced,delta_parallel,glc,full_unbalanced,9,9,34.5803579550514,0.000413682201048364,1.2254789529624e-05,1,1,1,adequate_smallest_model
3,D-GLC-noise,Delta GLC + noise,139,0.283475,delta_glc_full_unbalanced,delta_parallel,glc,full_unbalanced,9,9,31.8578088028824,0.000422788048609844,1.81130606036263e-06,1,1,1,adequate_smallest_model
3,D-GLC-noise,Delta GLC + noise,140,0.285475,delta_glc_full_unbalanced,delta_parallel,glc,full_unbalanced,9,9,29.6266933016479,0.000422836709282042,1.92530986960049e-05,1,1,1,adequate_smallest_model
3,D-GLC-noise,Delta GLC + noise,141,0.287475,delta_glc_full_unbalanced,delta_parallel,glc,full_unbalanced,9,9,29.7435573100779,0.000438454720070648,9.95329245763177e-06,1,1,1,adequate_smallest_model
3,D-GLC-noise,Delta GLC + noise,142,0.289475,delta_glc_full_unbalanced,delta_parallel,glc,full_unbalanced,9,9,33.1127396629734,0.000440023439312226,5.8347757337393e-06,1,1,1,adequate_smallest_model
3,D-GLC-noise,Delta GLC + noise,143,0.291475,delta_glc_full_unbalanced,delta_parallel,glc,full_unbalanced,9,9,34.596746872984,0.000472826660543011,1.06956969494725e-05,1,1,1,adequate_smallest_model
3,D-GLC-noise,Delta GLC + noise,144,0.293475,delta_glc_full_unbalanced,delta_parallel,glc,full_unbalanced,9,9,31.8664337054135,0.000432746095313111,1.19257865744188e-05,1,1,1,adequate_smallest_model
3,D-GLC-noise,Delta GLC + noise,145,0.295475,delta_glc_full_unbalanced,delta_parallel,glc,full_unbalanced,9,9,29.6264179400087,0.000427381076207765,1.56686752613693e-05,1,1,1,adequate_smallest_model
3,D-GLC-noise,Delta GLC + noise,146,0.297475,delta_glc_full_unbalanced,delta_parallel,glc,full_unbalanced,9,9,29.7372405896341,0.000412525262283482,1.01769106269903e-05,1,1,1,adequate_smallest_model
3,D-GLC-noise,Delta GLC + noise,147,0.299475,delta_glc_full_unbalanced,delta_parallel,glc,full_unbalanced,9,9,33.1014831862742,0.000420216985065629,5.01589717210834e-06,1,1,1,adequate_smallest_model
3,D-GLC-noise,Delta GLC + noise,148,0.301475,delta_glc_full_unbalanced,delta_parallel,glc,full_unbalanced,9,9,34.5827892729114,0.000423986285106721,1.08977851980869e-05,1,1,1,adequate_smallest_model
3,D-GLC-noise,Delta GLC + noise,149,0.303475,delta_glc_full_unbalanced,delta_parallel,glc,full_unbalanced,9,9,31.8574724017091,0.000408021879844917,8.18080785065445e-06,1,1,1,adequate_smallest_model
3,D-GLC-noise,Delta GLC + noise,150,0.305475,delta_glc_full_unbalanced,delta_parallel,glc,full_unbalanced,9,9,29.6230702800779,0.000392631910109842,1.41105601353327e-05,1,1,1,adequate_smallest_model
3,D-GLC-noise,Delta GLC + noise,151,0.307475,delta_glc_full_unbalanced,delta_parallel,glc,full_unbalanced,9,9,29.7367182573182,0.000443519077955838,2.23519204094876e-06,1,1,1,adequate_smallest_model
3,D-GLC-noise,Delta GLC + noise,152,0.309475,delta_glc_full_unbalanced,delta_parallel,glc,full_unbalanced,9,9,33.106467857989,0.000430050387263517,2.70452995877864e-06,1,1,1,adequate_smallest_model
3,D-GLC-noise,Delta GLC + noise,153,0.311475,delta_glc_full_unbalanced,delta_parallel,glc,full_unbalanced,9,9,34.5990734304605,0.000468339001097388,2.00763710986162e-06,1,1,1,adequate_smallest_model
3,D-GLC-noise,Delta GLC + noise,154,0.313475,delta_glc_full_unbalanced,delta_parallel,glc,full_unbalanced,9,9,31.8671649464747,0.000468194676443024,1.7801756798512e-06,1,1,1,adequate_smallest_model
3,D-GLC-noise,Delta GLC + noise,155,0.315475,delta_glc_full_unbalanced,delta_parallel,glc,full_unbalanced,9,9,29.6325478749596,0.000476058682247039,3.30357660471466e-06,1,1,1,adequate_smallest_model
3,D-GLC-noise,Delta GLC + noise,156,0.317475,delta_glc_full_unbalanced,delta_parallel,glc,full_unbalanced,9,9,29.7480280803946,0.000448810898808078,7.9252679872466e-06,1,1,1,adequate_smallest_model
3,D-GLC-noise,Delta GLC + noise,157,0.319475,delta_glc_full_unbalanced,delta_parallel,glc,full_unbalanced,9,9,33.1134965639636,0.000441065649281623,1.41632451282074e-05,1,1,1,adequate_smallest_model
3,D-GLC-noise,Delta GLC + noise,158,0.321475,delta_glc_full_unbalanced,delta_parallel,glc,full_unbalanced,9,9,34.5923838002465,0.00044714692309282,2.68241775635516e-05,1,1,1,adequate_smallest_model
3,D-GLC-noise,Delta GLC + noise,159,0.323475,delta_glc_full_unbalanced,delta_parallel,glc,full_unbalanced,9,9,31.8697897806012,0.000434884217734645,2.25261220665315e-05,1,1,1,adequate_smallest_model
3,D-GLC-noise,Delta GLC + noise,160,0.325475,delta_glc_full_unbalanced,delta_parallel,glc,full_unbalanced,9,9,29.6339766859628,0.000428201411686021,3.69802638918333e-05,1,1,1,adequate_smallest_model
3,D-GLC-noise,Delta GLC + noise,161,0.327475,delta_glc_full_unbalanced,delta_parallel,glc,full_unbalanced,9,9,29.741746484778,0.00043290940436268,3.76053759303011e-05,1,1,1,adequate_smallest_model
3,D-GLC-noise,Delta GLC + noise,162,0.329475,delta_glc_full_unbalanced,delta_parallel,glc,full_unbalanced,9,9,33.1046356381173,0.000434176707042409,2.80395186675912e-05,1,1,1,adequate_smallest_model
3,D-GLC-noise,Delta GLC + noise,163,0.331475,delta_glc_full_unbalanced,delta_parallel,glc,full_unbalanced,9,9,34.5916149629394,0.000458437956578669,3.07923107058377e-05,1,1,1,adequate_smallest_model
3,D-GLC-noise,Delta GLC + noise,164,0.333475,delta_glc_full_unbalanced,delta_parallel,glc,full_unbalanced,9,9,31.8577562043389,0.000441316781350079,2.43759368994275e-05,1,1,1,adequate_smallest_model
3,D-GLC-noise,Delta GLC + noise,165,0.335475,delta_glc_full_unbalanced,delta_parallel,glc,full_unbalanced,9,9,29.6259298677402,0.00043997632753295,1.92182444186754e-05,1,1,1,adequate_smallest_model
3,D-GLC-noise,Delta GLC + noise,166,0.337475,delta_glc_full_unbalanced,delta_parallel,glc,full_unbalanced,9,9,29.7397706257856,0.000437310385754692,2.58860311433232e-05,1,1,1,adequate_smallest_model
3,D-GLC-noise,Delta GLC + noise,167,0.339475,delta_glc_full_unbalanced,delta_parallel,glc,full_unbalanced,9,9,33.1005875816665,0.000449863080847893,3.90346838345275e-05,1,1,1,adequate_smallest_model
3,D-GLC-noise,Delta GLC + noise,168,0.341475,delta_glc_full_unbalanced,delta_parallel,glc,full_unbalanced,9,9,34.5829325587866,0.000466304669283298,4.36317351590696e-05,1,1,1,adequate_smallest_model
3,D-GLC-noise,Delta GLC + noise,169,0.343475,delta_glc_full_unbalanced,delta_parallel,glc,full_unbalanced,9,9,31.8584059253939,0.000410759097836347,2.05878577795998e-05,1,1,1,adequate_smallest_model
3,D-GLC-noise,Delta GLC + noise,170,0.345475,delta_glc_full_unbalanced,delta_parallel,glc,full_unbalanced,9,9,29.6201919463193,0.000432358063173106,3.70627800040189e-05,1,1,1,adequate_smallest_model
3,D-GLC-noise,Delta GLC + noise,171,0.347475,delta_glc_full_unbalanced,delta_parallel,glc,full_unbalanced,9,9,29.7363678520064,0.000421021377493964,2.30948210281948e-05,1,1,1,adequate_smallest_model
3,D-GLC-noise,Delta GLC + noise,172,0.349475,delta_glc_full_unbalanced,delta_parallel,glc,full_unbalanced,9,9,33.0977481748248,0.000435595525781147,4.13400342941871e-06,1,1,1,adequate_smallest_model
3,D-GLC-noise,Delta GLC + noise,173,0.351475,delta_glc_full_unbalanced,delta_parallel,glc,full_unbalanced,9,9,34.5800919410537,0.000421741497582382,2.01115967651561e-06,1,1,1,adequate_smallest_model
3,D-GLC-noise,Delta GLC + noise,174,0.353475,delta_glc_full_unbalanced,delta_parallel,glc,full_unbalanced,9,9,31.8527160054165,0.000398982480021306,6.15465297533505e-06,1,1,1,adequate_smallest_model
3,D-GLC-noise,Delta GLC + noise,175,0.355475,delta_glc_full_unbalanced,delta_parallel,glc,full_unbalanced,9,9,29.6238427387004,0.000390847922521686,8.01517714195338e-06,1,1,1,adequate_smallest_model
3,D-GLC-noise,Delta GLC + noise,176,0.357475,delta_glc_full_unbalanced,delta_parallel,glc,full_unbalanced,9,9,29.7402361526742,0.000394722735604997,1.18725453670568e-05,1,1,1,adequate_smallest_model
3,D-GLC-noise,Delta GLC + noise,177,0.359475,delta_glc_full_unbalanced,delta_parallel,glc,full_unbalanced,9,9,33.1076943068771,0.000410785107139707,1.423576541934e-05,1,1,1,adequate_smallest_model
3,D-GLC-noise,Delta GLC + noise,178,0.361475,delta_glc_full_unbalanced,delta_parallel,glc,full_unbalanced,9,9,34.5939404059181,0.000408716565488475,4.69498166212191e-06,1,1,1,adequate_smallest_model
3,D-GLC-noise,Delta GLC + noise,179,0.363475,delta_glc_full_unbalanced,delta_parallel,glc,full_unbalanced,9,9,31.8709365767257,0.000400416433621939,5.55471784245894e-06,1,1,1,adequate_smallest_model
3,D-GLC-noise,Delta GLC + noise,180,0.365475,delta_glc_full_unbalanced,delta_parallel,glc,full_unbalanced,9,9,29.6375272769797,0.00040526698010954,2.37881766535974e-05,1,1,1,adequate_smallest_model
3,D-GLC-noise,Delta GLC + noise,181,0.367475,delta_glc_full_unbalanced,delta_parallel,glc,full_unbalanced,9,9,29.7511908496025,0.000414772615191997,6.19426908361754e-06,1,1,1,adequate_smallest_model
3,D-GLC-noise,Delta GLC + noise,182,0.369475,delta_glc_full_unbalanced,delta_parallel,glc,full_unbalanced,9,9,33.1090268007925,0.000423715241684918,9.77746400168563e-06,1,1,1,adequate_smallest_model
3,D-GLC-noise,Delta GLC + noise,183,0.371475,delta_glc_full_unbalanced,delta_parallel,glc,full_unbalanced,9,9,34.5918836862613,0.000430853327705388,4.19280707770373e-06,1,1,1,adequate_smallest_model
3,D-GLC-noise,Delta GLC + noise,184,0.373475,delta_glc_full_unbalanced,delta_parallel,glc,full_unbalanced,9,9,31.8691208706904,0.000411110568592932,5.99334060169375e-06,1,1,1,adequate_smallest_model
3,D-GLC-noise,Delta GLC + noise,185,0.375475,delta_glc_full_unbalanced,delta_parallel,glc,full_unbalanced,9,9,29.6306035068371,0.000397751922882122,3.67272929459541e-06,1,1,1,adequate_smallest_model
3,D-GLC-noise,Delta GLC + noise,186,0.377475,delta_glc_full_unbalanced,delta_parallel,glc,full_unbalanced,9,9,29.7411582641061,0.000396045096179622,8.77837172128205e-06,1,1,1,adequate_smallest_model
3,D-GLC-noise,Delta GLC + noise,187,0.379475,delta_glc_full_unbalanced,delta_parallel,glc,full_unbalanced,9,9,33.1042730944435,0.00042010781757112,1.55045477483146e-05,1,1,1,adequate_smallest_model
3,D-GLC-noise,Delta GLC + noise,188,0.381475,delta_glc_full_unbalanced,delta_parallel,glc,full_unbalanced,9,9,34.5919069804541,0.000417697765056561,5.36914061658947e-06,1,1,1,adequate_smallest_model
3,D-GLC-noise,Delta GLC + noise,189,0.383475,delta_glc_full_unbalanced,delta_parallel,glc,full_unbalanced,9,9,31.8677729284385,0.000409270380105344,4.49979496443753e-06,1,1,1,adequate_smallest_model
3,D-GLC-noise,Delta GLC + noise,190,0.385475,delta_glc_full_unbalanced,delta_parallel,glc,full_unbalanced,9,9,29.6344486809915,0.000393029706371895,2.34870238185133e-06,1,1,1,adequate_smallest_model
3,D-GLC-noise,Delta GLC + noise,191,0.387475,delta_glc_full_unbalanced,delta_parallel,glc,full_unbalanced,9,9,29.7477582646022,0.000393699823378536,1.2764428636529e-06,1,1,1,adequate_smallest_model
3,D-GLC-noise,Delta GLC + noise,192,0.389475,delta_glc_full_unbalanced,delta_parallel,glc,full_unbalanced,9,9,33.1075422449399,0.000411175421107205,3.90806298900846e-06,1,1,1,adequate_smallest_model
3,D-GLC-noise,Delta GLC + noise,193,0.391475,delta_glc_full_unbalanced,delta_parallel,glc,full_unbalanced,9,9,34.5988597860266,0.000430495567675795,6.52301773458345e-07,1,1,1,adequate_smallest_model
3,D-GLC-noise,Delta GLC + noise,194,0.393475,delta_glc_full_unbalanced,delta_parallel,glc,full_unbalanced,9,9,31.8711294058307,0.000401435935933952,1.09595665734181e-06,1,1,1,adequate_smallest_model
3,D-GLC-noise,Delta GLC + noise,195,0.395475,delta_glc_full_unbalanced,delta_parallel,glc,full_unbalanced,9,9,29.6313723872553,0.000415190761087963,8.84390110713941e-06,1,1,1,adequate_smallest_model
3,D-GLC-noise,Delta GLC + noise,196,0.397475,delta_glc_full_unbalanced,delta_parallel,glc,full_unbalanced,9,9,29.7456840187621,0.000414840943463603,5.95128172165657e-06,1,1,1,adequate_smallest_model
3,D-GLC-noise,Delta GLC + noise,197,0.399475,delta_glc_full_unbalanced,delta_parallel,glc,full_unbalanced,9,9,33.1115225322515,0.000433687589197362,1.18078395112929e-05,1,1,1,adequate_smallest_model
3,D-GLC-noise,Delta GLC + noise,198,0.401475,delta_glc_full_unbalanced,delta_parallel,glc,full_unbalanced,9,9,34.60207154216,0.000453350800768724,3.24157113952198e-06,1,1,1,adequate_smallest_model
3,D-GLC-noise,Delta GLC + noise,199,0.403475,delta_glc_full_unbalanced,delta_parallel,glc,full_unbalanced,9,9,31.8746963929454,0.000461791523951323,2.21655325727663e-06,1,1,1,adequate_smallest_model
3,D-GLC-noise,Delta GLC + noise,200,0.405475,delta_glc_full_unbalanced,delta_parallel,glc,full_unbalanced,9,9,29.6386500300506,0.000458967626898784,1.19133028757667e-05,1,1,1,adequate_smallest_model
3,D-GLC-noise,Delta GLC + noise,201,0.407475,delta_glc_full_unbalanced,delta_parallel,glc,full_unbalanced,9,9,29.7534191367858,0.000447852524035314,4.15617050603242e-06,1,1,1,adequate_smallest_model
3,D-GLC-noise,Delta GLC + noise,202,0.409475,delta_glc_full_unbalanced,delta_parallel,glc,full_unbalanced,9,9,33.1235175378823,0.000443436471566047,2.37397356947485e-07,1,1,1,adequate_smallest_model
3,D-GLC-noise,Delta GLC + noise,203,0.411475,delta_glc_full_unbalanced,delta_parallel,glc,full_unbalanced,9,9,34.609803252904,0.000450565060188177,1.27691988213053e-05,1,1,1,adequate_smallest_model
3,D-GLC-noise,Delta GLC + noise,204,0.413475,delta_glc_full_unbalanced,delta_parallel,glc,full_unbalanced,9,9,31.8820281998229,0.000420012895391357,1.34408984742742e-05,1,1,1,adequate_smallest_model
3,D-GLC-noise,Delta GLC + noise,205,0.415475,delta_glc_full_unbalanced,delta_parallel,glc,full_unbalanced,9,9,29.6395524108823,0.000431384313016909,2.33030026636549e-05,1,1,1,adequate_smallest_model
3,D-GLC-noise,Delta GLC + noise,206,0.417475,delta_glc_full_unbalanced,delta_parallel,glc,full_unbalanced,9,9,29.7508818137291,0.000453048346013162,2.16061350070114e-05,1,1,1,adequate_smallest_model
3,D-GLC-noise,Delta GLC + noise,207,0.419475,delta_glc_full_unbalanced,delta_parallel,glc,full_unbalanced,9,9,33.1105716293445,0.000450284799443718,2.53436011427014e-05,1,1,1,adequate_smallest_model
3,D-GLC-noise,Delta GLC + noise,208,0.421475,delta_glc_full_unbalanced,delta_parallel,glc,full_unbalanced,9,9,34.5996499586729,0.000463036229498102,3.16488691299423e-05,1,1,1,adequate_smallest_model
3,D-GLC-noise,Delta GLC + noise,209,0.423475,delta_glc_full_unbalanced,delta_parallel,glc,full_unbalanced,9,9,31.8737742876832,0.000454684675137154,1.80148257296805e-05,1,1,1,adequate_smallest_model
3,D-GLC-noise,Delta GLC + noise,210,0.425475,delta_glc_full_unbalanced,delta_parallel,glc,full_unbalanced,9,9,29.6336983421252,0.000433917941866982,2.317622578485e-05,1,1,1,adequate_smallest_model
3,D-GLC-noise,Delta GLC + noise,211,0.427475,delta_glc_full_unbalanced,delta_parallel,glc,full_unbalanced,9,9,29.7487967959767,0.000460062954363983,1.01576746055478e-05,1,1,1,adequate_smallest_model
3,D-GLC-noise,Delta GLC + noise,212,0.429475,delta_glc_full_unbalanced,delta_parallel,glc,full_unbalanced,9,9,33.1143987986138,0.00044131883787181,3.5594316336601e-06,1,1,1,adequate_smallest_model
3,D-GLC-noise,Delta GLC + noise,213,0.431475,delta_glc_full_unbalanced,delta_parallel,glc,full_unbalanced,9,9,34.6030182873039,0.000453033733434215,9.62771824024676e-06,1,1,1,adequate_smallest_model
3,D-GLC-noise,Delta GLC + noise,214,0.433475,delta_glc_full_unbalanced,delta_parallel,glc,full_unbalanced,9,9,31.8713433381629,0.000426559755513492,1.49430622635361e-06,1,1,1,adequate_smallest_model
3,D-GLC-noise,Delta GLC + noise,215,0.435475,delta_glc_full_unbalanced,delta_parallel,glc,full_unbalanced,9,9,29.6351534054391,0.000431221053671692,3.84429619289735e-07,1,1,1,adequate_smallest_model
3,D-GLC-noise,Delta GLC + noise,216,0.437475,delta_glc_full_unbalanced,delta_parallel,glc,full_unbalanced,9,9,29.7462808700359,0.00043667786973013,4.76196361291015e-06,1,1,1,adequate_smallest_model
3,D-GLC-noise,Delta GLC + noise,217,0.439475,delta_glc_full_unbalanced,delta_parallel,glc,full_unbalanced,9,9,33.1128912188781,0.000443324297070939,2.75191247057311e-06,1,1,1,adequate_smallest_model
3,D-GLC-noise,Delta GLC + noise,218,0.441475,delta_glc_full_unbalanced,delta_parallel,glc,full_unbalanced,9,9,34.604511864575,0.000444427392129055,5.98360495503684e-07,1,1,1,adequate_smallest_model
3,D-GLC-noise,Delta GLC + noise,219,0.443475,delta_glc_full_unbalanced,delta_parallel,glc,full_unbalanced,9,9,31.877481383899,0.000408216355045898,2.13607514378641e-06,1,1,1,adequate_smallest_model
3,D-GLC-noise,Delta GLC + noise,220,0.445475,delta_glc_full_unbalanced,delta_parallel,glc,full_unbalanced,9,9,29.6381331604854,0.000420408652978996,1.05508401451221e-05,1,1,1,adequate_smallest_model
3,D-GLC-noise,Delta GLC + noise,221,0.447475,delta_glc_full_unbalanced,delta_parallel,glc,full_unbalanced,9,9,29.7551334780252,0.000431798421538719,7.50595868650284e-06,1,1,1,adequate_smallest_model
3,D-GLC-noise,Delta GLC + noise,222,0.449475,delta_glc_full_unbalanced,delta_parallel,glc,full_unbalanced,9,9,33.116587242442,0.000448393479577436,1.41682856897583e-05,1,1,1,adequate_smallest_model
3,D-GLC-noise,Delta GLC + noise,223,0.451475,delta_glc_full_unbalanced,delta_parallel,glc,full_unbalanced,9,9,34.6056262510435,0.000433135292618173,1.21450005266753e-05,1,1,1,adequate_smallest_model
3,D-GLC-noise,Delta GLC + noise,224,0.453475,delta_glc_full_unbalanced,delta_parallel,glc,full_unbalanced,9,9,31.8724356026368,0.000425112406380281,1.64643976018653e-05,1,1,1,adequate_smallest_model
3,D-GLC-noise,Delta GLC + noise,225,0.455475,delta_glc_full_unbalanced,delta_parallel,glc,full_unbalanced,9,9,29.6321182644768,0.000430969705621419,7.84756967210752e-06,1,1,1,adequate_smallest_model
3,D-GLC-noise,Delta GLC + noise,226,0.457475,delta_glc_full_unbalanced,delta_parallel,glc,full_unbalanced,9,9,29.7424740390496,0.000423556797314613,2.71266813851157e-05,1,1,1,adequate_smallest_model
3,D-GLC-noise,Delta GLC + noise,227,0.459475,delta_glc_full_unbalanced,delta_parallel,glc,full_unbalanced,9,9,33.1079781847809,0.00045250668739347,2.11492141053306e-05,1,1,1,adequate_smallest_model
3,D-GLC-noise,Delta GLC + noise,228,0.461475,delta_glc_full_unbalanced,delta_parallel,glc,full_unbalanced,9,9,34.5848668524286,0.000440803214129428,1.48053721865467e-05,1,1,1,adequate_smallest_model
3,D-GLC-noise,Delta GLC + noise,229,0.463475,delta_glc_full_unbalanced,delta_parallel,glc,full_unbalanced,9,9,31.8651973366452,0.000419486291282658,2.7288647138147e-06,1,1,1,adequate_smallest_model
3,D-GLC-noise,Delta GLC + noise,230,0.465475,delta_glc_full_unbalanced,delta_parallel,glc,full_unbalanced,9,9,29.6258021128694,0.000405440564275654,1.11554037084325e-05,1,1,1,adequate_smallest_model
3,D-GLC-noise,Delta GLC + noise,231,0.467475,delta_glc_full_unbalanced,delta_parallel,glc,full_unbalanced,9,9,29.7409368149613,0.000417377143085531,8.60492652011365e-06,1,1,1,adequate_smallest_model
3,D-GLC-noise,Delta GLC + noise,232,0.469475,delta_glc_full_unbalanced,delta_parallel,glc,full_unbalanced,9,9,33.104122083363,0.000410538077819065,1.75669441840437e-05,1,1,1,adequate_smallest_model
3,D-GLC-noise,Delta GLC + noise,233,0.471475,delta_glc_full_unbalanced,delta_parallel,glc,full_unbalanced,9,9,34.5910204624204,0.00042054363070966,3.56706677023857e-06,1,1,1,adequate_smallest_model
3,D-GLC-noise,Delta GLC + noise,234,0.473475,delta_glc_full_unbalanced,delta_parallel,glc,full_unbalanced,9,9,31.8591070546392,0.000389140943644648,2.51486221971855e-06,1,1,1,adequate_smallest_model
3,D-GLC-noise,Delta GLC + noise,235,0.475475,delta_glc_full_unbalanced,delta_parallel,glc,full_unbalanced,9,9,29.6213310763643,0.000398571282999533,2.02083576995528e-06,1,1,1,adequate_smallest_model
3,D-GLC-noise,Delta GLC + noise,236,0.477475,delta_glc_full_unbalanced,delta_parallel,glc,full_unbalanced,9,9,29.7326668601983,0.000411553135237082,1.62021905087203e-05,1,1,1,adequate_smallest_model
3,D-GLC-noise,Delta GLC + noise,237,0.479475,delta_glc_full_unbalanced,delta_parallel,glc,full_unbalanced,9,9,33.0935519790772,0.000423326743599577,4.01960144578849e-06,1,1,1,adequate_smallest_model
3,D-GLC-noise,Delta GLC + noise,238,0.481475,delta_glc_full_unbalanced,delta_parallel,glc,full_unbalanced,9,9,34.5686514241536,0.000444583174923326,1.24948210582584e-05,1,1,1,adequate_smallest_model
3,D-GLC-noise,Delta GLC + noise,239,0.483475,delta_glc_full_unbalanced,delta_parallel,glc,full_unbalanced,9,9,31.8508445026265,0.000423851811587312,1.60991482379224e-05,1,1,1,adequate_smallest_model
3,D-GLC-noise,Delta GLC + noise,240,0.485475,delta_glc_full_unbalanced,delta_parallel,glc,full_unbalanced,9,9,29.6157356687299,0.000430598820898021,2.47192164819316e-05,1,1,1,adequate_smallest_model
3,D-GLC-noise,Delta GLC + noise,241,0.487475,delta_glc_full_unbalanced,delta_parallel,glc,full_unbalanced,9,9,29.7269015742949,0.000441432215192839,2.05455636430775e-05,1,1,1,adequate_smallest_model
3,D-GLC-noise,Delta GLC + noise,242,0.489475,delta_glc_full_unbalanced,delta_parallel,glc,full_unbalanced,9,9,33.0868817284967,0.000442699518099406,1.66212941999357e-05,1,1,1,adequate_smallest_model
3,D-GLC-noise,Delta GLC + noise,243,0.491475,delta_glc_full_unbalanced,delta_parallel,glc,full_unbalanced,9,9,34.5801554150969,0.000427027315645243,1.57283717483626e-05,1,1,1,adequate_smallest_model
3,D-GLC-noise,Delta GLC + noise,244,0.493475,delta_glc_full_unbalanced,delta_parallel,glc,full_unbalanced,9,9,31.858456824859,0.000405959050247369,1.91875654997928e-06,1,1,1,adequate_smallest_model
3,D-GLC-noise,Delta GLC + noise,245,0.495475,delta_glc_full_unbalanced,delta_parallel,glc,full_unbalanced,9,9,29.6242738573266,0.000386463328585415,1.54425833316042e-05,1,1,1,adequate_smallest_model
3,D-GLC-noise,Delta GLC + noise,246,0.497475,delta_glc_full_unbalanced,delta_parallel,glc,full_unbalanced,9,9,29.743811174137,0.0004086587194777,2.24531362655075e-05,1,1,1,adequate_smallest_model
3,D-GLC-noise,Delta GLC + noise,247,0.499475,delta_glc_full_unbalanced,delta_parallel,glc,full_unbalanced,9,9,33.1081554198651,0.000417141122908892,2.20990842057919e-05,1,1,1,adequate_smallest_model
3,D-GLC-noise,Delta GLC + noise,248,0.501475,delta_glc_full_unbalanced,delta_parallel,glc,full_unbalanced,9,9,34.5930369535449,0.000440849358987207,2.62381612340201e-05,1,1,1,adequate_smallest_model
3,D-GLC-noise,Delta GLC + noise,249,0.503475,delta_glc_full_unbalanced,delta_parallel,glc,full_unbalanced,9,9,31.8621586210424,0.000418501695537319,1.54912446620845e-05,1,1,1,adequate_smallest_model
3,D-GLC-noise,Delta GLC + noise,250,0.505475,delta_glc_full_unbalanced,delta_parallel,glc,full_unbalanced,9,9,29.6235712786754,0.000429869244565337,2.76115465622221e-05,1,1,1,adequate_smallest_model
3,D-GLC-noise,Delta GLC + noise,251,0.507475,delta_glc_full_unbalanced,delta_parallel,glc,full_unbalanced,9,9,29.7276646975643,0.000460450125044154,1.77885486514085e-05,1,1,1,adequate_smallest_model
3,D-GLC-noise,Delta GLC + noise,252,0.509475,delta_glc_full_unbalanced,delta_parallel,glc,full_unbalanced,9,9,33.0899908213926,0.000457472505288856,1.38150996953152e-05,1,1,1,adequate_smallest_model
3,D-GLC-noise,Delta GLC + noise,253,0.511475,delta_glc_full_unbalanced,delta_parallel,glc,full_unbalanced,9,9,34.5748905307059,0.000485154762520921,2.19182916922252e-05,1,1,1,adequate_smallest_model
3,D-GLC-noise,Delta GLC + noise,254,0.513475,delta_glc_full_unbalanced,delta_parallel,glc,full_unbalanced,9,9,31.8516231687602,0.000453141682837696,2.11614571723486e-05,1,1,1,adequate_smallest_model
3,D-GLC-noise,Delta GLC + noise,255,0.515475,delta_glc_full_unbalanced,delta_parallel,glc,full_unbalanced,9,9,29.6186017585262,0.000399746741343204,1.61508522802316e-05,1,1,1,adequate_smallest_model
3,D-GLC-noise,Delta GLC + noise,256,0.517475,delta_glc_full_unbalanced,delta_parallel,glc,full_unbalanced,9,9,29.7363493004123,0.000414306584759424,7.65765907557806e-06,1,1,1,adequate_smallest_model
3,D-GLC-noise,Delta GLC + noise,257,0.519475,delta_glc_full_unbalanced,delta_parallel,glc,full_unbalanced,9,9,33.1054625701182,0.000445296921817506,5.42386225599974e-07,1,1,1,adequate_smallest_model
3,D-GLC-noise,Delta GLC + noise,258,0.521475,delta_glc_full_unbalanced,delta_parallel,glc,full_unbalanced,9,9,34.5876734661628,0.000426568402530214,2.99472278997263e-06,1,1,1,adequate_smallest_model
3,D-GLC-noise,Delta GLC + noise,259,0.523475,delta_glc_full_unbalanced,delta_parallel,glc,full_unbalanced,9,9,31.8589228356863,0.000427382290131633,4.95181524829632e-06,1,1,1,adequate_smallest_model
3,D-GLC-noise,Delta GLC + noise,260,0.525475,delta_glc_full_unbalanced,delta_parallel,glc,full_unbalanced,9,9,29.6262123243234,0.000428590953808309,4.41910016065739e-06,1,1,1,adequate_smallest_model
3,D-GLC-noise,Delta GLC + noise,261,0.527475,delta_glc_full_unbalanced,delta_parallel,glc,full_unbalanced,9,9,29.7440967704557,0.000403742376471666,6.03614924645616e-06,1,1,1,adequate_smallest_model
3,D-GLC-noise,Delta GLC + noise,262,0.529475,delta_glc_full_unbalanced,delta_parallel,glc,full_unbalanced,9,9,33.1061265773005,0.000428675355190792,7.58896521028208e-06,1,1,1,adequate_smallest_model
3,D-GLC-noise,Delta GLC + noise,263,0.531475,delta_glc_full_unbalanced,delta_parallel,glc,full_unbalanced,9,9,34.5852892389634,0.000420576243827469,1.29822223747423e-06,1,1,1,adequate_smallest_model
3,D-GLC-noise,Delta GLC + noise,264,0.533475,delta_glc_full_unbalanced,delta_parallel,glc,full_unbalanced,9,9,31.8583156750034,0.000384343862996354,1.01330198693088e-06,1,1,1,adequate_smallest_model
3,D-GLC-noise,Delta GLC + noise,265,0.535475,delta_glc_full_unbalanced,delta_parallel,glc,full_unbalanced,9,9,29.6274967652405,0.000417312070097152,7.11096188278631e-06,1,1,1,adequate_smallest_model
3,D-GLC-noise,Delta GLC + noise,266,0.537475,delta_glc_full_unbalanced,delta_parallel,glc,full_unbalanced,9,9,29.7449717773461,0.000424133567866507,5.69620093808161e-06,1,1,1,adequate_smallest_model
3,D-GLC-noise,Delta GLC + noise,267,0.539475,delta_glc_full_unbalanced,delta_parallel,glc,full_unbalanced,9,9,33.1142764604292,0.000407207598384699,2.16099945739533e-05,1,1,1,adequate_smallest_model
3,D-GLC-noise,Delta GLC + noise,268,0.541475,delta_glc_full_unbalanced,delta_parallel,glc,full_unbalanced,9,9,34.5999660661016,0.000432068392742224,1.81810864158837e-05,1,1,1,adequate_smallest_model
3,D-GLC-noise,Delta GLC + noise,269,0.543475,delta_glc_full_unbalanced,delta_parallel,glc,full_unbalanced,9,9,31.8663882545385,0.000421777766758107,2.84395038412456e-05,1,1,1,adequate_smallest_model
3,D-GLC-noise,Delta GLC + noise,270,0.545475,delta_glc_full_unbalanced,delta_parallel,glc,full_unbalanced,9,9,29.6337706837968,0.0004287222433671,1.25491300360926e-05,1,1,1,adequate_smallest_model
3,D-GLC-noise,Delta GLC + noise,271,0.547475,delta_glc_full_unbalanced,delta_parallel,glc,full_unbalanced,9,9,29.750806920027,0.000425355925325119,1.78192781131471e-05,1,1,1,adequate_smallest_model
3,D-GLC-noise,Delta GLC + noise,272,0.549475,delta_glc_full_unbalanced,delta_parallel,glc,full_unbalanced,9,9,33.110757224235,0.000436431861682927,1.40822660171797e-05,1,1,1,adequate_smallest_model
3,D-GLC-noise,Delta GLC + noise,273,0.551475,delta_glc_full_unbalanced,delta_parallel,glc,full_unbalanced,9,9,34.5995623497963,0.000408664191923794,2.84727279089514e-06,1,1,1,adequate_smallest_model
3,D-GLC-noise,Delta GLC + noise,274,0.553475,delta_glc_full_unbalanced,delta_parallel,glc,full_unbalanced,9,9,31.8702623290901,0.000418082633135441,7.05648217565662e-07,1,1,1,adequate_smallest_model
3,D-GLC-noise,Delta GLC + noise,275,0.555475,delta_glc_full_unbalanced,delta_parallel,glc,full_unbalanced,9,9,29.6307056345206,0.000425831327408525,1.41299269486713e-05,1,1,1,adequate_smallest_model
3,D-GLC-noise,Delta GLC + noise,276,0.557475,delta_glc_full_unbalanced,delta_parallel,glc,full_unbalanced,9,9,29.7430371186918,0.00040808148433408,2.93781557273542e-06,1,1,1,adequate_smallest_model
3,D-GLC-noise,Delta GLC + noise,277,0.559475,delta_glc_full_unbalanced,delta_parallel,glc,full_unbalanced,9,9,33.1051094159662,0.000420007433399839,3.0170752629585e-06,1,1,1,adequate_smallest_model
3,D-GLC-noise,Delta GLC + noise,278,0.561475,delta_glc_full_unbalanced,delta_parallel,glc,full_unbalanced,9,9,34.5897020239969,0.000412943465717931,1.19693746212038e-05,1,1,1,adequate_smallest_model
3,D-GLC-noise,Delta GLC + noise,279,0.563475,delta_glc_full_unbalanced,delta_parallel,glc,full_unbalanced,9,9,31.8564308090138,0.00040525746661949,1.05914368292759e-05,1,1,1,adequate_smallest_model
3,D-GLC-noise,Delta GLC + noise,280,0.565475,delta_glc_full_unbalanced,delta_parallel,glc,full_unbalanced,9,9,29.6231106987861,0.000406308887334284,2.29438246377663e-05,1,1,1,adequate_smallest_model
3,D-GLC-noise,Delta GLC + noise,281,0.567475,delta_glc_full_unbalanced,delta_parallel,glc,full_unbalanced,9,9,29.7295689560908,0.000426608294755261,1.58314011724366e-05,1,1,1,adequate_smallest_model
3,D-GLC-noise,Delta GLC + noise,282,0.569475,delta_glc_full_unbalanced,delta_parallel,glc,full_unbalanced,9,9,33.0993911652146,0.000425315610119039,1.63101557279343e-05,1,1,1,adequate_smallest_model
3,D-GLC-noise,Delta GLC + noise,283,0.571475,delta_glc_full_unbalanced,delta_parallel,glc,full_unbalanced,9,9,34.5803616478376,0.000465999939709292,1.88252379338483e-05,1,1,1,adequate_smallest_model
3,D-GLC-noise,Delta GLC + noise,284,0.573475,delta_glc_full_unbalanced,delta_parallel,glc,full_unbalanced,9,9,31.8607364049076,0.000436731512244089,1.82229281188411e-05,1,1,1,adequate_smallest_model
3,D-GLC-noise,Delta GLC + noise,285,0.575475,delta_glc_full_unbalanced,delta_parallel,glc,full_unbalanced,9,9,29.6248065769501,0.000448452017206616,1.65971483311023e-05,1,1,1,adequate_smallest_model
3,D-GLC-noise,Delta GLC + noise,286,0.577475,delta_glc_full_unbalanced,delta_parallel,glc,full_unbalanced,9,9,29.7358363625178,0.000443518930268396,9.73471217790624e-07,1,1,1,adequate_smallest_model
3,D-GLC-noise,Delta GLC + noise,287,0.579475,delta_glc_full_unbalanced,delta_parallel,glc,full_unbalanced,9,9,33.1076280161883,0.00046555099080172,1.41701616165166e-05,1,1,1,adequate_smallest_model
3,D-GLC-noise,Delta GLC + noise,288,0.581475,delta_glc_full_unbalanced,delta_parallel,glc,full_unbalanced,9,9,34.5910685668602,0.000458074524725204,1.77900886540408e-05,1,1,1,adequate_smallest_model
3,D-GLC-noise,Delta GLC + noise,289,0.583475,delta_glc_full_unbalanced,delta_parallel,glc,full_unbalanced,9,9,31.8667372695368,0.000442100826682342,4.72577674448862e-06,1,1,1,adequate_smallest_model
3,D-GLC-noise,Delta GLC + noise,290,0.585475,delta_glc_full_unbalanced,delta_parallel,glc,full_unbalanced,9,9,29.6297156090513,0.000434149899217263,1.5048240165535e-05,1,1,1,adequate_smallest_model
3,D-GLC-noise,Delta GLC + noise,291,0.587475,delta_glc_full_unbalanced,delta_parallel,glc,full_unbalanced,9,9,29.7472646867419,0.000418719731117106,1.23228309473349e-05,1,1,1,adequate_smallest_model
3,D-GLC-noise,Delta GLC + noise,292,0.589475,delta_glc_full_unbalanced,delta_parallel,glc,full_unbalanced,9,9,33.1162627563239,0.000435771422006589,1.41472189422398e-05,1,1,1,adequate_smallest_model
3,D-GLC-noise,Delta GLC + noise,293,0.591475,delta_glc_full_unbalanced,delta_parallel,glc,full_unbalanced,9,9,34.6035558151829,0.000428163601304124,6.46610071497917e-06,1,1,1,adequate_smallest_model
4,Y-RL-bal,Wye RL balanced,1,0.007475,wye_rl_balanced,wye_series,rl,balanced,2,2,1.0920509850893,2.0532851085612e-15,9.28236489456129e-05,1,1,1,adequate_smallest_model
4,Y-RL-bal,Wye RL balanced,2,0.009475,wye_rl_balanced,wye_series,rl,balanced,2,2,1.01610491616954,1.25471882806515e-15,4.97000386146904e-05,1,1,1,adequate_smallest_model
4,Y-RL-bal,Wye RL balanced,3,0.011475,wye_rl_balanced,wye_series,rl,balanced,2,2,1.01351747588556,1.73199044489253e-15,4.06492551875813e-05,1,1,1,adequate_smallest_model
4,Y-RL-bal,Wye RL balanced,4,0.013475,wye_rl_balanced,wye_series,rl,balanced,2,2,1.03806147648148,1.38562316485656e-15,1.75072148381653e-06,1,1,1,adequate_smallest_model
4,Y-RL-bal,Wye RL balanced,5,0.015475,wye_rl_balanced,wye_series,rl,balanced,2,2,1.00924648109538,1.64529729999402e-15,2.55065521037543e-05,1,1,1,adequate_smallest_model
4,Y-RL-bal,Wye RL balanced,6,0.017475,wye_rl_balanced,wye_series,rl,balanced,2,2,1.0920509850893,2.47182122376841e-15,9.28236489461276e-05,1,1,1,adequate_smallest_model
4,Y-RL-bal,Wye RL balanced,7,0.019475,wye_rl_balanced,wye_series,rl,balanced,2,2,1.01610491616954,1.61053436944942e-15,4.97000386150748e-05,1,1,1,adequate_smallest_model
4,Y-RL-bal,Wye RL balanced,8,0.021475,wye_rl_balanced,wye_series,rl,balanced,2,2,1.01351747588556,1.81964505892332e-15,4.06492551872709e-05,1,1,1,adequate_smallest_model
4,Y-RL-bal,Wye RL balanced,9,0.023475,wye_rl_balanced,wye_series,rl,balanced,2,2,1.03806147648148,1.65121331969275e-15,1.7507214827733e-06,1,1,1,adequate_smallest_model
4,Y-RL-bal,Wye RL balanced,10,0.025475,wye_rl_balanced,wye_series,rl,balanced,2,2,1.00924648109538,2.20449499747079e-15,2.55065521039333e-05,1,1,1,adequate_smallest_model
4,Y-RL-bal,Wye RL balanced,11,0.027475,wye_rl_balanced,wye_series,rl,balanced,2,2,1.0920509850893,2.69942859384618e-15,9.28236489460808e-05,1,1,1,adequate_smallest_model
4,Y-RL-bal,Wye RL balanced,12,0.029475,wye_rl_balanced,wye_series,rl,balanced,2,2,1.01610491616954,2.54475826657439e-15,4.97000386144214e-05,1,1,1,adequate_smallest_model
4,Y-RL-bal,Wye RL balanced,13,0.031475,wye_rl_balanced,wye_series,rl,balanced,2,2,1.01351747588556,3.27576149689464e-15,4.06492551872322e-05,1,1,1,adequate_smallest_model
4,Y-RL-bal,Wye RL balanced,14,0.033475,wye_rl_balanced,wye_series,rl,balanced,2,2,1.03806147648148,2.96463107990496e-15,1.75072148290791e-06,1,1,1,adequate_smallest_model
4,Y-RL-bal,Wye RL balanced,15,0.035475,wye_rl_balanced,wye_series,rl,balanced,2,2,1.00924648109538,3.32835720594983e-15,2.55065521038259e-05,1,1,1,adequate_smallest_model
4,Y-RL-bal,Wye RL balanced,16,0.037475,wye_rl_balanced,wye_series,rl,balanced,2,2,1.0920509850893,4.18261607303903e-15,9.28236489458e-05,1,1,1,adequate_smallest_model
4,Y-RL-bal,Wye RL balanced,17,0.039475,wye_rl_balanced,wye_series,rl,balanced,2,2,1.01610491616954,3.99099508959431e-15,4.97000386148826e-05,1,1,1,adequate_smallest_model
4,Y-RL-bal,Wye RL balanced,18,0.041475,wye_rl_balanced,wye_series,rl,balanced,2,2,1.01351747588556,3.6716762015398e-15,4.06492551870382e-05,1,1,1,adequate_smallest_model
4,Y-RL-bal,Wye RL balanced,19,0.043475,wye_rl_balanced,wye_series,rl,balanced,2,2,1.03806147648148,3.73481996312617e-15,1.75072148270599e-06,1,1,1,adequate_smallest_model
4,Y-RL-bal,Wye RL balanced,20,0.045475,wye_rl_balanced,wye_series,rl,balanced,2,2,1.00924648109538,3.74439644210321e-15,2.5506552103647e-05,1,1,1,adequate_smallest_model
4,Y-RL-bal,Wye RL balanced,21,0.047475,wye_rl_balanced,wye_series,rl,balanced,2,2,1.0920509850893,5.25824389508146e-15,9.28236489472037e-05,1,1,1,adequate_smallest_model
4,Y-RL-bal,Wye RL balanced,22,0.049475,wye_rl_balanced,wye_series,rl,balanced,2,2,1.01610491616954,3.49945342905912e-15,4.97000386149979e-05,1,1,1,adequate_smallest_model
4,Y-RL-bal,Wye RL balanced,23,0.051475,wye_rl_balanced,wye_series,rl,balanced,2,2,1.01351747588556,4.00355283980083e-15,4.06492551875813e-05,1,1,1,adequate_smallest_model
4,Y-RL-bal,Wye RL balanced,24,0.053475,wye_rl_balanced,wye_series,rl,balanced,2,2,1.03806147648148,4.28074651237653e-15,1.75072148285743e-06,1,1,1,adequate_smallest_model
4,Y-RL-bal,Wye RL balanced,25,0.055475,wye_rl_balanced,wye_series,rl,balanced,2,2,1.00924648109538,4.28854449176058e-15,2.55065521039333e-05,1,1,1,adequate_smallest_model
4,Y-RL-bal,Wye RL balanced,26,0.057475,wye_rl_balanced,wye_series,rl,balanced,2,2,1.0920509850893,5.11038613794812e-15,9.28236489472038e-05,1,1,1,adequate_smallest_model
4,Y-RL-bal,Wye RL balanced,27,0.059475,wye_rl_balanced,wye_series,rl,balanced,2,2,1.01610491616954,4.26066828228189e-15,4.97000386145751e-05,1,1,1,adequate_smallest_model
4,Y-RL-bal,Wye RL balanced,28,0.061475,wye_rl_balanced,wye_series,rl,balanced,2,2,1.01351747588556,3.69984061036566e-15,4.06492551882021e-05,1,1,1,adequate_smallest_model
4,Y-RL-bal,Wye RL balanced,29,0.063475,wye_rl_balanced,wye_series,rl,balanced,2,2,1.03806147648148,3.55260955676571e-15,1.7507214825209e-06,1,1,1,adequate_smallest_model
4,Y-RL-bal,Wye RL balanced,30,0.065475,wye_rl_balanced,wye_series,rl,balanced,2,2,1.00924648109538,3.77681040947075e-15,2.55065521043986e-05,1,1,1,adequate_smallest_model
4,Y-RL-bal,Wye RL balanced,31,0.067475,wye_rl_balanced,wye_series,rl,balanced,2,2,1.0920509850893,4.30894400884633e-15,9.28236489464553e-05,1,1,1,adequate_smallest_model
4,Y-RL-bal,Wye RL balanced,32,0.069475,wye_rl_balanced,wye_series,rl,balanced,2,2,1.01610491616954,3.97539947202743e-15,4.97000386144982e-05,1,1,1,adequate_smallest_model
4,Y-RL-bal,Wye RL balanced,33,0.071475,wye_rl_balanced,wye_series,rl,balanced,2,2,1.01351747588556,3.37175643537663e-15,4.06492551867665e-05,1,1,1,adequate_smallest_model
4,Y-RL-bal,Wye RL balanced,34,0.073475,wye_rl_balanced,wye_series,rl,balanced,2,2,1.03806147648148,3.71924138936918e-15,1.75072148240312e-06,1,1,1,adequate_smallest_model
4,Y-RL-bal,Wye RL balanced,35,0.075475,wye_rl_balanced,wye_series,rl,balanced,2,2,1.00924648109538,4.46932283891445e-15,2.55065521046849e-05,1,1,1,adequate_smallest_model
4,Y-RL-bal,Wye RL balanced,36,0.077475,wye_rl_balanced,wye_series,rl,balanced,2,2,1.0920509850893,5.60649422217123e-15,9.28236489455196e-05,1,1,1,adequate_smallest_model
4,Y-RL-bal,Wye RL balanced,37,0.079475,wye_rl_balanced,wye_series,rl,balanced,2,2,1.01610491616954,4.83806050048637e-15,4.97000386150748e-05,1,1,1,adequate_smallest_model
4,Y-RL-bal,Wye RL balanced,38,0.081475,wye_rl_balanced,wye_series,rl,balanced,2,2,1.01351747588556,4.870057813901e-15,4.06492551877365e-05,1,1,1,adequate_smallest_model
4,Y-RL-bal,Wye RL balanced,39,0.083475,wye_rl_balanced,wye_series,rl,balanced,2,2,1.03806147648148,4.73477183305957e-15,1.7507214836651e-06,1,1,1,adequate_smallest_model
4,Y-RL-bal,Wye RL balanced,40,0.085475,wye_rl_balanced,wye_series,rl,balanced,2,2,1.00924648109538,5.26932848831007e-15,2.55065521032892e-05,1,1,1,adequate_smallest_model
4,Y-RL-bal,Wye RL balanced,41,0.087475,wye_rl_balanced,wye_series,rl,balanced,2,2,1.0920509850893,5.45455001724484e-15,9.28236489455664e-05,1,1,1,adequate_smallest_model
4,Y-RL-bal,Wye RL balanced,42,0.089475,wye_rl_balanced,wye_series,rl,balanced,2,2,1.01610491616954,3.8052415830581e-15,4.97000386151132e-05,1,1,1,adequate_smallest_model
4,Y-RL-bal,Wye RL balanced,43,0.091475,wye_rl_balanced,wye_series,rl,balanced,2,2,1.01351747588556,3.8748856954417e-15,4.06492551879693e-05,1,1,1,adequate_smallest_model
4,Y-RL-bal,Wye RL balanced,44,0.093475,wye_rl_balanced,wye_series,rl,balanced,2,2,1.03806147648148,3.74765699958301e-15,1.75072148230215e-06,1,1,1,adequate_smallest_model
4,Y-RL-bal,Wye RL balanced,45,0.095475,wye_rl_balanced,wye_series,rl,balanced,2,2,1.00924648109538,3.98522638765361e-15,2.55065521044701e-05,1,1,1,adequate_smallest_model
4,Y-RL-bal,Wye RL balanced,46,0.097475,wye_rl_balanced,wye_series,rl,balanced,2,2,1.0920509850893,5.45445999010641e-15,9.28236489461277e-05,1,1,1,adequate_smallest_model
4,Y-RL-bal,Wye RL balanced,47,0.099475,wye_rl_balanced,wye_series,rl,balanced,2,2,1.01610491616954,4.31674462320068e-15,4.97000386147288e-05,1,1,1,adequate_smallest_model
4,Y-RL-bal,Wye RL balanced,48,0.101475,wye_rl_balanced,wye_series,rl,balanced,2,2,1.01351747588556,4.05725685474621e-15,4.06492551878528e-05,1,1,1,adequate_smallest_model
4,Y-RL-bal,Wye RL balanced,49,0.103475,wye_rl_balanced,wye_series,rl,balanced,2,2,1.03806147648148,3.45712451978742e-15,1.75072148346318e-06,1,1,1,adequate_smallest_model
4,Y-RL-bal,Wye RL balanced,50,0.105475,wye_rl_balanced,wye_series,rl,balanced,2,2,1.00924648109538,3.64624350205821e-15,2.55065521038618e-05,1,1,1,adequate_smallest_model
4,Y-RL-bal,Wye RL balanced,51,0.107475,wye_rl_balanced,wye_series,rl,balanced,2,2,1.0920509850893,5.47884353503537e-15,9.28236489449579e-05,1,1,1,adequate_smallest_model
4,Y-RL-bal,Wye RL balanced,52,0.109475,wye_rl_balanced,wye_series,rl,balanced,2,2,1.01610491616954,4.23291871100821e-15,4.97000386146135e-05,1,1,1,adequate_smallest_model
4,Y-RL-bal,Wye RL balanced,53,0.111475,wye_rl_balanced,wye_series,rl,balanced,2,2,1.01351747588556,4.52381137280403e-15,4.06492551869218e-05,1,1,1,adequate_smallest_model
4,Y-RL-bal,Wye RL balanced,54,0.113475,wye_rl_balanced,wye_series,rl,balanced,2,2,1.03806147648148,3.51016729358186e-15,1.75072148322761e-06,1,1,1,adequate_smallest_model
4,Y-RL-bal,Wye RL balanced,55,0.115475,wye_rl_balanced,wye_series,rl,balanced,2,2,1.00924648109538,3.62906963661306e-15,2.55065521046848e-05,1,1,1,adequate_smallest_model
4,Y-RL-bal,Wye RL balanced,56,0.117475,wye_rl_balanced,wye_series,rl,balanced,2,2,1.0920509850893,4.68470483381374e-15,9.28236489454259e-05,1,1,1,adequate_smallest_model
4,Y-RL-bal,Wye RL balanced,57,0.119475,wye_rl_balanced,wye_series,rl,balanced,2,2,1.01610491616954,4.01058202096262e-15,4.97000386145367e-05,1,1,1,adequate_smallest_model
4,Y-RL-bal,Wye RL balanced,58,0.121475,wye_rl_balanced,wye_series,rl,balanced,2,2,1.01351747588556,3.4555532202968e-15,4.06492551878917e-05,1,1,1,adequate_smallest_model
4,Y-RL-bal,Wye RL balanced,59,0.123475,wye_rl_balanced,wye_series,rl,balanced,2,2,1.03806147648148,3.24354213469321e-15,1.75072148297522e-06,1,1,1,adequate_smallest_model
4,Y-RL-bal,Wye RL balanced,60,0.125475,wye_rl_balanced,wye_series,rl,balanced,2,2,1.00924648109538,3.70798616555715e-15,2.55065521025734e-05,1,1,1,adequate_smallest_model
4,Y-RL-bal,Wye RL balanced,61,0.127475,wye_rl_balanced,wye_series,rl,balanced,2,2,1.0920509850893,4.26780068379147e-15,9.28236489463616e-05,1,1,1,adequate_smallest_model
4,Y-RL-bal,Wye RL balanced,62,0.129475,wye_rl_balanced,wye_series,rl,balanced,2,2,1.01610491616954,3.29189877431421e-15,4.97000386152671e-05,1,1,1,adequate_smallest_model
4,Y-RL-bal,Wye RL balanced,63,0.131475,wye_rl_balanced,wye_series,rl,balanced,2,2,1.01351747588556,3.07653714575511e-15,4.06492551871159e-05,1,1,1,adequate_smallest_model
4,Y-RL-bal,Wye RL balanced,64,0.133475,wye_rl_balanced,wye_series,rl,balanced,2,2,1.03806147648148,3.22349494345801e-15,1.75072148368192e-06,1,1,1,adequate_smallest_model
4,Y-RL-bal,Wye RL balanced,65,0.135475,wye_rl_balanced,wye_series,rl,balanced,2,2,1.00924648109538,3.3204176912633e-15,2.55065521050427e-05,1,1,1,adequate_smallest_model
4,Y-RL-bal,Wye RL balanced,66,0.137475,wye_rl_balanced,wye_series,rl,balanced,2,2,1.0920509850893,4.28531960739951e-15,9.28236489450985e-05,1,1,1,adequate_smallest_model
4,Y-RL-bal,Wye RL balanced,67,0.139475,wye_rl_balanced,wye_series,rl,balanced,2,2,1.01610491616954,3.37349679511326e-15,4.97000386158437e-05,1,1,1,adequate_smallest_model
4,Y-RL-bal,Wye RL balanced,68,0.141475,wye_rl_balanced,wye_series,rl,balanced,2,2,1.01351747588556,3.30679115467491e-15,4.06492551877366e-05,1,1,1,adequate_smallest_model
4,Y-RL-bal,Wye RL balanced,69,0.143475,wye_rl_balanced,wye_series,rl,balanced,2,2,1.03806147648148,3.00046972973045e-15,1.75072148297522e-06,1,1,1,adequate_smallest_model
4,Y-RL-bal,Wye RL balanced,70,0.145475,wye_rl_balanced,wye_series,rl,balanced,2,2,1.00924648109538,3.93059591043952e-15,2.55065521028956e-05,1,1,1,adequate_smallest_model
4,Y-RL-bal,Wye RL balanced,71,0.147475,wye_rl_balanced,wye_series,rl,balanced,2,2,1.0920509850893,4.71301641915725e-15,9.28236489453325e-05,1,1,1,adequate_smallest_model
4,Y-RL-bal,Wye RL balanced,72,0.149475,wye_rl_balanced,wye_series,rl,balanced,2,2,1.01610491616954,2.8933274869825e-15,4.97000386138064e-05,1,1,1,adequate_smallest_model
4,Y-RL-bal,Wye RL balanced,73,0.151475,wye_rl_balanced,wye_series,rl,balanced,2,2,1.01351747588556,2.89348775764682e-15,4.06492551871934e-05,1,1,1,adequate_smallest_model
4,Y-RL-bal,Wye RL balanced,74,0.153475,wye_rl_balanced,wye_series,rl,balanced,2,2,1.03806147648148,2.82393341238292e-15,1.75072148267234e-06,1,1,1,adequate_smallest_model
4,Y-RL-bal,Wye RL balanced,75,0.155475,wye_rl_balanced,wye_series,rl,balanced,2,2,1.00924648109538,3.79166322801191e-15,2.55065521040406e-05,1,1,1,adequate_smallest_model
4,Y-RL-bal,Wye RL balanced,76,0.157475,wye_rl_balanced,wye_series,rl,balanced,2,2,1.0920509850893,5.93211732138872e-15,9.28236489470168e-05,1,1,1,adequate_smallest_model
4,Y-RL-bal,Wye RL balanced,77,0.159475,wye_rl_balanced,wye_series,rl,balanced,2,2,1.01610491616954,5.77159405761508e-15,4.97000386142677e-05,1,1,1,adequate_smallest_model
4,Y-RL-bal,Wye RL balanced,78,0.161475,wye_rl_balanced,wye_series,rl,balanced,2,2,1.01351747588556,4.70519685959872e-15,4.06492551869995e-05,1,1,1,adequate_smallest_model
4,Y-RL-bal,Wye RL balanced,79,0.163475,wye_rl_balanced,wye_series,rl,balanced,2,2,1.03806147648148,4.16324265370202e-15,1.75072148297521e-06,1,1,1,adequate_smallest_model
4,Y-RL-bal,Wye RL balanced,80,0.165475,wye_rl_balanced,wye_series,rl,balanced,2,2,1.00924648109538,4.17041019981902e-15,2.55065521014999e-05,1,1,1,adequate_smallest_model
4,Y-RL-bal,Wye RL balanced,81,0.167475,wye_rl_balanced,wye_series,rl,balanced,2,2,1.0920509850893,4.62424258190946e-15,9.28236489476251e-05,1,1,1,adequate_smallest_model
4,Y-RL-bal,Wye RL balanced,82,0.169475,wye_rl_balanced,wye_series,rl,balanced,2,2,1.01610491616954,3.76603300675656e-15,4.97000386143061e-05,1,1,1,adequate_smallest_model
4,Y-RL-bal,Wye RL balanced,83,0.171475,wye_rl_balanced,wye_series,rl,balanced,2,2,1.01351747588556,2.99341405500545e-15,4.0649255187465e-05,1,1,1,adequate_smallest_model
4,Y-RL-bal,Wye RL balanced,84,0.173475,wye_rl_balanced,wye_series,rl,balanced,2,2,1.03806147648148,2.86723825371274e-15,1.75072148206659e-06,1,1,1,adequate_smallest_model
4,Y-RL-bal,Wye RL balanced,85,0.175475,wye_rl_balanced,wye_series,rl,balanced,2,2,1.00924648109538,3.23834919702037e-15,2.55065521035755e-05,1,1,1,adequate_smallest_model
4,Y-RL-bal,Wye RL balanced,86,0.177475,wye_rl_balanced,wye_series,rl,balanced,2,2,1.0920509850893,3.82172805050601e-15,9.28236489472977e-05,1,1,1,adequate_smallest_model
4,Y-RL-bal,Wye RL balanced,87,0.179475,wye_rl_balanced,wye_series,rl,balanced,2,2,1.01610491616954,3.17260583313552e-15,4.97000386142676e-05,1,1,1,adequate_smallest_model
4,Y-RL-bal,Wye RL balanced,88,0.181475,wye_rl_balanced,wye_series,rl,balanced,2,2,1.01351747588556,3.09682876821839e-15,4.0649255188784e-05,1,1,1,adequate_smallest_model
4,Y-RL-bal,Wye RL balanced,89,0.183475,wye_rl_balanced,wye_series,rl,balanced,2,2,1.03806147648148,3.15232425906211e-15,1.7507214857684e-06,1,1,1,adequate_smallest_model
4,Y-RL-bal,Wye RL balanced,90,0.185475,wye_rl_balanced,wye_series,rl,balanced,2,2,1.00924648109538,3.68037792739522e-15,2.55065521034681e-05,1,1,1,adequate_smallest_model
4,Y-RL-bal,Wye RL balanced,91,0.187475,wye_rl_balanced,wye_series,rl,balanced,2,2,1.0920509850893,3.88599361046373e-15,9.28236489471571e-05,1,1,1,adequate_smallest_model
4,Y-RL-bal,Wye RL balanced,92,0.189475,wye_rl_balanced,wye_series,rl,balanced,2,2,1.01610491616954,3.21582852353325e-15,4.97000386153824e-05,1,1,1,adequate_smallest_model
4,Y-RL-bal,Wye RL balanced,93,0.191475,wye_rl_balanced,wye_series,rl,balanced,2,2,1.01351747588556,3.430161110942e-15,4.06492551879694e-05,1,1,1,adequate_smallest_model
4,Y-RL-bal,Wye RL balanced,94,0.193475,wye_rl_balanced,wye_series,rl,balanced,2,2,1.03806147648148,4.65943545857798e-15,1.7507214837324e-06,1,1,1,adequate_smallest_model
4,Y-RL-bal,Wye RL balanced,95,0.195475,wye_rl_balanced,wye_series,rl,balanced,2,2,1.00924648109538,4.90484421965259e-15,2.55065521038975e-05,1,1,1,adequate_smallest_model
4,Y-RL-bal,Wye RL balanced,96,0.197475,wye_rl_balanced,wye_series,rl,balanced,2,2,1.0920509850893,7.34843594866756e-15,9.28236489448643e-05,1,1,1,adequate_smallest_model
4,Y-RL-bal,Wye RL balanced,97,0.199475,wye_rl_balanced,wye_series,rl,balanced,2,2,1.01610491616954,8.47416887516372e-15,4.97000386159205e-05,1,1,1,adequate_smallest_model
4,Y-RL-bal,Wye RL balanced,98,0.201475,wye_rl_balanced,wye_series,rl,balanced,2,2,1.01351747588556,1.06155333256474e-14,4.06492551872321e-05,1,1,1,adequate_smallest_model
4,Y-RL-bal,Wye RL balanced,99,0.203475,wye_rl_balanced,wye_series,rl,balanced,2,2,1.03806147648148,1.1842030802023e-14,1.75072148218437e-06,1,1,1,adequate_smallest_model
4,Y-RL-bal,Wye RL balanced,100,0.205475,wye_rl_balanced,wye_series,rl,balanced,2,2,1.00924648109538,1.05967920845029e-14,2.55065521023227e-05,1,1,1,adequate_smallest_model
4,Y-RL-bal,Wye RL balanced,101,0.207475,wye_rl_balanced,wye_series,rl,balanced,2,2,1.0920509850893,9.74968577009501e-15,9.28236489462669e-05,1,1,1,adequate_smallest_model
4,Y-RL-bal,Wye RL balanced,102,0.209475,wye_rl_balanced,wye_series,rl,balanced,2,2,1.01610491616954,8.21345862049439e-15,4.97000386149206e-05,1,1,1,adequate_smallest_model
4,Y-RL-bal,Wye RL balanced,103,0.211475,wye_rl_balanced,wye_series,rl,balanced,2,2,1.01351747588555,3.10216339014827e-15,4.0649255188318e-05,1,1,1,adequate_smallest_model
4,Y-RL-bal,Wye RL balanced,104,0.213475,wye_rl_balanced,wye_series,rl,balanced,2,2,1.03806147648148,2.34558791306415e-15,1.75072148018201e-06,1,1,1,adequate_smallest_model
4,Y-RL-bal,Wye RL balanced,105,0.215475,wye_rl_balanced,wye_series,rl,balanced,2,2,1.00924648109538,2.50437804706401e-15,2.55065521060083e-05,1,1,1,adequate_smallest_model
4,Y-RL-bal,Wye RL balanced,106,0.217475,wye_rl_balanced,wye_series,rl,balanced,2,2,1.0920509850893,3.01567220428688e-15,9.28236489464062e-05,1,1,1,adequate_smallest_model
4,Y-RL-bal,Wye RL balanced,107,0.219475,wye_rl_balanced,wye_series,rl,balanced,2,2,1.01610491616954,2.97538133019835e-15,4.97000386164578e-05,1,1,1,adequate_smallest_model
4,Y-RL-bal,Wye RL balanced,108,0.221475,wye_rl_balanced,wye_series,rl,balanced,2,2,1.01351747588555,2.44750887074753e-15,4.06492551870378e-05,1,1,1,adequate_smallest_model
4,Y-RL-bal,Wye RL balanced,109,0.223475,wye_rl_balanced,wye_series,rl,balanced,2,2,1.03806147648148,2.61872065825062e-15,1.75072148354729e-06,1,1,1,adequate_smallest_model
4,Y-RL-bal,Wye RL balanced,110,0.225475,wye_rl_balanced,wye_series,rl,balanced,2,2,1.00924648109538,9.40225790251487e-15,2.55065521047918e-05,1,1,1,adequate_smallest_model
4,Y-RL-bal,Wye RL balanced,111,0.227475,wye_rl_balanced,wye_series,rl,balanced,2,2,1.0920509850893,1.25302479910658e-14,9.28236489439733e-05,1,1,1,adequate_smallest_model
4,Y-RL-bal,Wye RL balanced,112,0.229475,wye_rl_balanced,wye_series,rl,balanced,2,2,1.01610491616954,1.2567038707991e-14,4.97000386152281e-05,1,1,1,adequate_smallest_model
4,Y-RL-bal,Wye RL balanced,113,0.231475,wye_rl_balanced,wye_series,rl,balanced,2,2,1.01351747588555,1.31698731519857e-14,4.06492551880076e-05,1,1,1,adequate_smallest_model
4,Y-RL-bal,Wye RL balanced,114,0.233475,wye_rl_balanced,wye_series,rl,balanced,2,2,1.03806147648148,1.70625370753313e-14,1.75072148280693e-06,1,1,1,adequate_smallest_model
4,Y-RL-bal,Wye RL balanced,115,0.235475,wye_rl_balanced,wye_series,rl,balanced,2,2,1.00924648109538,1.85087747258726e-14,2.55065521035392e-05,1,1,1,adequate_smallest_model
4,Y-RL-bal,Wye RL balanced,116,0.237475,wye_rl_balanced,wye_series,rl,balanced,2,2,1.0920509850893,1.93360644078778e-14,9.28236489452367e-05,1,1,1,adequate_smallest_model
4,Y-RL-bal,Wye RL balanced,117,0.239475,wye_rl_balanced,wye_series,rl,balanced,2,2,1.01610491616954,1.48520383994444e-14,4.97000386129603e-05,1,1,1,adequate_smallest_model
4,Y-RL-bal,Wye RL balanced,118,0.241475,wye_rl_balanced,wye_series,rl,balanced,2,2,1.01351747588555,1.48500797482341e-14,4.06492551875808e-05,1,1,1,adequate_smallest_model
4,Y-RL-bal,Wye RL balanced,119,0.243475,wye_rl_balanced,wye_series,rl,balanced,2,2,1.03806147648148,1.39677166908866e-14,1.75072148166273e-06,1,1,1,adequate_smallest_model
4,Y-RL-bal,Wye RL balanced,120,0.245475,wye_rl_balanced,wye_series,rl,balanced,2,2,1.00924648109538,1.51284756827043e-14,2.55065521032529e-05,1,1,1,adequate_smallest_model
4,Y-RL-bal,Wye RL balanced,121,0.247475,wye_rl_balanced,wye_series,rl,balanced,2,2,1.0920509850893,1.60922543250844e-14,9.28236489473885e-05,1,1,1,adequate_smallest_model
4,Y-RL-bal,Wye RL balanced,122,0.249475,wye_rl_balanced,wye_series,rl,balanced,2,2,1.01610491616954,1.46288040451764e-14,4.97000386154587e-05,1,1,1,adequate_smallest_model
4,Y-RL-bal,Wye RL balanced,123,0.251475,wye_rl_balanced,wye_series,rl,balanced,2,2,1.01351747588556,1.47654056287373e-14,4.06492551868436e-05,1,1,1,adequate_smallest_model
4,Y-RL-bal,Wye RL balanced,124,0.253475,wye_rl_balanced,wye_series,rl,balanced,2,2,1.03806147648148,1.41231820433758e-14,1.75072147996327e-06,1,1,1,adequate_smallest_model
4,Y-RL-bal,Wye RL balanced,125,0.255475,wye_rl_balanced,wye_series,rl,balanced,2,2,1.00924648109538,1.47208557765521e-14,2.55065521060442e-05,1,1,1,adequate_smallest_model
4,Y-RL-bal,Wye RL balanced,126,0.257475,wye_rl_balanced,wye_series,rl,balanced,2,2,1.0920509850893,1.58532096275806e-14,9.28236489466399e-05,1,1,1,adequate_smallest_model
4,Y-RL-bal,Wye RL balanced,127,0.259475,wye_rl_balanced,wye_series,rl,balanced,2,2,1.01610491616954,1.42406864024195e-14,4.97000386146515e-05,1,1,1,adequate_smallest_model
4,Y-RL-bal,Wye RL balanced,128,0.261475,wye_rl_balanced,wye_series,rl,balanced,2,2,1.01351747588556,1.43470716734346e-14,4.06492551889773e-05,1,1,1,adequate_smallest_model
4,Y-RL-bal,Wye RL balanced,129,0.263475,wye_rl_balanced,wye_series,rl,balanced,2,2,1.03806147648148,1.36870257326653e-14,1.75072148388382e-06,1,1,1,adequate_smallest_model
4,Y-RL-bal,Wye RL balanced,130,0.265475,wye_rl_balanced,wye_series,rl,balanced,2,2,1.00924648109538,1.48440790504866e-14,2.55065521035391e-05,1,1,1,adequate_smallest_model
4,Y-RL-bal,Wye RL balanced,131,0.267475,wye_rl_balanced,wye_series,rl,balanced,2,2,1.0920509850893,1.57646858885e-14,9.28236489462656e-05,1,1,1,adequate_smallest_model
4,Y-RL-bal,Wye RL balanced,132,0.269475,wye_rl_balanced,wye_series,rl,balanced,2,2,1.01610491616954,1.45498194364068e-14,4.97000386163045e-05,1,1,1,adequate_smallest_model
4,Y-RL-bal,Wye RL balanced,133,0.271475,wye_rl_balanced,wye_series,rl,balanced,2,2,1.01351747588556,1.47825166542618e-14,4.0649255187387e-05,1,1,1,adequate_smallest_model
4,Y-RL-bal,Wye RL balanced,134,0.273475,wye_rl_balanced,wye_series,rl,balanced,2,2,1.03806147648148,1.38700049855527e-14,1.75072148211705e-06,1,1,1,adequate_smallest_model
4,Y-RL-bal,Wye RL balanced,135,0.275475,wye_rl_balanced,wye_series,rl,balanced,2,2,1.00924648109538,1.50958308087093e-14,2.55065521050423e-05,1,1,1,adequate_smallest_model
4,Y-RL-bal,Wye RL balanced,136,0.277475,wye_rl_balanced,wye_series,rl,balanced,2,2,1.0920509850893,1.55720234067422e-14,9.28236489457042e-05,1,1,1,adequate_smallest_model
4,Y-RL-bal,Wye RL balanced,137,0.279475,wye_rl_balanced,wye_series,rl,balanced,2,2,1.01610491616954,1.44583088198069e-14,4.97000386167657e-05,1,1,1,adequate_smallest_model
4,Y-RL-bal,Wye RL balanced,138,0.281475,wye_rl_balanced,wye_series,rl,balanced,2,2,1.01351747588556,1.50378585926633e-14,4.06492551881241e-05,1,1,1,adequate_smallest_model
4,Y-RL-bal,Wye RL balanced,139,0.283475,wye_rl_balanced,wye_series,rl,balanced,2,2,1.03806147648148,1.33207459118927e-14,1.75072148428766e-06,1,1,1,adequate_smallest_model
4,Y-RL-bal,Wye RL balanced,140,0.285475,wye_rl_balanced,wye_series,rl,balanced,2,2,1.00924648109538,1.52151015617803e-14,2.55065521036466e-05,1,1,1,adequate_smallest_model
4,Y-RL-bal,Wye RL balanced,141,0.287475,wye_rl_balanced,wye_series,rl,balanced,2,2,1.0920509850893,1.61520190374699e-14,9.28236489451897e-05,1,1,1,adequate_smallest_model
4,Y-RL-bal,Wye RL balanced,142,0.289475,wye_rl_balanced,wye_series,rl,balanced,2,2,1.01610491616954,1.44639019705543e-14,4.97000386136522e-05,1,1,1,adequate_smallest_model
4,Y-RL-bal,Wye RL balanced,143,0.291475,wye_rl_balanced,wye_series,rl,balanced,2,2,1.01351747588556,1.50727672604163e-14,4.06492551901026e-05,1,1,1,adequate_smallest_model
4,Y-RL-bal,Wye RL balanced,144,0.293475,wye_rl_balanced,wye_series,rl,balanced,2,2,1.03806147648148,1.36915247920068e-14,1.75072148347998e-06,1,1,1,adequate_smallest_model
4,Y-RL-bal,Wye RL balanced,145,0.295475,wye_rl_balanced,wye_series,rl,balanced,2,2,1.00924648109538,1.5299540756895e-14,2.55065521024656e-05,1,1,1,adequate_smallest_model
4,Y-RL-bal,Wye RL balanced,146,0.297475,wye_rl_balanced,wye_series,rl,balanced,2,2,1.0920509850893,1.57856564141593e-14,9.28236489475755e-05,1,1,1,adequate_smallest_model
4,Y-RL-bal,Wye RL balanced,147,0.299475,wye_rl_balanced,wye_series,rl,balanced,2,2,1.01610491616954,1.44634344399477e-14,4.97000386143056e-05,1,1,1,adequate_smallest_model
4,Y-RL-bal,Wye RL balanced,148,0.301475,wye_rl_balanced,wye_series,rl,balanced,2,2,1.01351747588556,1.45933586220209e-14,4.06492551883567e-05,1,1,1,adequate_smallest_model
4,Y-RL-bal,Wye RL balanced,149,0.303475,wye_rl_balanced,wye_series,rl,balanced,2,2,1.03806147648148,1.378134954231e-14,1.75072148262184e-06,1,1,1,adequate_smallest_model
4,Y-RL-bal,Wye RL balanced,150,0.305475,wye_rl_balanced,wye_series,rl,balanced,2,2,1.00924648109538,1.51000989189403e-14,2.55065521035034e-05,1,1,1,adequate_smallest_model
4,Y-RL-bal,Wye RL balanced,151,0.307475,wye_rl_balanced,wye_series,rl,balanced,2,2,1.0920509850893,1.60529882486527e-14,9.28236489461719e-05,1,1,1,adequate_smallest_model
4,Y-RL-bal,Wye RL balanced,152,0.309475,wye_rl_balanced,wye_series,rl,balanced,2,2,1.01610491616954,1.46507441508469e-14,4.97000386131141e-05,1,1,1,adequate_smallest_model
4,Y-RL-bal,Wye RL balanced,153,0.311475,wye_rl_balanced,wye_series,rl,balanced,2,2,1.01351747588556,1.45621460525634e-14,4.06492551864556e-05,1,1,1,adequate_smallest_model
4,Y-RL-bal,Wye RL balanced,154,0.313475,wye_rl_balanced,wye_series,rl,balanced,2,2,1.03806147648148,1.42650747770884e-14,1.75072148090555e-06,1,1,1,adequate_smallest_model
4,Y-RL-bal,Wye RL balanced,155,0.315475,wye_rl_balanced,wye_series,rl,balanced,2,2,1.00924648109538,1.49265707311739e-14,2.55065521022509e-05,1,1,1,adequate_smallest_model
4,Y-RL-bal,Wye RL balanced,156,0.317475,wye_rl_balanced,wye_series,rl,balanced,2,2,1.0920509850893,1.61206517990309e-14,9.28236489473885e-05,1,1,1,adequate_smallest_model
4,Y-RL-bal,Wye RL balanced,157,0.319475,wye_rl_balanced,wye_series,rl,balanced,2,2,1.01610491616954,1.68263858118519e-14,4.97000386142287e-05,1,1,1,adequate_smallest_model
4,Y-RL-bal,Wye RL balanced,158,0.321475,wye_rl_balanced,wye_series,rl,balanced,2,2,1.01351747588556,2.12081543611093e-14,4.06492551876581e-05,1,1,1,adequate_smallest_model
4,Y-RL-bal,Wye RL balanced,159,0.323475,wye_rl_balanced,wye_series,rl,balanced,2,2,1.03806147648148,2.65187407704122e-14,1.75072148171323e-06,1,1,1,adequate_smallest_model
4,Y-RL-bal,Wye RL balanced,160,0.325475,wye_rl_balanced,wye_series,rl,balanced,2,2,1.00924648109538,3.24487786546969e-14,2.55065521021792e-05,1,1,1,adequate_smallest_model
4,Y-RL-bal,Wye RL balanced,161,0.327475,wye_rl_balanced,wye_series,rl,balanced,2,2,1.0920509850893,3.80599773886203e-14,9.28236489435058e-05,1,1,1,adequate_smallest_model
4,Y-RL-bal,Wye RL balanced,162,0.329475,wye_rl_balanced,wye_series,rl,balanced,2,2,1.01610491616954,3.20587736210235e-14,4.97000386149977e-05,1,1,1,adequate_smallest_model
4,Y-RL-bal,Wye RL balanced,163,0.331475,wye_rl_balanced,wye_series,rl,balanced,2,2,1.01351747588556,3.0081465988895e-14,4.06492551868439e-05,1,1,1,adequate_smallest_model
4,Y-RL-bal,Wye RL balanced,164,0.333475,wye_rl_balanced,wye_series,rl,balanced,2,2,1.03806147648148,2.79856764018917e-14,1.75072148438863e-06,1,1,1,adequate_smallest_model
4,Y-RL-bal,Wye RL balanced,165,0.335475,wye_rl_balanced,wye_series,rl,balanced,2,2,1.00924648109538,3.06617185028199e-14,2.55065521016784e-05,1,1,1,adequate_smallest_model
4,Y-RL-bal,Wye RL balanced,166,0.337475,wye_rl_balanced,wye_series,rl,balanced,2,2,1.0920509850893,3.40932767492688e-14,9.28236489438806e-05,1,1,1,adequate_smallest_model
4,Y-RL-bal,Wye RL balanced,167,0.339475,wye_rl_balanced,wye_series,rl,balanced,2,2,1.01610491616954,2.90429227601354e-14,4.97000386149211e-05,1,1,1,adequate_smallest_model
4,Y-RL-bal,Wye RL balanced,168,0.341475,wye_rl_balanced,wye_series,rl,balanced,2,2,1.01351747588556,2.93559844764056e-14,4.06492551896373e-05,1,1,1,adequate_smallest_model
4,Y-RL-bal,Wye RL balanced,169,0.343475,wye_rl_balanced,wye_series,rl,balanced,2,2,1.03806147648148,2.80343350951895e-14,1.75072148548235e-06,1,1,1,adequate_smallest_model
4,Y-RL-bal,Wye RL balanced,170,0.345475,wye_rl_balanced,wye_series,rl,balanced,2,2,1.00924648109538,3.09893470738677e-14,2.5506552105257e-05,1,1,1,adequate_smallest_model
4,Y-RL-bal,Wye RL balanced,171,0.347475,wye_rl_balanced,wye_series,rl,balanced,2,2,1.0920509850893,3.32715942019206e-14,9.28236489460798e-05,1,1,1,adequate_smallest_model
4,Y-RL-bal,Wye RL balanced,172,0.349475,wye_rl_balanced,wye_series,rl,balanced,2,2,1.01610491616954,2.87989316688878e-14,4.97000386132682e-05,1,1,1,adequate_smallest_model
4,Y-RL-bal,Wye RL balanced,173,0.351475,wye_rl_balanced,wye_series,rl,balanced,2,2,1.01351747588556,2.898669675302e-14,4.06492551900252e-05,1,1,1,adequate_smallest_model
4,Y-RL-bal,Wye RL balanced,174,0.353475,wye_rl_balanced,wye_series,rl,balanced,2,2,1.03806147648148,2.80568485977969e-14,1.75072148199928e-06,1,1,1,adequate_smallest_model
4,Y-RL-bal,Wye RL balanced,175,0.355475,wye_rl_balanced,wye_series,rl,balanced,2,2,1.00924648109538,3.08817416944804e-14,2.55065520999248e-05,1,1,1,adequate_smallest_model
4,Y-RL-bal,Wye RL balanced,176,0.357475,wye_rl_balanced,wye_series,rl,balanced,2,2,1.0920509850893,3.41772839688032e-14,9.28236489438804e-05,1,1,1,adequate_smallest_model
4,Y-RL-bal,Wye RL balanced,177,0.359475,wye_rl_balanced,wye_series,rl,balanced,2,2,1.01610491616954,2.92694755101243e-14,4.97000386146519e-05,1,1,1,adequate_smallest_model
4,Y-RL-bal,Wye RL balanced,178,0.361475,wye_rl_balanced,wye_series,rl,balanced,2,2,1.01351747588556,2.9080886509663e-14,4.06492551859126e-05,1,1,1,adequate_smallest_model
4,Y-RL-bal,Wye RL balanced,179,0.363475,wye_rl_balanced,wye_series,rl,balanced,2,2,1.03806147648148,2.78803407006822e-14,1.75072148198246e-06,1,1,1,adequate_smallest_model
4,Y-RL-bal,Wye RL balanced,180,0.365475,wye_rl_balanced,wye_series,rl,balanced,2,2,1.00924648109538,3.11347022848547e-14,2.55065521069746e-05,1,1,1,adequate_smallest_model
4,Y-RL-bal,Wye RL balanced,181,0.367475,wye_rl_balanced,wye_series,rl,balanced,2,2,1.0920509850893,3.43491456507098e-14,9.28236489466411e-05,1,1,1,adequate_smallest_model
4,Y-RL-bal,Wye RL balanced,182,0.369475,wye_rl_balanced,wye_series,rl,balanced,2,2,1.01610491616954,2.91282529257506e-14,4.97000386142675e-05,1,1,1,adequate_smallest_model
4,Y-RL-bal,Wye RL balanced,183,0.371475,wye_rl_balanced,wye_series,rl,balanced,2,2,1.01351747588556,2.90135794810057e-14,4.06492551882792e-05,1,1,1,adequate_smallest_model
4,Y-RL-bal,Wye RL balanced,184,0.373475,wye_rl_balanced,wye_series,rl,balanced,2,2,1.03806147648148,2.79041445572099e-14,1.75072147836478e-06,1,1,1,adequate_smallest_model
4,Y-RL-bal,Wye RL balanced,185,0.375475,wye_rl_balanced,wye_series,rl,balanced,2,2,1.00924648109538,3.06696154508593e-14,2.55065521083345e-05,1,1,1,adequate_smallest_model
4,Y-RL-bal,Wye RL balanced,186,0.377475,wye_rl_balanced,wye_series,rl,balanced,2,2,1.0920509850893,3.37683356849737e-14,9.2823648948466e-05,1,1,1,adequate_smallest_model
4,Y-RL-bal,Wye RL balanced,187,0.379475,wye_rl_balanced,wye_series,rl,balanced,2,2,1.01610491616954,2.88348004233865e-14,4.97000386158434e-05,1,1,1,adequate_smallest_model
4,Y-RL-bal,Wye RL balanced,188,0.381475,wye_rl_balanced,wye_series,rl,balanced,2,2,1.01351747588556,2.94581652203658e-14,4.06492551859125e-05,1,1,1,adequate_smallest_model
4,Y-RL-bal,Wye RL balanced,189,0.383475,wye_rl_balanced,wye_series,rl,balanced,2,2,1.03806147648148,2.76094498551925e-14,1.75072148141036e-06,1,1,1,adequate_smallest_model
4,Y-RL-bal,Wye RL balanced,190,0.385475,wye_rl_balanced,wye_series,rl,balanced,2,2,1.00924648109538,3.04981155084239e-14,2.55065521034676e-05,1,1,1,adequate_smallest_model
4,Y-RL-bal,Wye RL balanced,191,0.387475,wye_rl_balanced,wye_series,rl,balanced,2,2,1.0920509850893,3.39830183253564e-14,9.28236489438807e-05,1,1,1,adequate_smallest_model
4,Y-RL-bal,Wye RL balanced,192,0.389475,wye_rl_balanced,wye_series,rl,balanced,2,2,1.01610491616954,2.91925804620625e-14,4.97000386170734e-05,1,1,1,adequate_smallest_model
4,Y-RL-bal,Wye RL balanced,193,0.391475,wye_rl_balanced,wye_series,rl,balanced,2,2,1.01351747588556,2.93006564971602e-14,4.06492551875807e-05,1,1,1,adequate_smallest_model
4,Y-RL-bal,Wye RL balanced,194,0.393475,wye_rl_balanced,wye_series,rl,balanced,2,2,1.03806147648148,2.75626889176199e-14,1.75072148506169e-06,1,1,1,adequate_smallest_model
4,Y-RL-bal,Wye RL balanced,195,0.395475,wye_rl_balanced,wye_series,rl,balanced,2,2,1.00924648109538,3.10557207838285e-14,2.55065521036466e-05,1,1,1,adequate_smallest_model
4,Y-RL-bal,Wye RL balanced,196,0.397475,wye_rl_balanced,wye_series,rl,balanced,2,2,1.0920509850893,3.39479139764731e-14,9.2823648946922e-05,1,1,1,adequate_smallest_model
4,Y-RL-bal,Wye RL balanced,197,0.399475,wye_rl_balanced,wye_series,rl,balanced,2,2,1.01610491616954,2.91540256811092e-14,4.97000386166892e-05,1,1,1,adequate_smallest_model
4,Y-RL-bal,Wye RL balanced,198,0.401475,wye_rl_balanced,wye_series,rl,balanced,2,2,1.01351747588556,2.98275338275669e-14,4.0649255187775e-05,1,1,1,adequate_smallest_model
4,Y-RL-bal,Wye RL balanced,199,0.403475,wye_rl_balanced,wye_series,rl,balanced,2,2,1.03806147648148,2.79997798999244e-14,1.75072147981186e-06,1,1,1,adequate_smallest_model
4,Y-RL-bal,Wye RL balanced,200,0.405475,wye_rl_balanced,wye_series,rl,balanced,2,2,1.00924648109538,3.12687875697302e-14,2.55065521069032e-05,1,1,1,adequate_smallest_model
4,Y-RL-bal,Wye RL balanced,201,0.407475,wye_rl_balanced,wye_series,rl,balanced,2,2,1.0920509850893,3.23261643078403e-14,9.28236489467819e-05,1,1,1,adequate_smallest_model
4,Y-RL-bal,Wye RL balanced,202,0.409475,wye_rl_balanced,wye_series,rl,balanced,2,2,1.01610491616954,2.79862045322525e-14,4.9700038614652e-05,1,1,1,adequate_smallest_model
4,Y-RL-bal,Wye RL balanced,203,0.411475,wye_rl_balanced,wye_series,rl,balanced,2,2,1.01351747588556,2.90211775054081e-14,4.06492551888224e-05,1,1,1,adequate_smallest_model
4,Y-RL-bal,Wye RL balanced,204,0.413475,wye_rl_balanced,wye_series,rl,balanced,2,2,1.03806147648148,2.70980915192757e-14,1.75072148189833e-06,1,1,1,adequate_smallest_model
4,Y-RL-bal,Wye RL balanced,205,0.415475,wye_rl_balanced,wye_series,rl,balanced,2,2,1.00924648109538,2.93717830926852e-14,2.55065521016427e-05,1,1,1,adequate_smallest_model
4,Y-RL-bal,Wye RL balanced,206,0.417475,wye_rl_balanced,wye_series,rl,balanced,2,2,1.0920509850893,3.43228408906549e-14,9.28236489457993e-05,1,1,1,adequate_smallest_model
4,Y-RL-bal,Wye RL balanced,207,0.419475,wye_rl_balanced,wye_series,rl,balanced,2,2,1.01610491616954,2.51832890113276e-14,4.97000386142676e-05,1,1,1,adequate_smallest_model
4,Y-RL-bal,Wye RL balanced,208,0.421475,wye_rl_balanced,wye_series,rl,balanced,2,2,1.01351747588556,2.91057672928124e-14,4.06492551866498e-05,1,1,1,adequate_smallest_model
4,Y-RL-bal,Wye RL balanced,209,0.423475,wye_rl_balanced,wye_series,rl,balanced,2,2,1.03806147648148,2.74894917460361e-14,1.75072148703038e-06,1,1,1,adequate_smallest_model
4,Y-RL-bal,Wye RL balanced,210,0.425475,wye_rl_balanced,wye_series,rl,balanced,2,2,1.00924648109538,3.12585281410106e-14,2.55065521071539e-05,1,1,1,adequate_smallest_model
4,Y-RL-bal,Wye RL balanced,211,0.427475,wye_rl_balanced,wye_series,rl,balanced,2,2,1.0920509850893,3.3811430722687e-14,9.28236489477652e-05,1,1,1,adequate_smallest_model
4,Y-RL-bal,Wye RL balanced,212,0.429475,wye_rl_balanced,wye_series,rl,balanced,2,2,1.01610491616954,2.89604464206333e-14,4.97000386143447e-05,1,1,1,adequate_smallest_model
4,Y-RL-bal,Wye RL balanced,213,0.431475,wye_rl_balanced,wye_series,rl,balanced,2,2,1.01351747588556,2.91922163192428e-14,4.06492551881241e-05,1,1,1,adequate_smallest_model
4,Y-RL-bal,Wye RL balanced,214,0.433475,wye_rl_balanced,wye_series,rl,balanced,2,2,1.03806147648148,2.77598550028396e-14,1.75072147755713e-06,1,1,1,adequate_smallest_model
4,Y-RL-bal,Wye RL balanced,215,0.435475,wye_rl_balanced,wye_series,rl,balanced,2,2,1.00924648109538,3.10146031727956e-14,2.55065521013566e-05,1,1,1,adequate_smallest_model
4,Y-RL-bal,Wye RL balanced,216,0.437475,wye_rl_balanced,wye_series,rl,balanced,2,2,1.0920509850893,3.38489241289119e-14,9.28236489487948e-05,1,1,1,adequate_smallest_model
4,Y-RL-bal,Wye RL balanced,217,0.439475,wye_rl_balanced,wye_series,rl,balanced,2,2,1.01610491616954,2.87899431435964e-14,4.97000386161512e-05,1,1,1,adequate_smallest_model
4,Y-RL-bal,Wye RL balanced,218,0.441475,wye_rl_balanced,wye_series,rl,balanced,2,2,1.01351747588556,2.91705841336623e-14,4.06492551844383e-05,1,1,1,adequate_smallest_model
4,Y-RL-bal,Wye RL balanced,219,0.443475,wye_rl_balanced,wye_series,rl,balanced,2,2,1.03806147648148,2.78810792440103e-14,1.7507214850617e-06,1,1,1,adequate_smallest_model
4,Y-RL-bal,Wye RL balanced,220,0.445475,wye_rl_balanced,wye_series,rl,balanced,2,2,1.00924648109538,3.11855980909249e-14,2.5506552104291e-05,1,1,1,adequate_smallest_model
4,Y-RL-bal,Wye RL balanced,221,0.447475,wye_rl_balanced,wye_series,rl,balanced,2,2,1.0920509850893,3.44328038987854e-14,9.28236489459406e-05,1,1,1,adequate_smallest_model
4,Y-RL-bal,Wye RL balanced,222,0.449475,wye_rl_balanced,wye_series,rl,balanced,2,2,1.01610491616954,2.93329598188499e-14,4.97000386139602e-05,1,1,1,adequate_smallest_model
4,Y-RL-bal,Wye RL balanced,223,0.451475,wye_rl_balanced,wye_series,rl,balanced,2,2,1.01351747588556,2.94693855538364e-14,4.06492551889774e-05,1,1,1,adequate_smallest_model
4,Y-RL-bal,Wye RL balanced,224,0.453475,wye_rl_balanced,wye_series,rl,balanced,2,2,1.03806147648148,2.80275604357488e-14,1.75072147987917e-06,1,1,1,adequate_smallest_model
4,Y-RL-bal,Wye RL balanced,225,0.455475,wye_rl_balanced,wye_series,rl,balanced,2,2,1.00924648109538,3.12601911924087e-14,2.55065521069034e-05,1,1,1,adequate_smallest_model
4,Y-RL-bal,Wye RL balanced,226,0.457475,wye_rl_balanced,wye_series,rl,balanced,2,2,1.0920509850893,3.383673798046e-14,9.28236489462212e-05,1,1,1,adequate_smallest_model
4,Y-RL-bal,Wye RL balanced,227,0.459475,wye_rl_balanced,wye_series,rl,balanced,2,2,1.01610491616954,3.08413486040066e-14,4.97000386145367e-05,1,1,1,adequate_smallest_model
4,Y-RL-bal,Wye RL balanced,228,0.461475,wye_rl_balanced,wye_series,rl,balanced,2,2,1.01351747588556,3.04201384209209e-14,4.06492551878527e-05,1,1,1,adequate_smallest_model
4,Y-RL-bal,Wye RL balanced,229,0.463475,wye_rl_balanced,wye_series,rl,balanced,2,2,1.03806147648148,2.84661473892299e-14,1.75072148459055e-06,1,1,1,adequate_smallest_model
4,Y-RL-bal,Wye RL balanced,230,0.465475,wye_rl_balanced,wye_series,rl,balanced,2,2,1.00924648109538,3.17310036327679e-14,2.55065520981716e-05,1,1,1,adequate_smallest_model
4,Y-RL-bal,Wye RL balanced,231,0.467475,wye_rl_balanced,wye_series,rl,balanced,2,2,1.0920509850893,3.74938590647738e-14,9.28236489511339e-05,1,1,1,adequate_smallest_model
4,Y-RL-bal,Wye RL balanced,232,0.469475,wye_rl_balanced,wye_series,rl,balanced,2,2,1.01610491616954,3.51664480793303e-14,4.97000386152284e-05,1,1,1,adequate_smallest_model
4,Y-RL-bal,Wye RL balanced,233,0.471475,wye_rl_balanced,wye_series,rl,balanced,2,2,1.01351747588556,3.1355755316224e-14,4.0649255188706e-05,1,1,1,adequate_smallest_model
4,Y-RL-bal,Wye RL balanced,234,0.473475,wye_rl_balanced,wye_series,rl,balanced,2,2,1.03806147648148,2.84523023800215e-14,1.75072148469151e-06,1,1,1,adequate_smallest_model
4,Y-RL-bal,Wye RL balanced,235,0.475475,wye_rl_balanced,wye_series,rl,balanced,2,2,1.00924648109538,3.35631227265562e-14,2.55065521029669e-05,1,1,1,adequate_smallest_model
4,Y-RL-bal,Wye RL balanced,236,0.477475,wye_rl_balanced,wye_series,rl,balanced,2,2,1.0920509850893,4.04003937347156e-14,9.28236489488413e-05,1,1,1,adequate_smallest_model
4,Y-RL-bal,Wye RL balanced,237,0.479475,wye_rl_balanced,wye_series,rl,balanced,2,2,1.01610491616954,3.61021875547943e-14,4.97000386123841e-05,1,1,1,adequate_smallest_model
4,Y-RL-bal,Wye RL balanced,238,0.481475,wye_rl_balanced,wye_series,rl,balanced,2,2,1.01351747588556,3.0933527902022e-14,4.06492551887062e-05,1,1,1,adequate_smallest_model
4,Y-RL-bal,Wye RL balanced,239,0.483475,wye_rl_balanced,wye_series,rl,balanced,2,2,1.03806147648148,2.8771779645136e-14,1.75072148898224e-06,1,1,1,adequate_smallest_model
4,Y-RL-bal,Wye RL balanced,240,0.485475,wye_rl_balanced,wye_series,rl,balanced,2,2,1.00924648109538,3.35262199668862e-14,2.55065521055792e-05,1,1,1,adequate_smallest_model
4,Y-RL-bal,Wye RL balanced,241,0.487475,wye_rl_balanced,wye_series,rl,balanced,2,2,1.0920509850893,4.03400536403955e-14,9.28236489485141e-05,1,1,1,adequate_smallest_model
4,Y-RL-bal,Wye RL balanced,242,0.489475,wye_rl_balanced,wye_series,rl,balanced,2,2,1.01610491616954,3.67597771283484e-14,4.97000386121919e-05,1,1,1,adequate_smallest_model
4,Y-RL-bal,Wye RL balanced,243,0.491475,wye_rl_balanced,wye_series,rl,balanced,2,2,1.01351747588556,3.05076505071777e-14,4.06492551880465e-05,1,1,1,adequate_smallest_model
4,Y-RL-bal,Wye RL balanced,244,0.493475,wye_rl_balanced,wye_series,rl,balanced,2,2,1.03806147648148,2.82709459927512e-14,1.75072148416989e-06,1,1,1,adequate_smallest_model
4,Y-RL-bal,Wye RL balanced,245,0.495475,wye_rl_balanced,wye_series,rl,balanced,2,2,1.00924648109538,3.34390019797183e-14,2.55065521021438e-05,1,1,1,adequate_smallest_model
4,Y-RL-bal,Wye RL balanced,246,0.497475,wye_rl_balanced,wye_series,rl,balanced,2,2,1.0920509850893,4.05378766030355e-14,9.28236489431801e-05,1,1,1,adequate_smallest_model
4,Y-RL-bal,Wye RL balanced,247,0.499475,wye_rl_balanced,wye_series,rl,balanced,2,2,1.01610491616954,3.62881314179033e-14,4.97000386124994e-05,1,1,1,adequate_smallest_model
4,Y-RL-bal,Wye RL balanced,248,0.501475,wye_rl_balanced,wye_series,rl,balanced,2,2,1.01351747588556,3.11003902228402e-14,4.06492551813346e-05,1,1,1,adequate_smallest_model
4,Y-RL-bal,Wye RL balanced,249,0.503475,wye_rl_balanced,wye_series,rl,balanced,2,2,1.03806147648148,2.8940803098779e-14,1.75072147871815e-06,1,1,1,adequate_smallest_model
4,Y-RL-bal,Wye RL balanced,250,0.505475,wye_rl_balanced,wye_series,rl,balanced,2,2,1.00924648109538,3.3468850417499e-14,2.55065521133091e-05,1,1,1,adequate_smallest_model
4,Y-RL-bal,Wye RL balanced,251,0.507475,wye_rl_balanced,wye_series,rl,balanced,2,2,1.0920509850893,4.08502673815387e-14,9.28236489348526e-05,1,1,1,adequate_smallest_model
4,Y-RL-bal,Wye RL balanced,252,0.509475,wye_rl_balanced,wye_series,rl,balanced,2,2,1.01610491616954,3.69211949803458e-14,4.97000386194953e-05,1,1,1,adequate_smallest_model
4,Y-RL-bal,Wye RL balanced,253,0.511475,wye_rl_balanced,wye_series,rl,balanced,2,2,1.01351747588556,3.12526125275904e-14,4.06492551834299e-05,1,1,1,adequate_smallest_model
4,Y-RL-bal,Wye RL balanced,254,0.513475,wye_rl_balanced,wye_series,rl,balanced,2,2,1.03806147648148,2.86182617642797e-14,1.75072147015353e-06,1,1,1,adequate_smallest_model
4,Y-RL-bal,Wye RL balanced,255,0.515475,wye_rl_balanced,wye_series,rl,balanced,2,2,1.00924648109537,3.36909501793971e-14,2.55065521127009e-05,1,1,1,adequate_smallest_model
4,Y-RL-bal,Wye RL balanced,256,0.517475,wye_rl_balanced,wye_series,rl,balanced,2,2,1.0920509850893,4.12823056063543e-14,9.28236489354143e-05,1,1,1,adequate_smallest_model
4,Y-RL-bal,Wye RL balanced,257,0.519475,wye_rl_balanced,wye_series,rl,balanced,2,2,1.01610491616954,3.68927110916169e-14,4.97000386185343e-05,1,1,1,adequate_smallest_model
4,Y-RL-bal,Wye RL balanced,258,0.521475,wye_rl_balanced,wye_series,rl,balanced,2,2,1.01351747588556,3.14282848808879e-14,4.06492551844384e-05,1,1,1,adequate_smallest_model
4,Y-RL-bal,Wye RL balanced,259,0.523475,wye_rl_balanced,wye_series,rl,balanced,2,2,1.03806147648148,2.89833898208715e-14,1.75072147698504e-06,1,1,1,adequate_smallest_model
4,Y-RL-bal,Wye RL balanced,260,0.525475,wye_rl_balanced,wye_series,rl,balanced,2,2,1.00924648109537,3.36173814681337e-14,2.55065521125219e-05,1,1,1,adequate_smallest_model
4,Y-RL-bal,Wye RL balanced,261,0.527475,wye_rl_balanced,wye_series,rl,balanced,2,2,1.0920509850893,4.08366975969939e-14,9.28236489342913e-05,1,1,1,adequate_smallest_model
4,Y-RL-bal,Wye RL balanced,262,0.529475,wye_rl_balanced,wye_series,rl,balanced,2,2,1.01610491616954,3.64827093162392e-14,4.97000386163049e-05,1,1,1,adequate_smallest_model
4,Y-RL-bal,Wye RL balanced,263,0.531475,wye_rl_balanced,wye_series,rl,balanced,2,2,1.01351747588556,3.1010374684881e-14,4.06492551892491e-05,1,1,1,adequate_smallest_model
4,Y-RL-bal,Wye RL balanced,264,0.533475,wye_rl_balanced,wye_series,rl,balanced,2,2,1.03806147648148,2.82563433395549e-14,1.75072148622273e-06,1,1,1,adequate_smallest_model
4,Y-RL-bal,Wye RL balanced,265,0.535475,wye_rl_balanced,wye_series,rl,balanced,2,2,1.00924648109538,3.38134665138911e-14,2.5506552110804e-05,1,1,1,adequate_smallest_model
4,Y-RL-bal,Wye RL balanced,266,0.537475,wye_rl_balanced,wye_series,rl,balanced,2,2,1.0920509850893,4.05964863671613e-14,9.28236489386893e-05,1,1,1,adequate_smallest_model
4,Y-RL-bal,Wye RL balanced,267,0.539475,wye_rl_balanced,wye_series,rl,balanced,2,2,1.01610491616954,3.6780392285596e-14,4.97000386162663e-05,1,1,1,adequate_smallest_model
4,Y-RL-bal,Wye RL balanced,268,0.541475,wye_rl_balanced,wye_series,rl,balanced,2,2,1.01351747588556,3.17993423468156e-14,4.06492551925465e-05,1,1,1,adequate_smallest_model
4,Y-RL-bal,Wye RL balanced,269,0.543475,wye_rl_balanced,wye_series,rl,balanced,2,2,1.03806147648148,2.82354347258826e-14,1.75072148714817e-06,1,1,1,adequate_smallest_model
4,Y-RL-bal,Wye RL balanced,270,0.545475,wye_rl_balanced,wye_series,rl,balanced,2,2,1.00924648109538,3.38384682095795e-14,2.55065520962032e-05,1,1,1,adequate_smallest_model
4,Y-RL-bal,Wye RL balanced,271,0.547475,wye_rl_balanced,wye_series,rl,balanced,2,2,1.0920509850893,4.08325305703597e-14,9.28236489447245e-05,1,1,1,adequate_smallest_model
4,Y-RL-bal,Wye RL balanced,272,0.549475,wye_rl_balanced,wye_series,rl,balanced,2,2,1.01610491616954,3.67126727209542e-14,4.97000386139602e-05,1,1,1,adequate_smallest_model
4,Y-RL-bal,Wye RL balanced,273,0.551475,wye_rl_balanced,wye_series,rl,balanced,2,2,1.01351747588556,3.10699739752131e-14,4.06492551958449e-05,1,1,1,adequate_smallest_model
4,Y-RL-bal,Wye RL balanced,274,0.553475,wye_rl_balanced,wye_series,rl,balanced,2,2,1.03806147648149,2.88130711253756e-14,1.7507214955277e-06,1,1,1,adequate_smallest_model
4,Y-RL-bal,Wye RL balanced,275,0.555475,wye_rl_balanced,wye_series,rl,balanced,2,2,1.00924648109538,3.3610028764804e-14,2.55065520894041e-05,1,1,1,adequate_smallest_model
4,Y-RL-bal,Wye RL balanced,276,0.557475,wye_rl_balanced,wye_series,rl,balanced,2,2,1.09205098508929,4.06282879644406e-14,9.2823648952444e-05,1,1,1,adequate_smallest_model
4,Y-RL-bal,Wye RL balanced,277,0.559475,wye_rl_balanced,wye_series,rl,balanced,2,2,1.01610491616954,3.67185718871751e-14,4.97000386093091e-05,1,1,1,adequate_smallest_model
4,Y-RL-bal,Wye RL balanced,278,0.561475,wye_rl_balanced,wye_series,rl,balanced,2,2,1.01351747588556,3.1586095230776e-14,4.06492551968146e-05,1,1,1,adequate_smallest_model
4,Y-RL-bal,Wye RL balanced,279,0.563475,wye_rl_balanced,wye_series,rl,balanced,2,2,1.03806147648149,2.86060268683403e-14,1.75072149606614e-06,1,1,1,adequate_smallest_model
4,Y-RL-bal,Wye RL balanced,280,0.565475,wye_rl_balanced,wye_series,rl,balanced,2,2,1.00924648109539,3.37996606917422e-14,2.55065520890103e-05,1,1,1,adequate_smallest_model
4,Y-RL-bal,Wye RL balanced,281,0.567475,wye_rl_balanced,wye_series,rl,balanced,2,2,1.09205098508929,4.05311478147212e-14,9.2823648957076e-05,1,1,1,adequate_smallest_model
4,Y-RL-bal,Wye RL balanced,282,0.569475,wye_rl_balanced,wye_series,rl,balanced,2,2,1.01610491616955,3.66060341544614e-14,4.97000386068106e-05,1,1,1,adequate_smallest_model
4,Y-RL-bal,Wye RL balanced,283,0.571475,wye_rl_balanced,wye_series,rl,balanced,2,2,1.01351747588556,3.09541892638106e-14,4.06492551998795e-05,1,1,1,adequate_smallest_model
4,Y-RL-bal,Wye RL balanced,284,0.573475,wye_rl_balanced,wye_series,rl,balanced,2,2,1.03806147648149,2.88115450729001e-14,1.75072149111916e-06,1,1,1,adequate_smallest_model
4,Y-RL-bal,Wye RL balanced,285,0.575475,wye_rl_balanced,wye_series,rl,balanced,2,2,1.00924648109539,3.36359383565222e-14,2.55065520945569e-05,1,1,1,adequate_smallest_model
4,Y-RL-bal,Wye RL balanced,286,0.577475,wye_rl_balanced,wye_series,rl,balanced,2,2,1.09205098508929,4.03590014963093e-14,9.28236489681641e-05,1,1,1,adequate_smallest_model
4,Y-RL-bal,Wye RL balanced,287,0.579475,wye_rl_balanced,wye_series,rl,balanced,2,2,1.01610491616954,3.64499698115416e-14,4.97000386077712e-05,1,1,1,adequate_smallest_model
4,Y-RL-bal,Wye RL balanced,288,0.581475,wye_rl_balanced,wye_series,rl,balanced,2,2,1.01351747588556,3.05192715646476e-14,4.06492551952238e-05,1,1,1,adequate_smallest_model
4,Y-RL-bal,Wye RL balanced,289,0.583475,wye_rl_balanced,wye_series,rl,balanced,2,2,1.03806147648148,2.85986635368873e-14,1.75072149187636e-06,1,1,1,adequate_smallest_model
4,Y-RL-bal,Wye RL balanced,290,0.585475,wye_rl_balanced,wye_series,rl,balanced,2,2,1.00924648109538,3.33400535966157e-14,2.55065520919088e-05,1,1,1,adequate_smallest_model
4,Y-RL-bal,Wye RL balanced,291,0.587475,wye_rl_balanced,wye_series,rl,balanced,2,2,1.09205098508929,3.99528171429242e-14,9.28236489587596e-05,1,1,1,adequate_smallest_model
4,Y-RL-bal,Wye RL balanced,292,0.589475,wye_rl_balanced,wye_series,rl,balanced,2,2,1.01610491616954,3.71458428291488e-14,4.97000386082327e-05,1,1,1,adequate_smallest_model
4,Y-RL-bal,Wye RL balanced,293,0.591475,wye_rl_balanced,wye_series,rl,balanced,2,2,1.01351747588556,3.10705173520176e-14,4.06492551901804e-05,1,1,1,adequate_smallest_model
5,Y-RLC-unb,Wye RLC unbalanced,1,0.007475,wye_rlgamma_full_unbalanced,wye_series,rlgamma,full_unbalanced,9,9,31.3751901557615,1.81245619778309e-15,1.44472568832109e-06,1,1,1,adequate_smallest_model
5,Y-RLC-unb,Wye RLC unbalanced,2,0.009475,wye_rlgamma_full_unbalanced,wye_series,rlgamma,full_unbalanced,9,9,36.5280756506415,1.50483506102717e-15,1.05241066668034e-05,1,1,1,adequate_smallest_model
5,Y-RLC-unb,Wye RLC unbalanced,3,0.011475,wye_rlgamma_full_unbalanced,wye_series,rlgamma,full_unbalanced,9,9,36.4657509326399,1.69918602105377e-15,3.42493083524063e-05,1,1,1,adequate_smallest_model
5,Y-RLC-unb,Wye RLC unbalanced,4,0.013475,wye_rlgamma_full_unbalanced,wye_series,rlgamma,full_unbalanced,9,9,32.4807271126012,2.22250710056125e-15,5.12919065952728e-05,1,1,1,adequate_smallest_model
5,Y-RLC-unb,Wye RLC unbalanced,5,0.015475,wye_rlgamma_full_unbalanced,wye_series,rlgamma,full_unbalanced,9,9,28.5634198061667,1.92277631428758e-15,3.97058596872888e-05,1,1,1,adequate_smallest_model
5,Y-RLC-unb,Wye RLC unbalanced,6,0.017475,wye_rlgamma_full_unbalanced,wye_series,rlgamma,full_unbalanced,9,9,31.3751901557615,3.10053204463844e-15,1.4447256867216e-06,1,1,1,adequate_smallest_model
5,Y-RLC-unb,Wye RLC unbalanced,7,0.019475,wye_rlgamma_full_unbalanced,wye_series,rlgamma,full_unbalanced,9,9,36.5280756506414,1.9412014341852e-15,1.05241066676974e-05,1,1,1,adequate_smallest_model
5,Y-RLC-unb,Wye RLC unbalanced,8,0.021475,wye_rlgamma_full_unbalanced,wye_series,rlgamma,full_unbalanced,9,9,36.4657509326399,2.22047198396831e-15,3.4249308350792e-05,1,1,1,adequate_smallest_model
5,Y-RLC-unb,Wye RLC unbalanced,9,0.023475,wye_rlgamma_full_unbalanced,wye_series,rlgamma,full_unbalanced,9,9,32.4807271126012,2.16606701465104e-15,5.12919065959874e-05,1,1,1,adequate_smallest_model
5,Y-RLC-unb,Wye RLC unbalanced,10,0.025475,wye_rlgamma_full_unbalanced,wye_series,rlgamma,full_unbalanced,9,9,28.5634198061667,1.9827749752984e-15,3.97058596871734e-05,1,1,1,adequate_smallest_model
5,Y-RLC-unb,Wye RLC unbalanced,11,0.027475,wye_rlgamma_full_unbalanced,wye_series,rlgamma,full_unbalanced,9,9,31.3751901557615,2.01120103133841e-15,1.44472568795197e-06,1,1,1,adequate_smallest_model
5,Y-RLC-unb,Wye RLC unbalanced,12,0.029475,wye_rlgamma_full_unbalanced,wye_series,rlgamma,full_unbalanced,9,9,36.5280756506414,2.56869517337246e-15,1.05241066693066e-05,1,1,1,adequate_smallest_model
5,Y-RLC-unb,Wye RLC unbalanced,13,0.031475,wye_rlgamma_full_unbalanced,wye_series,rlgamma,full_unbalanced,9,9,36.46575093264,3.75328728148172e-15,3.4249308353648e-05,1,1,1,adequate_smallest_model
5,Y-RLC-unb,Wye RLC unbalanced,14,0.033475,wye_rlgamma_full_unbalanced,wye_series,rlgamma,full_unbalanced,9,9,32.4807271126012,3.35744685186022e-15,5.12919065967019e-05,1,1,1,adequate_smallest_model
5,Y-RLC-unb,Wye RLC unbalanced,15,0.035475,wye_rlgamma_full_unbalanced,wye_series,rlgamma,full_unbalanced,9,9,28.5634198061667,3.79116424553279e-15,3.97058596874043e-05,1,1,1,adequate_smallest_model
5,Y-RLC-unb,Wye RLC unbalanced,16,0.037475,wye_rlgamma_full_unbalanced,wye_series,rlgamma,full_unbalanced,9,9,31.3751901557616,3.92702453639529e-15,1.44472568881323e-06,1,1,1,adequate_smallest_model
5,Y-RLC-unb,Wye RLC unbalanced,17,0.039475,wye_rlgamma_full_unbalanced,wye_series,rlgamma,full_unbalanced,9,9,36.5280756506415,4.7465437120714e-15,1.05241066657307e-05,1,1,1,adequate_smallest_model
5,Y-RLC-unb,Wye RLC unbalanced,18,0.041475,wye_rlgamma_full_unbalanced,wye_series,rlgamma,full_unbalanced,9,9,36.46575093264,4.66210111967639e-15,3.4249308353648e-05,1,1,1,adequate_smallest_model
5,Y-RLC-unb,Wye RLC unbalanced,19,0.043475,wye_rlgamma_full_unbalanced,wye_series,rlgamma,full_unbalanced,9,9,32.4807271126012,4.57000635064166e-15,5.12919065995601e-05,1,1,1,adequate_smallest_model
5,Y-RLC-unb,Wye RLC unbalanced,20,0.045475,wye_rlgamma_full_unbalanced,wye_series,rlgamma,full_unbalanced,9,9,28.5634198061666,3.61838536368466e-15,3.97058596867115e-05,1,1,1,adequate_smallest_model
5,Y-RLC-unb,Wye RLC unbalanced,21,0.047475,wye_rlgamma_full_unbalanced,wye_series,rlgamma,full_unbalanced,9,9,31.3751901557615,5.13653924004691e-15,1.44472569127398e-06,1,1,1,adequate_smallest_model
5,Y-RLC-unb,Wye RLC unbalanced,22,0.049475,wye_rlgamma_full_unbalanced,wye_series,rlgamma,full_unbalanced,9,9,36.5280756506413,4.47566311652639e-15,1.0524106670737e-05,1,1,1,adequate_smallest_model
5,Y-RLC-unb,Wye RLC unbalanced,23,0.051475,wye_rlgamma_full_unbalanced,wye_series,rlgamma,full_unbalanced,9,9,36.4657509326398,4.33277175053338e-15,3.42493083499229e-05,1,1,1,adequate_smallest_model
5,Y-RLC-unb,Wye RLC unbalanced,24,0.053475,wye_rlgamma_full_unbalanced,wye_series,rlgamma,full_unbalanced,9,9,32.480727112601,5.2588449449413e-15,5.12919065934865e-05,1,1,1,adequate_smallest_model
5,Y-RLC-unb,Wye RLC unbalanced,25,0.055475,wye_rlgamma_full_unbalanced,wye_series,rlgamma,full_unbalanced,9,9,28.5634198061665,4.89761051485285e-15,3.97058596868269e-05,1,1,1,adequate_smallest_model
5,Y-RLC-unb,Wye RLC unbalanced,26,0.057475,wye_rlgamma_full_unbalanced,wye_series,rlgamma,full_unbalanced,9,9,31.3751901557613,3.95819905098182e-15,1.44472568745983e-06,1,1,1,adequate_smallest_model
5,Y-RLC-unb,Wye RLC unbalanced,27,0.059475,wye_rlgamma_full_unbalanced,wye_series,rlgamma,full_unbalanced,9,9,36.5280756506412,3.16294048381922e-15,1.0524106668949e-05,1,1,1,adequate_smallest_model
5,Y-RLC-unb,Wye RLC unbalanced,28,0.061475,wye_rlgamma_full_unbalanced,wye_series,rlgamma,full_unbalanced,9,9,36.4657509326398,3.79432146988862e-15,3.42493083526549e-05,1,1,1,adequate_smallest_model
5,Y-RLC-unb,Wye RLC unbalanced,29,0.063475,wye_rlgamma_full_unbalanced,wye_series,rlgamma,full_unbalanced,9,9,32.480727112601,3.35183956078588e-15,5.1291906597595e-05,1,1,1,adequate_smallest_model
5,Y-RLC-unb,Wye RLC unbalanced,30,0.065475,wye_rlgamma_full_unbalanced,wye_series,rlgamma,full_unbalanced,9,9,28.5634198061665,2.80834497421029e-15,3.97058596864805e-05,1,1,1,adequate_smallest_model
5,Y-RLC-unb,Wye RLC unbalanced,31,0.067475,wye_rlgamma_full_unbalanced,wye_series,rlgamma,full_unbalanced,9,9,31.3751901557614,3.12405282998576e-15,1.44472568721375e-06,1,1,1,adequate_smallest_model
5,Y-RLC-unb,Wye RLC unbalanced,32,0.069475,wye_rlgamma_full_unbalanced,wye_series,rlgamma,full_unbalanced,9,9,36.5280756506412,3.07144557428099e-15,1.05241066664459e-05,1,1,1,adequate_smallest_model
5,Y-RLC-unb,Wye RLC unbalanced,33,0.071475,wye_rlgamma_full_unbalanced,wye_series,rlgamma,full_unbalanced,9,9,36.4657509326398,3.22101872787023e-15,3.42493083524065e-05,1,1,1,adequate_smallest_model
5,Y-RLC-unb,Wye RLC unbalanced,34,0.073475,wye_rlgamma_full_unbalanced,wye_series,rlgamma,full_unbalanced,9,9,32.480727112601,4.08870444338596e-15,5.12919065988456e-05,1,1,1,adequate_smallest_model
5,Y-RLC-unb,Wye RLC unbalanced,35,0.075475,wye_rlgamma_full_unbalanced,wye_series,rlgamma,full_unbalanced,9,9,28.5634198061665,3.86328014703921e-15,3.97058596890207e-05,1,1,1,adequate_smallest_model
5,Y-RLC-unb,Wye RLC unbalanced,36,0.077475,wye_rlgamma_full_unbalanced,wye_series,rlgamma,full_unbalanced,9,9,31.3751901557614,3.75115838622744e-15,1.44472568795198e-06,1,1,1,adequate_smallest_model
5,Y-RLC-unb,Wye RLC unbalanced,37,0.079475,wye_rlgamma_full_unbalanced,wye_series,rlgamma,full_unbalanced,9,9,36.5280756506413,4.19569151772034e-15,1.05241066684126e-05,1,1,1,adequate_smallest_model
5,Y-RLC-unb,Wye RLC unbalanced,38,0.081475,wye_rlgamma_full_unbalanced,wye_series,rlgamma,full_unbalanced,9,9,36.4657509326398,4.44469597506686e-15,3.42493083514132e-05,1,1,1,adequate_smallest_model
5,Y-RLC-unb,Wye RLC unbalanced,39,0.083475,wye_rlgamma_full_unbalanced,wye_series,rlgamma,full_unbalanced,9,9,32.4807271126011,4.0221563360692e-15,5.12919065974164e-05,1,1,1,adequate_smallest_model
5,Y-RLC-unb,Wye RLC unbalanced,40,0.085475,wye_rlgamma_full_unbalanced,wye_series,rlgamma,full_unbalanced,9,9,28.5634198061666,3.68345510273782e-15,3.97058596870578e-05,1,1,1,adequate_smallest_model
5,Y-RLC-unb,Wye RLC unbalanced,41,0.087475,wye_rlgamma_full_unbalanced,wye_series,rlgamma,full_unbalanced,9,9,31.3751901557615,3.3934678174811e-15,1.44472568782894e-06,1,1,1,adequate_smallest_model
5,Y-RLC-unb,Wye RLC unbalanced,42,0.089475,wye_rlgamma_full_unbalanced,wye_series,rlgamma,full_unbalanced,9,9,36.5280756506414,3.27718950769773e-15,1.05241066691278e-05,1,1,1,adequate_smallest_model
5,Y-RLC-unb,Wye RLC unbalanced,43,0.091475,wye_rlgamma_full_unbalanced,wye_series,rlgamma,full_unbalanced,9,9,36.4657509326399,3.70491554476913e-15,3.42493083509164e-05,1,1,1,adequate_smallest_model
5,Y-RLC-unb,Wye RLC unbalanced,44,0.093475,wye_rlgamma_full_unbalanced,wye_series,rlgamma,full_unbalanced,9,9,32.4807271126012,3.7822024669452e-15,5.12919065952728e-05,1,1,1,adequate_smallest_model
5,Y-RLC-unb,Wye RLC unbalanced,45,0.095475,wye_rlgamma_full_unbalanced,wye_series,rlgamma,full_unbalanced,9,9,28.5634198061667,3.13595451047113e-15,3.97058596875197e-05,1,1,1,adequate_smallest_model
5,Y-RLC-unb,Wye RLC unbalanced,46,0.097475,wye_rlgamma_full_unbalanced,wye_series,rlgamma,full_unbalanced,9,9,31.3751901557616,3.10237448713663e-15,1.44472568881323e-06,1,1,1,adequate_smallest_model
5,Y-RLC-unb,Wye RLC unbalanced,47,0.099475,wye_rlgamma_full_unbalanced,wye_series,rlgamma,full_unbalanced,9,9,36.5280756506414,3.44385779580784e-15,1.05241066671611e-05,1,1,1,adequate_smallest_model
5,Y-RLC-unb,Wye RLC unbalanced,48,0.101475,wye_rlgamma_full_unbalanced,wye_series,rlgamma,full_unbalanced,9,9,36.46575093264,3.85481527257097e-15,3.42493083489295e-05,1,1,1,adequate_smallest_model
5,Y-RLC-unb,Wye RLC unbalanced,49,0.103475,wye_rlgamma_full_unbalanced,wye_series,rlgamma,full_unbalanced,9,9,32.4807271126011,4.16415143764656e-15,5.12919065963448e-05,1,1,1,adequate_smallest_model
5,Y-RLC-unb,Wye RLC unbalanced,50,0.105475,wye_rlgamma_full_unbalanced,wye_series,rlgamma,full_unbalanced,9,9,28.5634198061667,3.45574003535663e-15,3.97058596887899e-05,1,1,1,adequate_smallest_model
5,Y-RLC-unb,Wye RLC unbalanced,51,0.107475,wye_rlgamma_full_unbalanced,wye_series,rlgamma,full_unbalanced,9,9,31.3751901557616,4.28421601247787e-15,1.4447256853682e-06,1,1,1,adequate_smallest_model
5,Y-RLC-unb,Wye RLC unbalanced,52,0.109475,wye_rlgamma_full_unbalanced,wye_series,rlgamma,full_unbalanced,9,9,36.5280756506415,4.35814392854703e-15,1.05241066653732e-05,1,1,1,adequate_smallest_model
5,Y-RLC-unb,Wye RLC unbalanced,53,0.111475,wye_rlgamma_full_unbalanced,wye_series,rlgamma,full_unbalanced,9,9,36.4657509326399,4.97972970608287e-15,3.4249308349923e-05,1,1,1,adequate_smallest_model
5,Y-RLC-unb,Wye RLC unbalanced,54,0.113475,wye_rlgamma_full_unbalanced,wye_series,rlgamma,full_unbalanced,9,9,32.4807271126012,2.87733014557099e-15,5.12919065975953e-05,1,1,1,adequate_smallest_model
5,Y-RLC-unb,Wye RLC unbalanced,55,0.115475,wye_rlgamma_full_unbalanced,wye_series,rlgamma,full_unbalanced,9,9,28.5634198061666,3.58173507653015e-15,3.97058596874044e-05,1,1,1,adequate_smallest_model
5,Y-RLC-unb,Wye RLC unbalanced,56,0.117475,wye_rlgamma_full_unbalanced,wye_series,rlgamma,full_unbalanced,9,9,31.3751901557615,2.70247613218002e-15,1.44472568844413e-06,1,1,1,adequate_smallest_model
5,Y-RLC-unb,Wye RLC unbalanced,57,0.119475,wye_rlgamma_full_unbalanced,wye_series,rlgamma,full_unbalanced,9,9,36.5280756506414,3.02962688494562e-15,1.05241066676975e-05,1,1,1,adequate_smallest_model
5,Y-RLC-unb,Wye RLC unbalanced,58,0.121475,wye_rlgamma_full_unbalanced,wye_series,rlgamma,full_unbalanced,9,9,36.4657509326398,3.26918108826606e-15,3.42493083531513e-05,1,1,1,adequate_smallest_model
5,Y-RLC-unb,Wye RLC unbalanced,59,0.123475,wye_rlgamma_full_unbalanced,wye_series,rlgamma,full_unbalanced,9,9,32.480727112601,2.56770723973746e-15,5.12919065974165e-05,1,1,1,adequate_smallest_model
5,Y-RLC-unb,Wye RLC unbalanced,60,0.125475,wye_rlgamma_full_unbalanced,wye_series,rlgamma,full_unbalanced,9,9,28.5634198061665,2.1675068378462e-15,3.97058596865961e-05,1,1,1,adequate_smallest_model
5,Y-RLC-unb,Wye RLC unbalanced,61,0.127475,wye_rlgamma_full_unbalanced,wye_series,rlgamma,full_unbalanced,9,9,31.3751901557615,2.86365039901917e-15,1.44472568893627e-06,1,1,1,adequate_smallest_model
5,Y-RLC-unb,Wye RLC unbalanced,62,0.129475,wye_rlgamma_full_unbalanced,wye_series,rlgamma,full_unbalanced,9,9,36.5280756506413,2.73950133233874e-15,1.05241066712733e-05,1,1,1,adequate_smallest_model
5,Y-RLC-unb,Wye RLC unbalanced,63,0.131475,wye_rlgamma_full_unbalanced,wye_series,rlgamma,full_unbalanced,9,9,36.4657509326398,2.88212204889359e-15,3.42493083509163e-05,1,1,1,adequate_smallest_model
5,Y-RLC-unb,Wye RLC unbalanced,64,0.133475,wye_rlgamma_full_unbalanced,wye_series,rlgamma,full_unbalanced,9,9,32.480727112601,2.88003157433863e-15,5.12919065954516e-05,1,1,1,adequate_smallest_model
5,Y-RLC-unb,Wye RLC unbalanced,65,0.135475,wye_rlgamma_full_unbalanced,wye_series,rlgamma,full_unbalanced,9,9,28.5634198061665,2.28091636357584e-15,3.97058596844024e-05,1,1,1,adequate_smallest_model
5,Y-RLC-unb,Wye RLC unbalanced,66,0.137475,wye_rlgamma_full_unbalanced,wye_series,rlgamma,full_unbalanced,9,9,31.3751901557615,2.99552927329487e-15,1.44472569053576e-06,1,1,1,adequate_smallest_model
5,Y-RLC-unb,Wye RLC unbalanced,67,0.139475,wye_rlgamma_full_unbalanced,wye_series,rlgamma,full_unbalanced,9,9,36.5280756506413,2.5685835669203e-15,1.05241066700218e-05,1,1,1,adequate_smallest_model
5,Y-RLC-unb,Wye RLC unbalanced,68,0.141475,wye_rlgamma_full_unbalanced,wye_series,rlgamma,full_unbalanced,9,9,36.4657509326398,2.93622468163399e-15,3.42493083512888e-05,1,1,1,adequate_smallest_model
5,Y-RLC-unb,Wye RLC unbalanced,69,0.143475,wye_rlgamma_full_unbalanced,wye_series,rlgamma,full_unbalanced,9,9,32.480727112601,3.02995322035716e-15,5.12919065936651e-05,1,1,1,adequate_smallest_model
5,Y-RLC-unb,Wye RLC unbalanced,70,0.145475,wye_rlgamma_full_unbalanced,wye_series,rlgamma,full_unbalanced,9,9,28.5634198061665,2.60536377286401e-15,3.97058596850951e-05,1,1,1,adequate_smallest_model
5,Y-RLC-unb,Wye RLC unbalanced,71,0.147475,wye_rlgamma_full_unbalanced,wye_series,rlgamma,full_unbalanced,9,9,31.3751901557615,2.88337780039687e-15,1.44472568930539e-06,1,1,1,adequate_smallest_model
5,Y-RLC-unb,Wye RLC unbalanced,72,0.149475,wye_rlgamma_full_unbalanced,wye_series,rlgamma,full_unbalanced,9,9,36.5280756506414,2.13171310850732e-15,1.05241066664459e-05,1,1,1,adequate_smallest_model
5,Y-RLC-unb,Wye RLC unbalanced,73,0.151475,wye_rlgamma_full_unbalanced,wye_series,rlgamma,full_unbalanced,9,9,36.4657509326398,2.9645185925601e-15,3.4249308353648e-05,1,1,1,adequate_smallest_model
5,Y-RLC-unb,Wye RLC unbalanced,74,0.153475,wye_rlgamma_full_unbalanced,wye_series,rlgamma,full_unbalanced,9,9,32.480727112601,2.62438807107414e-15,5.1291906594737e-05,1,1,1,adequate_smallest_model
5,Y-RLC-unb,Wye RLC unbalanced,75,0.155475,wye_rlgamma_full_unbalanced,wye_series,rlgamma,full_unbalanced,9,9,28.5634198061666,3.11176035453942e-15,3.97058596863651e-05,1,1,1,adequate_smallest_model
5,Y-RLC-unb,Wye RLC unbalanced,76,0.157475,wye_rlgamma_full_unbalanced,wye_series,rlgamma,full_unbalanced,9,9,31.3751901557615,4.24714961787527e-15,1.44472569004361e-06,1,1,1,adequate_smallest_model
5,Y-RLC-unb,Wye RLC unbalanced,77,0.159475,wye_rlgamma_full_unbalanced,wye_series,rlgamma,full_unbalanced,9,9,36.5280756506413,4.83497571750514e-15,1.05241066660883e-05,1,1,1,adequate_smallest_model
5,Y-RLC-unb,Wye RLC unbalanced,78,0.161475,wye_rlgamma_full_unbalanced,wye_series,rlgamma,full_unbalanced,9,9,36.4657509326398,4.96334006943946e-15,3.42493083550141e-05,1,1,1,adequate_smallest_model
5,Y-RLC-unb,Wye RLC unbalanced,79,0.163475,wye_rlgamma_full_unbalanced,wye_series,rlgamma,full_unbalanced,9,9,32.4807271126011,5.38799806460055e-15,5.12919065963448e-05,1,1,1,adequate_smallest_model
5,Y-RLC-unb,Wye RLC unbalanced,80,0.165475,wye_rlgamma_full_unbalanced,wye_series,rlgamma,full_unbalanced,9,9,28.5634198061666,3.81458815354575e-15,3.97058596842869e-05,1,1,1,adequate_smallest_model
5,Y-RLC-unb,Wye RLC unbalanced,81,0.167475,wye_rlgamma_full_unbalanced,wye_series,rlgamma,full_unbalanced,9,9,31.3751901557617,3.4095068929696e-15,1.44472568942842e-06,1,1,1,adequate_smallest_model
5,Y-RLC-unb,Wye RLC unbalanced,82,0.169475,wye_rlgamma_full_unbalanced,wye_series,rlgamma,full_unbalanced,9,9,36.5280756506417,3.29761679717761e-15,1.05241066644792e-05,1,1,1,adequate_smallest_model
5,Y-RLC-unb,Wye RLC unbalanced,83,0.171475,wye_rlgamma_full_unbalanced,wye_series,rlgamma,full_unbalanced,9,9,36.4657509326402,2.3709254185504e-15,3.42493083499228e-05,1,1,1,adequate_smallest_model
5,Y-RLC-unb,Wye RLC unbalanced,84,0.173475,wye_rlgamma_full_unbalanced,wye_series,rlgamma,full_unbalanced,9,9,32.4807271126014,2.58571436425967e-15,5.12919065974166e-05,1,1,1,adequate_smallest_model
5,Y-RLC-unb,Wye RLC unbalanced,85,0.175475,wye_rlgamma_full_unbalanced,wye_series,rlgamma,full_unbalanced,9,9,28.5634198061669,2.25070242580746e-15,3.97058596868271e-05,1,1,1,adequate_smallest_model
5,Y-RLC-unb,Wye RLC unbalanced,86,0.177475,wye_rlgamma_full_unbalanced,wye_series,rlgamma,full_unbalanced,9,9,31.3751901557619,2.63072401395955e-15,1.44472568709072e-06,1,1,1,adequate_smallest_model
5,Y-RLC-unb,Wye RLC unbalanced,87,0.179475,wye_rlgamma_full_unbalanced,wye_series,rlgamma,full_unbalanced,9,9,36.5280756506418,2.32469427925042e-15,1.05241066700217e-05,1,1,1,adequate_smallest_model
5,Y-RLC-unb,Wye RLC unbalanced,88,0.181475,wye_rlgamma_full_unbalanced,wye_series,rlgamma,full_unbalanced,9,9,36.4657509326402,2.82404813469161e-15,3.42493083527787e-05,1,1,1,adequate_smallest_model
5,Y-RLC-unb,Wye RLC unbalanced,89,0.183475,wye_rlgamma_full_unbalanced,wye_series,rlgamma,full_unbalanced,9,9,32.4807271126014,2.53412459762285e-15,5.12919065958088e-05,1,1,1,adequate_smallest_model
5,Y-RLC-unb,Wye RLC unbalanced,90,0.185475,wye_rlgamma_full_unbalanced,wye_series,rlgamma,full_unbalanced,9,9,28.5634198061669,2.63336616514979e-15,3.9705859683594e-05,1,1,1,adequate_smallest_model
5,Y-RLC-unb,Wye RLC unbalanced,91,0.187475,wye_rlgamma_full_unbalanced,wye_series,rlgamma,full_unbalanced,9,9,31.3751901557618,2.50627023353315e-15,1.44472568918235e-06,1,1,1,adequate_smallest_model
5,Y-RLC-unb,Wye RLC unbalanced,92,0.189475,wye_rlgamma_full_unbalanced,wye_series,rlgamma,full_unbalanced,9,9,36.5280756506417,2.37108514386045e-15,1.05241066719885e-05,1,1,1,adequate_smallest_model
5,Y-RLC-unb,Wye RLC unbalanced,93,0.191475,wye_rlgamma_full_unbalanced,wye_series,rlgamma,full_unbalanced,9,9,36.4657509326401,3.2531253860566e-15,3.42493083491778e-05,1,1,1,adequate_smallest_model
5,Y-RLC-unb,Wye RLC unbalanced,94,0.193475,wye_rlgamma_full_unbalanced,wye_series,rlgamma,full_unbalanced,9,9,32.4807271126014,3.73296563154541e-15,5.12919065954516e-05,1,1,1,adequate_smallest_model
5,Y-RLC-unb,Wye RLC unbalanced,95,0.195475,wye_rlgamma_full_unbalanced,wye_series,rlgamma,full_unbalanced,9,9,28.5634198061669,3.82002916666172e-15,3.97058596848642e-05,1,1,1,adequate_smallest_model
5,Y-RLC-unb,Wye RLC unbalanced,96,0.197475,wye_rlgamma_full_unbalanced,wye_series,rlgamma,full_unbalanced,9,9,31.3751901557618,7.43600467053995e-15,1.44472568819804e-06,1,1,1,adequate_smallest_model
5,Y-RLC-unb,Wye RLC unbalanced,97,0.199475,wye_rlgamma_full_unbalanced,wye_series,rlgamma,full_unbalanced,9,9,36.5280756506418,8.07342275008043e-15,1.05241066651942e-05,1,1,1,adequate_smallest_model
5,Y-RLC-unb,Wye RLC unbalanced,98,0.201475,wye_rlgamma_full_unbalanced,wye_series,rlgamma,full_unbalanced,9,9,36.4657509326403,9.8468138076929e-15,3.42493083538955e-05,1,1,1,adequate_smallest_model
5,Y-RLC-unb,Wye RLC unbalanced,99,0.203475,wye_rlgamma_full_unbalanced,wye_series,rlgamma,full_unbalanced,9,9,32.4807271126015,1.17811552951324e-14,5.12919066000955e-05,1,1,1,adequate_smallest_model
5,Y-RLC-unb,Wye RLC unbalanced,100,0.205475,wye_rlgamma_full_unbalanced,wye_series,rlgamma,full_unbalanced,9,9,28.563419806167,9.83100687608834e-15,3.97058596865958e-05,1,1,1,adequate_smallest_model
5,Y-RLC-unb,Wye RLC unbalanced,101,0.207475,wye_rlgamma_full_unbalanced,wye_series,rlgamma,full_unbalanced,9,9,31.3751901557619,8.39960634690205e-15,1.44472568536818e-06,1,1,1,adequate_smallest_model
5,Y-RLC-unb,Wye RLC unbalanced,102,0.209475,wye_rlgamma_full_unbalanced,wye_series,rlgamma,full_unbalanced,9,9,36.528075650642,5.98150142707793e-15,1.0524106666982e-05,1,1,1,adequate_smallest_model
5,Y-RLC-unb,Wye RLC unbalanced,103,0.211475,wye_rlgamma_full_unbalanced,wye_series,rlgamma,full_unbalanced,9,9,36.4657509326403,3.2671510037436e-15,3.42493083548883e-05,1,1,1,adequate_smallest_model
5,Y-RLC-unb,Wye RLC unbalanced,104,0.213475,wye_rlgamma_full_unbalanced,wye_series,rlgamma,full_unbalanced,9,9,32.4807271126015,2.44212956752985e-15,5.12919066004528e-05,1,1,1,adequate_smallest_model
5,Y-RLC-unb,Wye RLC unbalanced,105,0.215475,wye_rlgamma_full_unbalanced,wye_series,rlgamma,full_unbalanced,9,9,28.5634198061669,2.08208525025677e-15,3.97058596840557e-05,1,1,1,adequate_smallest_model
5,Y-RLC-unb,Wye RLC unbalanced,106,0.217475,wye_rlgamma_full_unbalanced,wye_series,rlgamma,full_unbalanced,9,9,31.375190155762,1.7299944684207e-15,1.4447256904127e-06,1,1,1,adequate_smallest_model
5,Y-RLC-unb,Wye RLC unbalanced,107,0.219475,wye_rlgamma_full_unbalanced,wye_series,rlgamma,full_unbalanced,9,9,36.5280756506418,2.29006870877271e-15,1.05241066716306e-05,1,1,1,adequate_smallest_model
5,Y-RLC-unb,Wye RLC unbalanced,108,0.221475,wye_rlgamma_full_unbalanced,wye_series,rlgamma,full_unbalanced,9,9,36.4657509326403,2.29845166941699e-15,3.42493083483072e-05,1,1,1,adequate_smallest_model
5,Y-RLC-unb,Wye RLC unbalanced,109,0.223475,wye_rlgamma_full_unbalanced,wye_series,rlgamma,full_unbalanced,9,9,32.4807271126014,3.01847337401816e-15,5.12919065949151e-05,1,1,1,adequate_smallest_model
5,Y-RLC-unb,Wye RLC unbalanced,110,0.225475,wye_rlgamma_full_unbalanced,wye_series,rlgamma,full_unbalanced,9,9,28.563419806167,5.56533615024963e-15,3.97058596842868e-05,1,1,1,adequate_smallest_model
5,Y-RLC-unb,Wye RLC unbalanced,111,0.227475,wye_rlgamma_full_unbalanced,wye_series,rlgamma,full_unbalanced,9,9,31.375190155762,7.04125573018325e-15,1.44472568930537e-06,1,1,1,adequate_smallest_model
5,Y-RLC-unb,Wye RLC unbalanced,112,0.229475,wye_rlgamma_full_unbalanced,wye_series,rlgamma,full_unbalanced,9,9,36.5280756506419,9.73899353458558e-15,1.05241066714518e-05,1,1,1,adequate_smallest_model
5,Y-RLC-unb,Wye RLC unbalanced,113,0.231475,wye_rlgamma_full_unbalanced,wye_series,rlgamma,full_unbalanced,9,9,36.4657509326404,1.2245546210767e-14,3.42493083561301e-05,1,1,1,adequate_smallest_model
5,Y-RLC-unb,Wye RLC unbalanced,114,0.233475,wye_rlgamma_full_unbalanced,wye_series,rlgamma,full_unbalanced,9,9,32.4807271126016,1.57038257096082e-14,5.12919065940219e-05,1,1,1,adequate_smallest_model
5,Y-RLC-unb,Wye RLC unbalanced,115,0.235475,wye_rlgamma_full_unbalanced,wye_series,rlgamma,full_unbalanced,9,9,28.5634198061671,1.33304769322585e-14,3.97058596862497e-05,1,1,1,adequate_smallest_model
5,Y-RLC-unb,Wye RLC unbalanced,116,0.237475,wye_rlgamma_full_unbalanced,wye_series,rlgamma,full_unbalanced,9,9,31.3751901557622,1.24086719996556e-14,1.44472568770589e-06,1,1,1,adequate_smallest_model
5,Y-RLC-unb,Wye RLC unbalanced,117,0.239475,wye_rlgamma_full_unbalanced,wye_series,rlgamma,full_unbalanced,9,9,36.5280756506423,1.16988679116829e-14,1.0524106666088e-05,1,1,1,adequate_smallest_model
5,Y-RLC-unb,Wye RLC unbalanced,118,0.241475,wye_rlgamma_full_unbalanced,wye_series,rlgamma,full_unbalanced,9,9,36.4657509326406,1.32430037938414e-14,3.42493083501696e-05,1,1,1,adequate_smallest_model
5,Y-RLC-unb,Wye RLC unbalanced,119,0.243475,wye_rlgamma_full_unbalanced,wye_series,rlgamma,full_unbalanced,9,9,32.4807271126017,1.23195915185633e-14,5.12919065963442e-05,1,1,1,adequate_smallest_model
5,Y-RLC-unb,Wye RLC unbalanced,120,0.245475,wye_rlgamma_full_unbalanced,wye_series,rlgamma,full_unbalanced,9,9,28.5634198061672,1.08665703497153e-14,3.9705859683594e-05,1,1,1,adequate_smallest_model
5,Y-RLC-unb,Wye RLC unbalanced,121,0.247475,wye_rlgamma_full_unbalanced,wye_series,rlgamma,full_unbalanced,9,9,31.3751901557624,1.11921505509376e-14,1.44472568795195e-06,1,1,1,adequate_smallest_model
5,Y-RLC-unb,Wye RLC unbalanced,122,0.249475,wye_rlgamma_full_unbalanced,wye_series,rlgamma,full_unbalanced,9,9,36.5280756506423,1.18856450378332e-14,1.0524106667876e-05,1,1,1,adequate_smallest_model
5,Y-RLC-unb,Wye RLC unbalanced,123,0.251475,wye_rlgamma_full_unbalanced,wye_series,rlgamma,full_unbalanced,9,9,36.4657509326406,1.29415742619198e-14,3.42493083517838e-05,1,1,1,adequate_smallest_model
5,Y-RLC-unb,Wye RLC unbalanced,124,0.253475,wye_rlgamma_full_unbalanced,wye_series,rlgamma,full_unbalanced,9,9,32.4807271126018,1.23965705727567e-14,5.12919065927714e-05,1,1,1,adequate_smallest_model
5,Y-RLC-unb,Wye RLC unbalanced,125,0.255475,wye_rlgamma_full_unbalanced,wye_series,rlgamma,full_unbalanced,9,9,28.5634198061672,1.06460586755476e-14,3.97058596844022e-05,1,1,1,adequate_smallest_model
5,Y-RLC-unb,Wye RLC unbalanced,126,0.257475,wye_rlgamma_full_unbalanced,wye_series,rlgamma,full_unbalanced,9,9,31.3751901557624,1.1530716955684e-14,1.44472568770588e-06,1,1,1,adequate_smallest_model
5,Y-RLC-unb,Wye RLC unbalanced,127,0.259475,wye_rlgamma_full_unbalanced,wye_series,rlgamma,full_unbalanced,9,9,36.5280756506423,1.19892583550726e-14,1.05241066691275e-05,1,1,1,adequate_smallest_model
5,Y-RLC-unb,Wye RLC unbalanced,128,0.261475,wye_rlgamma_full_unbalanced,wye_series,rlgamma,full_unbalanced,9,9,36.4657509326406,1.31171403110575e-14,3.42493083524046e-05,1,1,1,adequate_smallest_model
5,Y-RLC-unb,Wye RLC unbalanced,129,0.263475,wye_rlgamma_full_unbalanced,wye_series,rlgamma,full_unbalanced,9,9,32.4807271126017,1.22615652657413e-14,5.12919066013459e-05,1,1,1,adequate_smallest_model
5,Y-RLC-unb,Wye RLC unbalanced,130,0.265475,wye_rlgamma_full_unbalanced,wye_series,rlgamma,full_unbalanced,9,9,28.5634198061672,1.10529989327055e-14,3.97058596832475e-05,1,1,1,adequate_smallest_model
5,Y-RLC-unb,Wye RLC unbalanced,131,0.267475,wye_rlgamma_full_unbalanced,wye_series,rlgamma,full_unbalanced,9,9,31.3751901557623,1.12666085959296e-14,1.44472568733677e-06,1,1,1,adequate_smallest_model
5,Y-RLC-unb,Wye RLC unbalanced,132,0.269475,wye_rlgamma_full_unbalanced,wye_series,rlgamma,full_unbalanced,9,9,36.5280756506423,1.17468524983648e-14,1.05241066709155e-05,1,1,1,adequate_smallest_model
5,Y-RLC-unb,Wye RLC unbalanced,133,0.271475,wye_rlgamma_full_unbalanced,wye_series,rlgamma,full_unbalanced,9,9,36.4657509326405,1.28409121005012e-14,3.42493083505423e-05,1,1,1,adequate_smallest_model
5,Y-RLC-unb,Wye RLC unbalanced,134,0.273475,wye_rlgamma_full_unbalanced,wye_series,rlgamma,full_unbalanced,9,9,32.4807271126017,1.25981704981764e-14,5.1291906599024e-05,1,1,1,adequate_smallest_model
5,Y-RLC-unb,Wye RLC unbalanced,135,0.275475,wye_rlgamma_full_unbalanced,wye_series,rlgamma,full_unbalanced,9,9,28.5634198061672,1.11497069591783e-14,3.97058596869426e-05,1,1,1,adequate_smallest_model
5,Y-RLC-unb,Wye RLC unbalanced,136,0.277475,wye_rlgamma_full_unbalanced,wye_series,rlgamma,full_unbalanced,9,9,31.3751901557623,1.07268373838005e-14,1.44472569078181e-06,1,1,1,adequate_smallest_model
5,Y-RLC-unb,Wye RLC unbalanced,137,0.279475,wye_rlgamma_full_unbalanced,wye_series,rlgamma,full_unbalanced,9,9,36.5280756506422,1.20454765488138e-14,1.05241066705579e-05,1,1,1,adequate_smallest_model
5,Y-RLC-unb,Wye RLC unbalanced,138,0.281475,wye_rlgamma_full_unbalanced,wye_series,rlgamma,full_unbalanced,9,9,36.4657509326406,1.29656660130793e-14,3.42493083479346e-05,1,1,1,adequate_smallest_model
5,Y-RLC-unb,Wye RLC unbalanced,139,0.283475,wye_rlgamma_full_unbalanced,wye_series,rlgamma,full_unbalanced,9,9,32.4807271126017,1.1976774446389e-14,5.12919065967016e-05,1,1,1,adequate_smallest_model
5,Y-RLC-unb,Wye RLC unbalanced,140,0.285475,wye_rlgamma_full_unbalanced,wye_series,rlgamma,full_unbalanced,9,9,28.5634198061672,1.10868866212913e-14,3.97058596849797e-05,1,1,1,adequate_smallest_model
5,Y-RLC-unb,Wye RLC unbalanced,141,0.287475,wye_rlgamma_full_unbalanced,wye_series,rlgamma,full_unbalanced,9,9,31.3751901557624,1.11692714696888e-14,1.44472569028966e-06,1,1,1,adequate_smallest_model
5,Y-RLC-unb,Wye RLC unbalanced,142,0.289475,wye_rlgamma_full_unbalanced,wye_series,rlgamma,full_unbalanced,9,9,36.5280756506422,1.20335639616461e-14,1.05241066684123e-05,1,1,1,adequate_smallest_model
5,Y-RLC-unb,Wye RLC unbalanced,143,0.291475,wye_rlgamma_full_unbalanced,wye_series,rlgamma,full_unbalanced,9,9,36.4657509326406,1.40501438905048e-14,3.42493083506662e-05,1,1,1,adequate_smallest_model
5,Y-RLC-unb,Wye RLC unbalanced,144,0.293475,wye_rlgamma_full_unbalanced,wye_series,rlgamma,full_unbalanced,9,9,32.4807271126016,1.17621331865868e-14,5.12919065979521e-05,1,1,1,adequate_smallest_model
5,Y-RLC-unb,Wye RLC unbalanced,145,0.295475,wye_rlgamma_full_unbalanced,wye_series,rlgamma,full_unbalanced,9,9,28.5634198061672,1.12490562015321e-14,3.97058596859033e-05,1,1,1,adequate_smallest_model
5,Y-RLC-unb,Wye RLC unbalanced,146,0.297475,wye_rlgamma_full_unbalanced,wye_series,rlgamma,full_unbalanced,9,9,31.3751901557624,1.11510293468751e-14,1.44472569287343e-06,1,1,1,adequate_smallest_model
5,Y-RLC-unb,Wye RLC unbalanced,147,0.299475,wye_rlgamma_full_unbalanced,wye_series,rlgamma,full_unbalanced,9,9,36.5280756506422,1.14601847378969e-14,1.05241066709154e-05,1,1,1,adequate_smallest_model
5,Y-RLC-unb,Wye RLC unbalanced,148,0.301475,wye_rlgamma_full_unbalanced,wye_series,rlgamma,full_unbalanced,9,9,36.4657509326405,1.29577227791244e-14,3.42493083525288e-05,1,1,1,adequate_smallest_model
5,Y-RLC-unb,Wye RLC unbalanced,149,0.303475,wye_rlgamma_full_unbalanced,wye_series,rlgamma,full_unbalanced,9,9,32.4807271126016,1.26831338188018e-14,5.12919065958083e-05,1,1,1,adequate_smallest_model
5,Y-RLC-unb,Wye RLC unbalanced,150,0.305475,wye_rlgamma_full_unbalanced,wye_series,rlgamma,full_unbalanced,9,9,28.5634198061672,1.10076273943739e-14,3.97058596875197e-05,1,1,1,adequate_smallest_model
5,Y-RLC-unb,Wye RLC unbalanced,151,0.307475,wye_rlgamma_full_unbalanced,wye_series,rlgamma,full_unbalanced,9,9,31.3751901557624,1.1229565365399e-14,1.44472569041269e-06,1,1,1,adequate_smallest_model
5,Y-RLC-unb,Wye RLC unbalanced,152,0.309475,wye_rlgamma_full_unbalanced,wye_series,rlgamma,full_unbalanced,9,9,36.5280756506423,1.15019815802475e-14,1.05241066662668e-05,1,1,1,adequate_smallest_model
5,Y-RLC-unb,Wye RLC unbalanced,153,0.311475,wye_rlgamma_full_unbalanced,wye_series,rlgamma,full_unbalanced,9,9,36.4657509326405,1.3700163078087e-14,3.42493083486794e-05,1,1,1,adequate_smallest_model
5,Y-RLC-unb,Wye RLC unbalanced,154,0.313475,wye_rlgamma_full_unbalanced,wye_series,rlgamma,full_unbalanced,9,9,32.4807271126017,1.25606086605286e-14,5.12919065981306e-05,1,1,1,adequate_smallest_model
5,Y-RLC-unb,Wye RLC unbalanced,155,0.315475,wye_rlgamma_full_unbalanced,wye_series,rlgamma,full_unbalanced,9,9,28.5634198061672,1.06705379385162e-14,3.97058596874042e-05,1,1,1,adequate_smallest_model
5,Y-RLC-unb,Wye RLC unbalanced,156,0.317475,wye_rlgamma_full_unbalanced,wye_series,rlgamma,full_unbalanced,9,9,31.3751901557624,1.15951403530033e-14,1.44472569139699e-06,1,1,1,adequate_smallest_model
5,Y-RLC-unb,Wye RLC unbalanced,157,0.319475,wye_rlgamma_full_unbalanced,wye_series,rlgamma,full_unbalanced,9,9,36.5280756506424,1.46899940045103e-14,1.05241066616182e-05,1,1,1,adequate_smallest_model
5,Y-RLC-unb,Wye RLC unbalanced,158,0.321475,wye_rlgamma_full_unbalanced,wye_series,rlgamma,full_unbalanced,9,9,36.4657509326405,1.63977426656096e-14,3.42493083509142e-05,1,1,1,adequate_smallest_model
5,Y-RLC-unb,Wye RLC unbalanced,159,0.323475,wye_rlgamma_full_unbalanced,wye_series,rlgamma,full_unbalanced,9,9,32.4807271126015,2.13452446863989e-14,5.12919065963443e-05,1,1,1,adequate_smallest_model
5,Y-RLC-unb,Wye RLC unbalanced,160,0.325475,wye_rlgamma_full_unbalanced,wye_series,rlgamma,full_unbalanced,9,9,28.5634198061668,2.11165558761102e-14,3.97058596895979e-05,1,1,1,adequate_smallest_model
5,Y-RLC-unb,Wye RLC unbalanced,161,0.327475,wye_rlgamma_full_unbalanced,wye_series,rlgamma,full_unbalanced,9,9,31.3751901557618,2.22239277920801e-14,1.44472568635247e-06,1,1,1,adequate_smallest_model
5,Y-RLC-unb,Wye RLC unbalanced,162,0.329475,wye_rlgamma_full_unbalanced,wye_series,rlgamma,full_unbalanced,9,9,36.5280756506416,2.22994595442749e-14,1.05241066614395e-05,1,1,1,adequate_smallest_model
5,Y-RLC-unb,Wye RLC unbalanced,163,0.331475,wye_rlgamma_full_unbalanced,wye_series,rlgamma,full_unbalanced,9,9,36.4657509326399,2.2288609659863e-14,3.42493083481829e-05,1,1,1,adequate_smallest_model
5,Y-RLC-unb,Wye RLC unbalanced,164,0.333475,wye_rlgamma_full_unbalanced,wye_series,rlgamma,full_unbalanced,9,9,32.4807271126011,2.01889275377246e-14,5.12919065933081e-05,1,1,1,adequate_smallest_model
5,Y-RLC-unb,Wye RLC unbalanced,165,0.335475,wye_rlgamma_full_unbalanced,wye_series,rlgamma,full_unbalanced,9,9,28.5634198061666,1.67079485468249e-14,3.97058596861344e-05,1,1,1,adequate_smallest_model
5,Y-RLC-unb,Wye RLC unbalanced,166,0.337475,wye_rlgamma_full_unbalanced,wye_series,rlgamma,full_unbalanced,9,9,31.3751901557616,1.75584382850056e-14,1.44472568561426e-06,1,1,1,adequate_smallest_model
5,Y-RLC-unb,Wye RLC unbalanced,167,0.339475,wye_rlgamma_full_unbalanced,wye_series,rlgamma,full_unbalanced,9,9,36.5280756506416,2.08892601624726e-14,1.05241066668033e-05,1,1,1,adequate_smallest_model
5,Y-RLC-unb,Wye RLC unbalanced,168,0.341475,wye_rlgamma_full_unbalanced,wye_series,rlgamma,full_unbalanced,9,9,36.4657509326399,2.32031939174641e-14,3.42493083511634e-05,1,1,1,adequate_smallest_model
5,Y-RLC-unb,Wye RLC unbalanced,169,0.343475,wye_rlgamma_full_unbalanced,wye_series,rlgamma,full_unbalanced,9,9,32.480727112601,2.01463350866448e-14,5.12919065949158e-05,1,1,1,adequate_smallest_model
5,Y-RLC-unb,Wye RLC unbalanced,170,0.345475,wye_rlgamma_full_unbalanced,wye_series,rlgamma,full_unbalanced,9,9,28.5634198061666,1.68961769841411e-14,3.9705859685557e-05,1,1,1,adequate_smallest_model
5,Y-RLC-unb,Wye RLC unbalanced,171,0.347475,wye_rlgamma_full_unbalanced,wye_series,rlgamma,full_unbalanced,9,9,31.3751901557616,1.73277450850299e-14,1.44472568610641e-06,1,1,1,adequate_smallest_model
5,Y-RLC-unb,Wye RLC unbalanced,172,0.349475,wye_rlgamma_full_unbalanced,wye_series,rlgamma,full_unbalanced,9,9,36.5280756506414,2.09355419513906e-14,1.05241066675185e-05,1,1,1,adequate_smallest_model
5,Y-RLC-unb,Wye RLC unbalanced,173,0.351475,wye_rlgamma_full_unbalanced,wye_series,rlgamma,full_unbalanced,9,9,36.4657509326398,2.28307180651849e-14,3.4249308353895e-05,1,1,1,adequate_smallest_model
5,Y-RLC-unb,Wye RLC unbalanced,174,0.353475,wye_rlgamma_full_unbalanced,wye_series,rlgamma,full_unbalanced,9,9,32.480727112601,1.99668548084517e-14,5.12919065917003e-05,1,1,1,adequate_smallest_model
5,Y-RLC-unb,Wye RLC unbalanced,175,0.355475,wye_rlgamma_full_unbalanced,wye_series,rlgamma,full_unbalanced,9,9,28.5634198061665,1.69786932339296e-14,3.97058596834786e-05,1,1,1,adequate_smallest_model
5,Y-RLC-unb,Wye RLC unbalanced,176,0.357475,wye_rlgamma_full_unbalanced,wye_series,rlgamma,full_unbalanced,9,9,31.3751901557616,1.7687580778273e-14,1.44472568832107e-06,1,1,1,adequate_smallest_model
5,Y-RLC-unb,Wye RLC unbalanced,177,0.359475,wye_rlgamma_full_unbalanced,wye_series,rlgamma,full_unbalanced,9,9,36.5280756506415,2.13147599858088e-14,1.052410666877e-05,1,1,1,adequate_smallest_model
5,Y-RLC-unb,Wye RLC unbalanced,178,0.361475,wye_rlgamma_full_unbalanced,wye_series,rlgamma,full_unbalanced,9,9,36.4657509326399,2.33498445111442e-14,3.4249308348928e-05,1,1,1,adequate_smallest_model
5,Y-RLC-unb,Wye RLC unbalanced,179,0.363475,wye_rlgamma_full_unbalanced,wye_series,rlgamma,full_unbalanced,9,9,32.480727112601,1.98087833101028e-14,5.12919065942012e-05,1,1,1,adequate_smallest_model
5,Y-RLC-unb,Wye RLC unbalanced,180,0.365475,wye_rlgamma_full_unbalanced,wye_series,rlgamma,full_unbalanced,9,9,28.5634198061665,1.69470053158997e-14,3.97058596854415e-05,1,1,1,adequate_smallest_model
5,Y-RLC-unb,Wye RLC unbalanced,181,0.367475,wye_rlgamma_full_unbalanced,wye_series,rlgamma,full_unbalanced,9,9,31.3751901557616,1.79846160354359e-14,1.4447256870907e-06,1,1,1,adequate_smallest_model
5,Y-RLC-unb,Wye RLC unbalanced,182,0.369475,wye_rlgamma_full_unbalanced,wye_series,rlgamma,full_unbalanced,9,9,36.5280756506415,2.11765460067979e-14,1.05241066710943e-05,1,1,1,adequate_smallest_model
5,Y-RLC-unb,Wye RLC unbalanced,183,0.371475,wye_rlgamma_full_unbalanced,wye_series,rlgamma,full_unbalanced,9,9,36.4657509326399,2.29821984867375e-14,3.42493083556334e-05,1,1,1,adequate_smallest_model
5,Y-RLC-unb,Wye RLC unbalanced,184,0.373475,wye_rlgamma_full_unbalanced,wye_series,rlgamma,full_unbalanced,9,9,32.480727112601,2.02317735351656e-14,5.12919065988457e-05,1,1,1,adequate_smallest_model
5,Y-RLC-unb,Wye RLC unbalanced,185,0.375475,wye_rlgamma_full_unbalanced,wye_series,rlgamma,full_unbalanced,9,9,28.5634198061665,1.70889392296232e-14,3.97058596832476e-05,1,1,1,adequate_smallest_model
5,Y-RLC-unb,Wye RLC unbalanced,186,0.377475,wye_rlgamma_full_unbalanced,wye_series,rlgamma,full_unbalanced,9,9,31.3751901557617,1.73469194448028e-14,1.44472569053574e-06,1,1,1,adequate_smallest_model
5,Y-RLC-unb,Wye RLC unbalanced,187,0.379475,wye_rlgamma_full_unbalanced,wye_series,rlgamma,full_unbalanced,9,9,36.5280756506416,2.11345329644558e-14,1.05241066691276e-05,1,1,1,adequate_smallest_model
5,Y-RLC-unb,Wye RLC unbalanced,188,0.381475,wye_rlgamma_full_unbalanced,wye_series,rlgamma,full_unbalanced,9,9,36.4657509326399,2.30467204721762e-14,3.42493083501696e-05,1,1,1,adequate_smallest_model
5,Y-RLC-unb,Wye RLC unbalanced,189,0.383475,wye_rlgamma_full_unbalanced,wye_series,rlgamma,full_unbalanced,9,9,32.480727112601,1.99239666108611e-14,5.12919065968806e-05,1,1,1,adequate_smallest_model
5,Y-RLC-unb,Wye RLC unbalanced,190,0.385475,wye_rlgamma_full_unbalanced,wye_series,rlgamma,full_unbalanced,9,9,28.5634198061665,1.68396941045666e-14,3.97058596845177e-05,1,1,1,adequate_smallest_model
5,Y-RLC-unb,Wye RLC unbalanced,191,0.387475,wye_rlgamma_full_unbalanced,wye_series,rlgamma,full_unbalanced,9,9,31.3751901557616,1.75257665756898e-14,1.44472568881322e-06,1,1,1,adequate_smallest_model
5,Y-RLC-unb,Wye RLC unbalanced,192,0.389475,wye_rlgamma_full_unbalanced,wye_series,rlgamma,full_unbalanced,9,9,36.5280756506416,2.05762004938537e-14,1.05241066655518e-05,1,1,1,adequate_smallest_model
5,Y-RLC-unb,Wye RLC unbalanced,193,0.391475,wye_rlgamma_full_unbalanced,wye_series,rlgamma,full_unbalanced,9,9,36.4657509326399,2.35514064375095e-14,3.42493083542674e-05,1,1,1,adequate_smallest_model
5,Y-RLC-unb,Wye RLC unbalanced,194,0.393475,wye_rlgamma_full_unbalanced,wye_series,rlgamma,full_unbalanced,9,9,32.480727112601,1.97816016011421e-14,5.12919066020615e-05,1,1,1,adequate_smallest_model
5,Y-RLC-unb,Wye RLC unbalanced,195,0.395475,wye_rlgamma_full_unbalanced,wye_series,rlgamma,full_unbalanced,9,9,28.5634198061666,1.68141246682816e-14,3.9705859684287e-05,1,1,1,adequate_smallest_model
5,Y-RLC-unb,Wye RLC unbalanced,196,0.397475,wye_rlgamma_full_unbalanced,wye_series,rlgamma,full_unbalanced,9,9,31.3751901557616,1.73070307944561e-14,1.44472569225826e-06,1,1,1,adequate_smallest_model
5,Y-RLC-unb,Wye RLC unbalanced,197,0.399475,wye_rlgamma_full_unbalanced,wye_series,rlgamma,full_unbalanced,9,9,36.5280756506415,2.08765597448454e-14,1.05241066718095e-05,1,1,1,adequate_smallest_model
5,Y-RLC-unb,Wye RLC unbalanced,198,0.401475,wye_rlgamma_full_unbalanced,wye_series,rlgamma,full_unbalanced,9,9,36.4657509326399,2.41982467634584e-14,3.42493083521568e-05,1,1,1,adequate_smallest_model
5,Y-RLC-unb,Wye RLC unbalanced,199,0.403475,wye_rlgamma_full_unbalanced,wye_series,rlgamma,full_unbalanced,9,9,32.480727112601,2.04495823867486e-14,5.12919065922363e-05,1,1,1,adequate_smallest_model
5,Y-RLC-unb,Wye RLC unbalanced,200,0.405475,wye_rlgamma_full_unbalanced,wye_series,rlgamma,full_unbalanced,9,9,28.5634198061666,1.77818653356176e-14,3.97058596841715e-05,1,1,1,adequate_smallest_model
5,Y-RLC-unb,Wye RLC unbalanced,201,0.407475,wye_rlgamma_full_unbalanced,wye_series,rlgamma,full_unbalanced,9,9,31.3751901557616,1.83287104534619e-14,1.4447256886902e-06,1,1,1,adequate_smallest_model
5,Y-RLC-unb,Wye RLC unbalanced,202,0.409475,wye_rlgamma_full_unbalanced,wye_series,rlgamma,full_unbalanced,9,9,36.5280756506415,2.56229858341052e-14,1.05241066709158e-05,1,1,1,adequate_smallest_model
5,Y-RLC-unb,Wye RLC unbalanced,203,0.411475,wye_rlgamma_full_unbalanced,wye_series,rlgamma,full_unbalanced,9,9,36.4657509326396,2.70462695964208e-14,3.42493083545171e-05,1,1,1,adequate_smallest_model
5,Y-RLC-unb,Wye RLC unbalanced,204,0.413475,wye_rlgamma_full_unbalanced,wye_series,rlgamma,full_unbalanced,9,9,32.4807271126011,2.3470814916154e-14,5.12919065949163e-05,1,1,1,adequate_smallest_model
5,Y-RLC-unb,Wye RLC unbalanced,205,0.415475,wye_rlgamma_full_unbalanced,wye_series,rlgamma,full_unbalanced,9,9,28.5634198061664,1.72030668736765e-14,3.97058596826705e-05,1,1,1,adequate_smallest_model
5,Y-RLC-unb,Wye RLC unbalanced,206,0.417475,wye_rlgamma_full_unbalanced,wye_series,rlgamma,full_unbalanced,9,9,31.3751901557615,1.84756114509391e-14,1.44472569496509e-06,1,1,1,adequate_smallest_model
5,Y-RLC-unb,Wye RLC unbalanced,207,0.419475,wye_rlgamma_full_unbalanced,wye_series,rlgamma,full_unbalanced,9,9,36.5280756506412,1.64402249697017e-14,1.05241066761008e-05,1,1,1,adequate_smallest_model
5,Y-RLC-unb,Wye RLC unbalanced,208,0.421475,wye_rlgamma_full_unbalanced,wye_series,rlgamma,full_unbalanced,9,9,36.4657509326397,2.27081265695694e-14,3.42493083576214e-05,1,1,1,adequate_smallest_model
5,Y-RLC-unb,Wye RLC unbalanced,209,0.423475,wye_rlgamma_full_unbalanced,wye_series,rlgamma,full_unbalanced,9,9,32.4807271126008,2.00956690330425e-14,5.12919065909858e-05,1,1,1,adequate_smallest_model
5,Y-RLC-unb,Wye RLC unbalanced,210,0.425475,wye_rlgamma_full_unbalanced,wye_series,rlgamma,full_unbalanced,9,9,28.5634198061665,1.73874214190087e-14,3.97058596850947e-05,1,1,1,adequate_smallest_model
5,Y-RLC-unb,Wye RLC unbalanced,211,0.427475,wye_rlgamma_full_unbalanced,wye_series,rlgamma,full_unbalanced,9,9,31.3751901557614,1.78050520597326e-14,1.44472569127396e-06,1,1,1,adequate_smallest_model
5,Y-RLC-unb,Wye RLC unbalanced,212,0.429475,wye_rlgamma_full_unbalanced,wye_series,rlgamma,full_unbalanced,9,9,36.5280756506413,2.08099931880169e-14,1.05241066725249e-05,1,1,1,adequate_smallest_model
5,Y-RLC-unb,Wye RLC unbalanced,213,0.431475,wye_rlgamma_full_unbalanced,wye_series,rlgamma,full_unbalanced,9,9,36.4657509326397,2.31923062126211e-14,3.42493083536479e-05,1,1,1,adequate_smallest_model
5,Y-RLC-unb,Wye RLC unbalanced,214,0.433475,wye_rlgamma_full_unbalanced,wye_series,rlgamma,full_unbalanced,9,9,32.4807271126008,1.98538534770254e-14,5.12919066022401e-05,1,1,1,adequate_smallest_model
5,Y-RLC-unb,Wye RLC unbalanced,215,0.435475,wye_rlgamma_full_unbalanced,wye_series,rlgamma,full_unbalanced,9,9,28.5634198061664,1.71777064047818e-14,3.97058596848638e-05,1,1,1,adequate_smallest_model
5,Y-RLC-unb,Wye RLC unbalanced,216,0.437475,wye_rlgamma_full_unbalanced,wye_series,rlgamma,full_unbalanced,9,9,31.3751901557614,1.80187802248915e-14,1.44472568869019e-06,1,1,1,adequate_smallest_model
5,Y-RLC-unb,Wye RLC unbalanced,217,0.439475,wye_rlgamma_full_unbalanced,wye_series,rlgamma,full_unbalanced,9,9,36.5280756506413,2.13103215617817e-14,1.0524106666446e-05,1,1,1,adequate_smallest_model
5,Y-RLC-unb,Wye RLC unbalanced,218,0.441475,wye_rlgamma_full_unbalanced,wye_series,rlgamma,full_unbalanced,9,9,36.4657509326397,2.30687221289054e-14,3.42493083516611e-05,1,1,1,adequate_smallest_model
5,Y-RLC-unb,Wye RLC unbalanced,219,0.443475,wye_rlgamma_full_unbalanced,wye_series,rlgamma,full_unbalanced,9,9,32.4807271126009,1.9825020663986e-14,5.12919065899139e-05,1,1,1,adequate_smallest_model
5,Y-RLC-unb,Wye RLC unbalanced,220,0.445475,wye_rlgamma_full_unbalanced,wye_series,rlgamma,full_unbalanced,9,9,28.5634198061665,1.73771684241629e-14,3.97058596850947e-05,1,1,1,adequate_smallest_model
5,Y-RLC-unb,Wye RLC unbalanced,221,0.447475,wye_rlgamma_full_unbalanced,wye_series,rlgamma,full_unbalanced,9,9,31.3751901557614,1.8117895215619e-14,1.44472568967448e-06,1,1,1,adequate_smallest_model
5,Y-RLC-unb,Wye RLC unbalanced,222,0.449475,wye_rlgamma_full_unbalanced,wye_series,rlgamma,full_unbalanced,9,9,36.5280756506413,2.10109020495563e-14,1.05241066694855e-05,1,1,1,adequate_smallest_model
5,Y-RLC-unb,Wye RLC unbalanced,223,0.451475,wye_rlgamma_full_unbalanced,wye_series,rlgamma,full_unbalanced,9,9,36.4657509326397,2.28312861637125e-14,3.42493083514126e-05,1,1,1,adequate_smallest_model
5,Y-RLC-unb,Wye RLC unbalanced,224,0.453475,wye_rlgamma_full_unbalanced,wye_series,rlgamma,full_unbalanced,9,9,32.4807271126009,1.98401584255536e-14,5.12919065990243e-05,1,1,1,adequate_smallest_model
5,Y-RLC-unb,Wye RLC unbalanced,225,0.455475,wye_rlgamma_full_unbalanced,wye_series,rlgamma,full_unbalanced,9,9,28.5634198061665,1.7163515319427e-14,3.97058596805918e-05,1,1,1,adequate_smallest_model
5,Y-RLC-unb,Wye RLC unbalanced,226,0.457475,wye_rlgamma_full_unbalanced,wye_series,rlgamma,full_unbalanced,9,9,31.3751901557614,1.77671796852292e-14,1.44472568672159e-06,1,1,1,adequate_smallest_model
5,Y-RLC-unb,Wye RLC unbalanced,227,0.459475,wye_rlgamma_full_unbalanced,wye_series,rlgamma,full_unbalanced,9,9,36.5280756506413,2.14694773277563e-14,1.05241066662671e-05,1,1,1,adequate_smallest_model
5,Y-RLC-unb,Wye RLC unbalanced,228,0.461475,wye_rlgamma_full_unbalanced,wye_series,rlgamma,full_unbalanced,9,9,36.4657509326399,2.5302330739123e-14,3.42493083536481e-05,1,1,1,adequate_smallest_model
5,Y-RLC-unb,Wye RLC unbalanced,229,0.463475,wye_rlgamma_full_unbalanced,wye_series,rlgamma,full_unbalanced,9,9,32.4807271126012,2.51429200405689e-14,5.12919065977738e-05,1,1,1,adequate_smallest_model
5,Y-RLC-unb,Wye RLC unbalanced,230,0.465475,wye_rlgamma_full_unbalanced,wye_series,rlgamma,full_unbalanced,9,9,28.5634198061668,1.8959122110117e-14,3.97058596868267e-05,1,1,1,adequate_smallest_model
5,Y-RLC-unb,Wye RLC unbalanced,231,0.467475,wye_rlgamma_full_unbalanced,wye_series,rlgamma,full_unbalanced,9,9,31.3751901557618,1.63616569119426e-14,1.44472569533419e-06,1,1,1,adequate_smallest_model
5,Y-RLC-unb,Wye RLC unbalanced,232,0.469475,wye_rlgamma_full_unbalanced,wye_series,rlgamma,full_unbalanced,9,9,36.5280756506421,1.88508318206384e-14,1.05241066794978e-05,1,1,1,adequate_smallest_model
5,Y-RLC-unb,Wye RLC unbalanced,233,0.471475,wye_rlgamma_full_unbalanced,wye_series,rlgamma,full_unbalanced,9,9,36.4657509326408,2.13336129183502e-14,3.42493083478118e-05,1,1,1,adequate_smallest_model
5,Y-RLC-unb,Wye RLC unbalanced,234,0.473475,wye_rlgamma_full_unbalanced,wye_series,rlgamma,full_unbalanced,9,9,32.4807271126019,1.8085944273549e-14,5.12919066077775e-05,1,1,1,adequate_smallest_model
5,Y-RLC-unb,Wye RLC unbalanced,235,0.475475,wye_rlgamma_full_unbalanced,wye_series,rlgamma,full_unbalanced,9,9,28.5634198061672,1.51371131908529e-14,3.97058596819772e-05,1,1,1,adequate_smallest_model
5,Y-RLC-unb,Wye RLC unbalanced,236,0.477475,wye_rlgamma_full_unbalanced,wye_series,rlgamma,full_unbalanced,9,9,31.3751901557621,1.55292390549897e-14,1.44472569287345e-06,1,1,1,adequate_smallest_model
5,Y-RLC-unb,Wye RLC unbalanced,237,0.479475,wye_rlgamma_full_unbalanced,wye_series,rlgamma,full_unbalanced,9,9,36.5280756506423,1.71931300394898e-14,1.05241066632275e-05,1,1,1,adequate_smallest_model
5,Y-RLC-unb,Wye RLC unbalanced,238,0.481475,wye_rlgamma_full_unbalanced,wye_series,rlgamma,full_unbalanced,9,9,36.4657509326408,1.96631981813918e-14,3.42493083466944e-05,1,1,1,adequate_smallest_model
5,Y-RLC-unb,Wye RLC unbalanced,239,0.483475,wye_rlgamma_full_unbalanced,wye_series,rlgamma,full_unbalanced,9,9,32.4807271126019,1.76258740048015e-14,5.12919066008106e-05,1,1,1,adequate_smallest_model
5,Y-RLC-unb,Wye RLC unbalanced,240,0.485475,wye_rlgamma_full_unbalanced,wye_series,rlgamma,full_unbalanced,9,9,28.5634198061673,1.4887434583616e-14,3.97058596878658e-05,1,1,1,adequate_smallest_model
5,Y-RLC-unb,Wye RLC unbalanced,241,0.487475,wye_rlgamma_full_unbalanced,wye_series,rlgamma,full_unbalanced,9,9,31.3751901557621,1.56602776246149e-14,1.44472568992056e-06,1,1,1,adequate_smallest_model
5,Y-RLC-unb,Wye RLC unbalanced,242,0.489475,wye_rlgamma_full_unbalanced,wye_series,rlgamma,full_unbalanced,9,9,36.5280756506424,1.77784824160362e-14,1.05241066643003e-05,1,1,1,adequate_smallest_model
5,Y-RLC-unb,Wye RLC unbalanced,243,0.491475,wye_rlgamma_full_unbalanced,wye_series,rlgamma,full_unbalanced,9,9,36.4657509326408,1.90096107157506e-14,3.42493083450799e-05,1,1,1,adequate_smallest_model
5,Y-RLC-unb,Wye RLC unbalanced,244,0.493475,wye_rlgamma_full_unbalanced,wye_series,rlgamma,full_unbalanced,9,9,32.4807271126018,1.76799349116433e-14,5.1291906598667e-05,1,1,1,adequate_smallest_model
5,Y-RLC-unb,Wye RLC unbalanced,245,0.495475,wye_rlgamma_full_unbalanced,wye_series,rlgamma,full_unbalanced,9,9,28.5634198061672,1.47679031392373e-14,3.9705859687173e-05,1,1,1,adequate_smallest_model
5,Y-RLC-unb,Wye RLC unbalanced,246,0.497475,wye_rlgamma_full_unbalanced,wye_series,rlgamma,full_unbalanced,9,9,31.375190155762,1.55167485488024e-14,1.44472569127396e-06,1,1,1,adequate_smallest_model
5,Y-RLC-unb,Wye RLC unbalanced,247,0.499475,wye_rlgamma_full_unbalanced,wye_series,rlgamma,full_unbalanced,9,9,36.5280756506422,1.71657359058926e-14,1.05241066725248e-05,1,1,1,adequate_smallest_model
5,Y-RLC-unb,Wye RLC unbalanced,248,0.501475,wye_rlgamma_full_unbalanced,wye_series,rlgamma,full_unbalanced,9,9,36.4657509326407,1.95336091382957e-14,3.42493083494259e-05,1,1,1,adequate_smallest_model
5,Y-RLC-unb,Wye RLC unbalanced,249,0.503475,wye_rlgamma_full_unbalanced,wye_series,rlgamma,full_unbalanced,9,9,32.4807271126016,1.67594456636869e-14,5.12919065938437e-05,1,1,1,adequate_smallest_model
5,Y-RLC-unb,Wye RLC unbalanced,250,0.505475,wye_rlgamma_full_unbalanced,wye_series,rlgamma,full_unbalanced,9,9,28.5634198061671,1.52924474753362e-14,3.97058596905216e-05,1,1,1,adequate_smallest_model
5,Y-RLC-unb,Wye RLC unbalanced,251,0.507475,wye_rlgamma_full_unbalanced,wye_series,rlgamma,full_unbalanced,9,9,31.3751901557619,1.5866432874383e-14,1.44472568979752e-06,1,1,1,adequate_smallest_model
5,Y-RLC-unb,Wye RLC unbalanced,252,0.509475,wye_rlgamma_full_unbalanced,wye_series,rlgamma,full_unbalanced,9,9,36.5280756506421,1.75622410698958e-14,1.05241066702006e-05,1,1,1,adequate_smallest_model
5,Y-RLC-unb,Wye RLC unbalanced,253,0.511475,wye_rlgamma_full_unbalanced,wye_series,rlgamma,full_unbalanced,9,9,36.4657509326405,1.92861861570392e-14,3.42493083525303e-05,1,1,1,adequate_smallest_model
5,Y-RLC-unb,Wye RLC unbalanced,254,0.513475,wye_rlgamma_full_unbalanced,wye_series,rlgamma,full_unbalanced,9,9,32.4807271126015,1.72763952973449e-14,5.12919065886633e-05,1,1,1,adequate_smallest_model
5,Y-RLC-unb,Wye RLC unbalanced,255,0.515475,wye_rlgamma_full_unbalanced,wye_series,rlgamma,full_unbalanced,9,9,28.563419806167,1.52574666045216e-14,3.9705859692369e-05,1,1,1,adequate_smallest_model
5,Y-RLC-unb,Wye RLC unbalanced,256,0.517475,wye_rlgamma_full_unbalanced,wye_series,rlgamma,full_unbalanced,9,9,31.375190155762,1.57619332191904e-14,1.44472568192315e-06,1,1,1,adequate_smallest_model
5,Y-RLC-unb,Wye RLC unbalanced,257,0.519475,wye_rlgamma_full_unbalanced,wye_series,rlgamma,full_unbalanced,9,9,36.528075650642,1.78961111356914e-14,1.0524106670737e-05,1,1,1,adequate_smallest_model
5,Y-RLC-unb,Wye RLC unbalanced,258,0.521475,wye_rlgamma_full_unbalanced,wye_series,rlgamma,full_unbalanced,9,9,36.4657509326405,1.93786018696508e-14,3.42493083633333e-05,1,1,1,adequate_smallest_model
5,Y-RLC-unb,Wye RLC unbalanced,259,0.523475,wye_rlgamma_full_unbalanced,wye_series,rlgamma,full_unbalanced,9,9,32.4807271126015,1.71805541499812e-14,5.12919065927716e-05,1,1,1,adequate_smallest_model
5,Y-RLC-unb,Wye RLC unbalanced,260,0.525475,wye_rlgamma_full_unbalanced,wye_series,rlgamma,full_unbalanced,9,9,28.563419806167,1.457226490656e-14,3.97058596909834e-05,1,1,1,adequate_smallest_model
5,Y-RLC-unb,Wye RLC unbalanced,261,0.527475,wye_rlgamma_full_unbalanced,wye_series,rlgamma,full_unbalanced,9,9,31.375190155762,1.60847644941921e-14,1.44472568881323e-06,1,1,1,adequate_smallest_model
5,Y-RLC-unb,Wye RLC unbalanced,262,0.529475,wye_rlgamma_full_unbalanced,wye_series,rlgamma,full_unbalanced,9,9,36.5280756506421,1.72063350869505e-14,1.05241066750281e-05,1,1,1,adequate_smallest_model
5,Y-RLC-unb,Wye RLC unbalanced,263,0.531475,wye_rlgamma_full_unbalanced,wye_series,rlgamma,full_unbalanced,9,9,36.4657509326405,1.93415932929135e-14,3.42493083650717e-05,1,1,1,adequate_smallest_model
5,Y-RLC-unb,Wye RLC unbalanced,264,0.533475,wye_rlgamma_full_unbalanced,wye_series,rlgamma,full_unbalanced,9,9,32.4807271126016,1.72478249374806e-14,5.12919066024178e-05,1,1,1,adequate_smallest_model
5,Y-RLC-unb,Wye RLC unbalanced,265,0.535475,wye_rlgamma_full_unbalanced,wye_series,rlgamma,full_unbalanced,9,9,28.563419806167,1.51181200858573e-14,3.97058596880966e-05,1,1,1,adequate_smallest_model
5,Y-RLC-unb,Wye RLC unbalanced,266,0.537475,wye_rlgamma_full_unbalanced,wye_series,rlgamma,full_unbalanced,9,9,31.375190155762,1.53365618424014e-14,1.44472568376871e-06,1,1,1,adequate_smallest_model
5,Y-RLC-unb,Wye RLC unbalanced,267,0.539475,wye_rlgamma_full_unbalanced,wye_series,rlgamma,full_unbalanced,9,9,36.5280756506422,1.72497286282459e-14,1.0524106666446e-05,1,1,1,adequate_smallest_model
5,Y-RLC-unb,Wye RLC unbalanced,268,0.541475,wye_rlgamma_full_unbalanced,wye_series,rlgamma,full_unbalanced,9,9,36.4657509326405,2.03716879372253e-14,3.42493083664375e-05,1,1,1,adequate_smallest_model
5,Y-RLC-unb,Wye RLC unbalanced,269,0.543475,wye_rlgamma_full_unbalanced,wye_series,rlgamma,full_unbalanced,9,9,32.4807271126016,1.72789020579786e-14,5.12919066020601e-05,1,1,1,adequate_smallest_model
5,Y-RLC-unb,Wye RLC unbalanced,270,0.545475,wye_rlgamma_full_unbalanced,wye_series,rlgamma,full_unbalanced,9,9,28.563419806167,1.52497403919676e-14,3.97058596848635e-05,1,1,1,adequate_smallest_model
5,Y-RLC-unb,Wye RLC unbalanced,271,0.547475,wye_rlgamma_full_unbalanced,wye_series,rlgamma,full_unbalanced,9,9,31.3751901557619,1.61246868193816e-14,1.44472568426086e-06,1,1,1,adequate_smallest_model
5,Y-RLC-unb,Wye RLC unbalanced,272,0.549475,wye_rlgamma_full_unbalanced,wye_series,rlgamma,full_unbalanced,9,9,36.5280756506422,1.79446377546929e-14,1.05241066628701e-05,1,1,1,adequate_smallest_model
5,Y-RLC-unb,Wye RLC unbalanced,273,0.551475,wye_rlgamma_full_unbalanced,wye_series,rlgamma,full_unbalanced,9,9,36.4657509326406,1.88573772722087e-14,3.42493083649481e-05,1,1,1,adequate_smallest_model
5,Y-RLC-unb,Wye RLC unbalanced,274,0.553475,wye_rlgamma_full_unbalanced,wye_series,rlgamma,full_unbalanced,9,9,32.4807271126016,1.73835556988626e-14,5.12919066020608e-05,1,1,1,adequate_smallest_model
5,Y-RLC-unb,Wye RLC unbalanced,275,0.555475,wye_rlgamma_full_unbalanced,wye_series,rlgamma,full_unbalanced,9,9,28.5634198061669,1.53217475158901e-14,3.97058596797835e-05,1,1,1,adequate_smallest_model
5,Y-RLC-unb,Wye RLC unbalanced,276,0.557475,wye_rlgamma_full_unbalanced,wye_series,rlgamma,full_unbalanced,9,9,31.3751901557618,1.62458085219597e-14,1.44472568893627e-06,1,1,1,adequate_smallest_model
5,Y-RLC-unb,Wye RLC unbalanced,277,0.559475,wye_rlgamma_full_unbalanced,wye_series,rlgamma,full_unbalanced,9,9,36.5280756506421,1.77277944596596e-14,1.05241066641216e-05,1,1,1,adequate_smallest_model
5,Y-RLC-unb,Wye RLC unbalanced,278,0.561475,wye_rlgamma_full_unbalanced,wye_series,rlgamma,full_unbalanced,9,9,36.4657509326405,1.96279204190667e-14,3.42493083593603e-05,1,1,1,adequate_smallest_model
5,Y-RLC-unb,Wye RLC unbalanced,279,0.563475,wye_rlgamma_full_unbalanced,wye_series,rlgamma,full_unbalanced,9,9,32.4807271126016,1.66553192355859e-14,5.12919066172451e-05,1,1,1,adequate_smallest_model
5,Y-RLC-unb,Wye RLC unbalanced,280,0.565475,wye_rlgamma_full_unbalanced,wye_series,rlgamma,full_unbalanced,9,9,28.563419806167,1.52652304246311e-14,3.97058596771277e-05,1,1,1,adequate_smallest_model
5,Y-RLC-unb,Wye RLC unbalanced,281,0.567475,wye_rlgamma_full_unbalanced,wye_series,rlgamma,full_unbalanced,9,9,31.3751901557618,1.59541773487416e-14,1.4447256890593e-06,1,1,1,adequate_smallest_model
5,Y-RLC-unb,Wye RLC unbalanced,282,0.569475,wye_rlgamma_full_unbalanced,wye_series,rlgamma,full_unbalanced,9,9,36.528075650642,1.68976912299676e-14,1.05241066648368e-05,1,1,1,adequate_smallest_model
5,Y-RLC-unb,Wye RLC unbalanced,283,0.571475,wye_rlgamma_full_unbalanced,wye_series,rlgamma,full_unbalanced,9,9,36.4657509326405,1.83275909658968e-14,3.42493083537722e-05,1,1,1,adequate_smallest_model
5,Y-RLC-unb,Wye RLC unbalanced,284,0.573475,wye_rlgamma_full_unbalanced,wye_series,rlgamma,full_unbalanced,9,9,32.4807271126016,1.73227749071291e-14,5.12919066063485e-05,1,1,1,adequate_smallest_model
5,Y-RLC-unb,Wye RLC unbalanced,285,0.575475,wye_rlgamma_full_unbalanced,wye_series,rlgamma,full_unbalanced,9,9,28.563419806167,1.47120270936835e-14,3.97058596771275e-05,1,1,1,adequate_smallest_model
5,Y-RLC-unb,Wye RLC unbalanced,286,0.577475,wye_rlgamma_full_unbalanced,wye_series,rlgamma,full_unbalanced,9,9,31.3751901557618,1.56999135353603e-14,1.44472569890226e-06,1,1,1,adequate_smallest_model
5,Y-RLC-unb,Wye RLC unbalanced,287,0.579475,wye_rlgamma_full_unbalanced,wye_series,rlgamma,full_unbalanced,9,9,36.528075650642,1.76940391736449e-14,1.05241066710944e-05,1,1,1,adequate_smallest_model
5,Y-RLC-unb,Wye RLC unbalanced,288,0.581475,wye_rlgamma_full_unbalanced,wye_series,rlgamma,full_unbalanced,9,9,36.4657509326406,1.95315383072692e-14,3.42493083444593e-05,1,1,1,adequate_smallest_model
5,Y-RLC-unb,Wye RLC unbalanced,289,0.583475,wye_rlgamma_full_unbalanced,wye_series,rlgamma,full_unbalanced,9,9,32.4807271126015,1.73115670611824e-14,5.12919066049195e-05,1,1,1,adequate_smallest_model
5,Y-RLC-unb,Wye RLC unbalanced,290,0.585475,wye_rlgamma_full_unbalanced,wye_series,rlgamma,full_unbalanced,9,9,28.563419806167,1.49768993943202e-14,3.97058596788595e-05,1,1,1,adequate_smallest_model
5,Y-RLC-unb,Wye RLC unbalanced,291,0.587475,wye_rlgamma_full_unbalanced,wye_series,rlgamma,full_unbalanced,9,9,31.3751901557619,1.60061346718314e-14,1.444725698041e-06,1,1,1,adequate_smallest_model
5,Y-RLC-unb,Wye RLC unbalanced,292,0.589475,wye_rlgamma_full_unbalanced,wye_series,rlgamma,full_unbalanced,9,9,36.5280756506421,1.86388003876178e-14,1.05241066592941e-05,1,1,1,adequate_smallest_model
5,Y-RLC-unb,Wye RLC unbalanced,293,0.591475,wye_rlgamma_full_unbalanced,wye_series,rlgamma,full_unbalanced,9,9,36.4657509326406,1.95032528403762e-14,3.42493083387474e-05,1,1,1,adequate_smallest_model
6,Y-RLC-noise,Wye RLC + noise,1,0.007475,wye_rlgamma_full_unbalanced,wye_series,rlgamma,full_unbalanced,9,9,31.3773316849069,0.00151456383706842,1.80067575906365e-05,1,1,1,adequate_smallest_model
6,Y-RLC-noise,Wye RLC + noise,2,0.009475,wye_rlgamma_full_unbalanced,wye_series,rlgamma,full_unbalanced,9,9,36.5351688883199,0.0016327069532576,8.08373800618934e-06,1,1,1,adequate_smallest_model
6,Y-RLC-noise,Wye RLC + noise,3,0.011475,wye_rlgamma_full_unbalanced,wye_series,rlgamma,full_unbalanced,9,9,36.4759763560731,0.00187565672515032,8.98626507146072e-05,1,1,1,adequate_smallest_model
6,Y-RLC-noise,Wye RLC + noise,4,0.013475,wye_rlgamma_full_unbalanced,wye_series,rlgamma,full_unbalanced,9,9,32.4985993529259,0.00181918308321646,7.79877069892579e-05,1,1,1,adequate_smallest_model
6,Y-RLC-noise,Wye RLC + noise,5,0.015475,wye_rlgamma_full_unbalanced,wye_series,rlgamma,full_unbalanced,9,9,28.575242508385,0.00154520313189014,3.52447515733365e-05,1,1,1,adequate_smallest_model
6,Y-RLC-noise,Wye RLC + noise,6,0.017475,wye_rlgamma_full_unbalanced,wye_series,rlgamma,full_unbalanced,9,9,31.3832615485196,0.00152030055303913,5.74575487634705e-06,1,1,1,adequate_smallest_model
6,Y-RLC-noise,Wye RLC + noise,7,0.019475,wye_rlgamma_full_unbalanced,wye_series,rlgamma,full_unbalanced,9,9,36.5363187635653,0.00162761978995231,2.88630935842537e-05,1,1,1,adequate_smallest_model
6,Y-RLC-noise,Wye RLC + noise,8,0.021475,wye_rlgamma_full_unbalanced,wye_series,rlgamma,full_unbalanced,9,9,36.4731722626761,0.00179762696023188,0.000113567935707827,1,1,1,adequate_smallest_model
6,Y-RLC-noise,Wye RLC + noise,9,0.023475,wye_rlgamma_full_unbalanced,wye_series,rlgamma,full_unbalanced,9,9,32.4851969778979,0.00178793845645603,0.000177510280395572,1,1,1,adequate_smallest_model
6,Y-RLC-noise,Wye RLC + noise,10,0.025475,wye_rlgamma_full_unbalanced,wye_series,rlgamma,full_unbalanced,9,9,28.5707693246625,0.00147018416335855,1.7813516628809e-05,1,1,1,adequate_smallest_model
6,Y-RLC-noise,Wye RLC + noise,11,0.027475,wye_rlgamma_full_unbalanced,wye_series,rlgamma,full_unbalanced,9,9,31.3850124009904,0.00153286854369251,3.80109303898544e-05,1,1,1,adequate_smallest_model
6,Y-RLC-noise,Wye RLC + noise,12,0.029475,wye_rlgamma_full_unbalanced,wye_series,rlgamma,full_unbalanced,9,9,36.5275293531488,0.00169953277308949,4.11725973309422e-05,1,1,1,adequate_smallest_model
6,Y-RLC-noise,Wye RLC + noise,13,0.031475,wye_rlgamma_full_unbalanced,wye_series,rlgamma,full_unbalanced,9,9,36.4629310529266,0.00194053516584714,2.08556291718665e-05,1,1,1,adequate_smallest_model
6,Y-RLC-noise,Wye RLC + noise,14,0.033475,wye_rlgamma_full_unbalanced,wye_series,rlgamma,full_unbalanced,9,9,32.4680590375295,0.0018913066864935,1.22855988344742e-05,1,1,1,adequate_smallest_model
6,Y-RLC-noise,Wye RLC + noise,15,0.035475,wye_rlgamma_full_unbalanced,wye_series,rlgamma,full_unbalanced,9,9,28.5608213883953,0.0015834518872232,0.000132368581097601,1,1,1,adequate_smallest_model
6,Y-RLC-noise,Wye RLC + noise,16,0.037475,wye_rlgamma_full_unbalanced,wye_series,rlgamma,full_unbalanced,9,9,31.374036648822,0.00154717132472935,1.82221334926866e-05,1,1,1,adequate_smallest_model
6,Y-RLC-noise,Wye RLC + noise,17,0.039475,wye_rlgamma_full_unbalanced,wye_series,rlgamma,full_unbalanced,9,9,36.5284364790999,0.00165779610050837,3.56522852309918e-05,1,1,1,adequate_smallest_model
6,Y-RLC-noise,Wye RLC + noise,18,0.041475,wye_rlgamma_full_unbalanced,wye_series,rlgamma,full_unbalanced,9,9,36.4654631435578,0.00182460075395333,2.3474233944254e-05,1,1,1,adequate_smallest_model
6,Y-RLC-noise,Wye RLC + noise,19,0.043475,wye_rlgamma_full_unbalanced,wye_series,rlgamma,full_unbalanced,9,9,32.4778741660046,0.00173394175372731,4.24608185238628e-05,1,1,1,adequate_smallest_model
6,Y-RLC-noise,Wye RLC + noise,20,0.045475,wye_rlgamma_full_unbalanced,wye_series,rlgamma,full_unbalanced,9,9,28.5630815754937,0.00147360804683179,8.34989131498794e-06,1,1,1,adequate_smallest_model
6,Y-RLC-noise,Wye RLC + noise,21,0.047475,wye_rlgamma_full_unbalanced,wye_series,rlgamma,full_unbalanced,9,9,31.3750817416907,0.0014580671382524,1.23783971571578e-05,1,1,1,adequate_smallest_model
6,Y-RLC-noise,Wye RLC + noise,22,0.049475,wye_rlgamma_full_unbalanced,wye_series,rlgamma,full_unbalanced,9,9,36.5303896515275,0.00156347100689945,6.60239189293705e-05,1,1,1,adequate_smallest_model
6,Y-RLC-noise,Wye RLC + noise,23,0.051475,wye_rlgamma_full_unbalanced,wye_series,rlgamma,full_unbalanced,9,9,36.4669263265883,0.00184491088516836,5.59330725002644e-05,1,1,1,adequate_smallest_model
6,Y-RLC-noise,Wye RLC + noise,24,0.053475,wye_rlgamma_full_unbalanced,wye_series,rlgamma,full_unbalanced,9,9,32.4814894408223,0.00180692512980018,2.65083262571461e-05,1,1,1,adequate_smallest_model
6,Y-RLC-noise,Wye RLC + noise,25,0.055475,wye_rlgamma_full_unbalanced,wye_series,rlgamma,full_unbalanced,9,9,28.563444187693,0.00152354658095776,9.54257803990158e-05,1,1,1,adequate_smallest_model
6,Y-RLC-noise,Wye RLC + noise,26,0.057475,wye_rlgamma_full_unbalanced,wye_series,rlgamma,full_unbalanced,9,9,31.377319293658,0.00154911231524242,1.65114521681648e-05,1,1,1,adequate_smallest_model
6,Y-RLC-noise,Wye RLC + noise,27,0.059475,wye_rlgamma_full_unbalanced,wye_series,rlgamma,full_unbalanced,9,9,36.5292098306153,0.00168267735967428,3.64022843712031e-05,1,1,1,adequate_smallest_model
6,Y-RLC-noise,Wye RLC + noise,28,0.061475,wye_rlgamma_full_unbalanced,wye_series,rlgamma,full_unbalanced,9,9,36.4646497026049,0.00180126527029009,3.72179816319041e-05,1,1,1,adequate_smallest_model
6,Y-RLC-noise,Wye RLC + noise,29,0.063475,wye_rlgamma_full_unbalanced,wye_series,rlgamma,full_unbalanced,9,9,32.4826242881556,0.00175812387587674,9.36217128177433e-05,1,1,1,adequate_smallest_model
6,Y-RLC-noise,Wye RLC + noise,30,0.065475,wye_rlgamma_full_unbalanced,wye_series,rlgamma,full_unbalanced,9,9,28.5688071980038,0.00148532819115214,2.98167960832142e-05,1,1,1,adequate_smallest_model
6,Y-RLC-noise,Wye RLC + noise,31,0.067475,wye_rlgamma_full_unbalanced,wye_series,rlgamma,full_unbalanced,9,9,31.3876018755143,0.00152222065035695,7.71356303479729e-06,1,1,1,adequate_smallest_model
6,Y-RLC-noise,Wye RLC + noise,32,0.069475,wye_rlgamma_full_unbalanced,wye_series,rlgamma,full_unbalanced,9,9,36.5436885353613,0.00159648849572746,5.33302184011551e-05,1,1,1,adequate_smallest_model
6,Y-RLC-noise,Wye RLC + noise,33,0.071475,wye_rlgamma_full_unbalanced,wye_series,rlgamma,full_unbalanced,9,9,36.4817452094781,0.00180147232112461,2.68909105483794e-05,1,1,1,adequate_smallest_model
6,Y-RLC-noise,Wye RLC + noise,34,0.073475,wye_rlgamma_full_unbalanced,wye_series,rlgamma,full_unbalanced,9,9,32.4941019930883,0.0018492032628768,1.35095572754073e-05,1,1,1,adequate_smallest_model
6,Y-RLC-noise,Wye RLC + noise,35,0.075475,wye_rlgamma_full_unbalanced,wye_series,rlgamma,full_unbalanced,9,9,28.5742529709213,0.0015416763263381,0.000134460788623953,1,1,1,adequate_smallest_model
6,Y-RLC-noise,Wye RLC + noise,36,0.077475,wye_rlgamma_full_unbalanced,wye_series,rlgamma,full_unbalanced,9,9,31.385930959471,0.00151184363464166,4.08339105554167e-06,1,1,1,adequate_smallest_model
6,Y-RLC-noise,Wye RLC + noise,37,0.079475,wye_rlgamma_full_unbalanced,wye_series,rlgamma,full_unbalanced,9,9,36.5440766322697,0.0016024589008083,4.95466573278434e-05,1,1,1,adequate_smallest_model
6,Y-RLC-noise,Wye RLC + noise,38,0.081475,wye_rlgamma_full_unbalanced,wye_series,rlgamma,full_unbalanced,9,9,36.4748049611797,0.00180040553955801,8.8125406893267e-05,1,1,1,adequate_smallest_model
6,Y-RLC-noise,Wye RLC + noise,39,0.083475,wye_rlgamma_full_unbalanced,wye_series,rlgamma,full_unbalanced,9,9,32.4844346677712,0.00175875079957317,9.71623004753317e-05,1,1,1,adequate_smallest_model
6,Y-RLC-noise,Wye RLC + noise,40,0.085475,wye_rlgamma_full_unbalanced,wye_series,rlgamma,full_unbalanced,9,9,28.5632531771464,0.00148330322085868,2.56952778717445e-05,1,1,1,adequate_smallest_model
6,Y-RLC-noise,Wye RLC + noise,41,0.087475,wye_rlgamma_full_unbalanced,wye_series,rlgamma,full_unbalanced,9,9,31.3685980561883,0.00145862601845512,5.69620236621122e-05,1,1,1,adequate_smallest_model
6,Y-RLC-noise,Wye RLC + noise,42,0.089475,wye_rlgamma_full_unbalanced,wye_series,rlgamma,full_unbalanced,9,9,36.5144044112344,0.00150281464268645,1.73829723265884e-05,1,1,1,adequate_smallest_model
6,Y-RLC-noise,Wye RLC + noise,43,0.091475,wye_rlgamma_full_unbalanced,wye_series,rlgamma,full_unbalanced,9,9,36.450689170733,0.00173618597171596,6.83758479998104e-05,1,1,1,adequate_smallest_model
6,Y-RLC-noise,Wye RLC + noise,44,0.093475,wye_rlgamma_full_unbalanced,wye_series,rlgamma,full_unbalanced,9,9,32.4646720439364,0.00168821366578472,6.56609587736883e-05,1,1,1,adequate_smallest_model
6,Y-RLC-noise,Wye RLC + noise,45,0.095475,wye_rlgamma_full_unbalanced,wye_series,rlgamma,full_unbalanced,9,9,28.5503534231256,0.00142176006142324,6.77323925086225e-05,1,1,1,adequate_smallest_model
6,Y-RLC-noise,Wye RLC + noise,46,0.097475,wye_rlgamma_full_unbalanced,wye_series,rlgamma,full_unbalanced,9,9,31.3643026323562,0.00145633040692415,2.46222840249172e-06,1,1,1,adequate_smallest_model
6,Y-RLC-noise,Wye RLC + noise,47,0.099475,wye_rlgamma_full_unbalanced,wye_series,rlgamma,full_unbalanced,9,9,36.5140645527786,0.00152809843557257,2.63336141556318e-05,1,1,1,adequate_smallest_model
6,Y-RLC-noise,Wye RLC + noise,48,0.101475,wye_rlgamma_full_unbalanced,wye_series,rlgamma,full_unbalanced,9,9,36.4531874362513,0.0017270446580481,5.06638378478303e-05,1,1,1,adequate_smallest_model
6,Y-RLC-noise,Wye RLC + noise,49,0.103475,wye_rlgamma_full_unbalanced,wye_series,rlgamma,full_unbalanced,9,9,32.4671130781854,0.00164242504112035,6.59260776890932e-05,1,1,1,adequate_smallest_model
6,Y-RLC-noise,Wye RLC + noise,50,0.105475,wye_rlgamma_full_unbalanced,wye_series,rlgamma,full_unbalanced,9,9,28.5562509834446,0.00135484179819211,3.43086581526829e-07,1,1,1,adequate_smallest_model
6,Y-RLC-noise,Wye RLC + noise,51,0.107475,wye_rlgamma_full_unbalanced,wye_series,rlgamma,full_unbalanced,9,9,31.3683545179747,0.00139375422647557,5.98106608631127e-06,1,1,1,adequate_smallest_model
6,Y-RLC-noise,Wye RLC + noise,52,0.109475,wye_rlgamma_full_unbalanced,wye_series,rlgamma,full_unbalanced,9,9,36.511686468326,0.00151736506718328,7.90695933293553e-06,1,1,1,adequate_smallest_model
6,Y-RLC-noise,Wye RLC + noise,53,0.111475,wye_rlgamma_full_unbalanced,wye_series,rlgamma,full_unbalanced,9,9,36.4554188891934,0.00180831096674199,8.54911910672371e-05,1,1,1,adequate_smallest_model
6,Y-RLC-noise,Wye RLC + noise,54,0.113475,wye_rlgamma_full_unbalanced,wye_series,rlgamma,full_unbalanced,9,9,32.4705325965742,0.00172486611304097,2.09063033208922e-05,1,1,1,adequate_smallest_model
6,Y-RLC-noise,Wye RLC + noise,55,0.115475,wye_rlgamma_full_unbalanced,wye_series,rlgamma,full_unbalanced,9,9,28.5620910224792,0.00150531757113893,5.70988838110304e-05,1,1,1,adequate_smallest_model
6,Y-RLC-noise,Wye RLC + noise,56,0.117475,wye_rlgamma_full_unbalanced,wye_series,rlgamma,full_unbalanced,9,9,31.376155516541,0.00152351146554986,6.52008281802116e-05,1,1,1,adequate_smallest_model
6,Y-RLC-noise,Wye RLC + noise,57,0.119475,wye_rlgamma_full_unbalanced,wye_series,rlgamma,full_unbalanced,9,9,36.53308407132,0.001629469225903,3.86572897550738e-06,1,1,1,adequate_smallest_model
6,Y-RLC-noise,Wye RLC + noise,58,0.121475,wye_rlgamma_full_unbalanced,wye_series,rlgamma,full_unbalanced,9,9,36.4713091834555,0.00193166918337119,0.000152550811552028,1,1,1,adequate_smallest_model
6,Y-RLC-noise,Wye RLC + noise,59,0.123475,wye_rlgamma_full_unbalanced,wye_series,rlgamma,full_unbalanced,9,9,32.4805240616843,0.00178937142603394,9.39392654831655e-05,1,1,1,adequate_smallest_model
6,Y-RLC-noise,Wye RLC + noise,60,0.125475,wye_rlgamma_full_unbalanced,wye_series,rlgamma,full_unbalanced,9,9,28.5630329751046,0.00146509775129788,8.64474144477202e-05,1,1,1,adequate_smallest_model
6,Y-RLC-noise,Wye RLC + noise,61,0.127475,wye_rlgamma_full_unbalanced,wye_series,rlgamma,full_unbalanced,9,9,31.3759076956434,0.00148775190896536,4.57097224866437e-05,1,1,1,adequate_smallest_model
6,Y-RLC-noise,Wye RLC + noise,62,0.129475,wye_rlgamma_full_unbalanced,wye_series,rlgamma,full_unbalanced,9,9,36.5350378482882,0.00159042104388804,3.18184237227962e-05,1,1,1,adequate_smallest_model
6,Y-RLC-noise,Wye RLC + noise,63,0.131475,wye_rlgamma_full_unbalanced,wye_series,rlgamma,full_unbalanced,9,9,36.46617544665,0.00186953636706574,2.0021665407384e-05,1,1,1,adequate_smallest_model
6,Y-RLC-noise,Wye RLC + noise,64,0.133475,wye_rlgamma_full_unbalanced,wye_series,rlgamma,full_unbalanced,9,9,32.4774172535671,0.00182393804567951,0.000110814340937655,1,1,1,adequate_smallest_model
6,Y-RLC-noise,Wye RLC + noise,65,0.135475,wye_rlgamma_full_unbalanced,wye_series,rlgamma,full_unbalanced,9,9,28.5552883677037,0.0015245386047979,1.63226590666598e-05,1,1,1,adequate_smallest_model
6,Y-RLC-noise,Wye RLC + noise,66,0.137475,wye_rlgamma_full_unbalanced,wye_series,rlgamma,full_unbalanced,9,9,31.3703767914505,0.00148842252946752,6.51254939006225e-06,1,1,1,adequate_smallest_model
6,Y-RLC-noise,Wye RLC + noise,67,0.139475,wye_rlgamma_full_unbalanced,wye_series,rlgamma,full_unbalanced,9,9,36.5179096972597,0.00163192337541878,4.77066785140856e-05,1,1,1,adequate_smallest_model
6,Y-RLC-noise,Wye RLC + noise,68,0.141475,wye_rlgamma_full_unbalanced,wye_series,rlgamma,full_unbalanced,9,9,36.4516804970166,0.00183392245716597,4.18471911241079e-05,1,1,1,adequate_smallest_model
6,Y-RLC-noise,Wye RLC + noise,69,0.143475,wye_rlgamma_full_unbalanced,wye_series,rlgamma,full_unbalanced,9,9,32.4733574090282,0.00178474228145827,5.85348581435653e-05,1,1,1,adequate_smallest_model
6,Y-RLC-noise,Wye RLC + noise,70,0.145475,wye_rlgamma_full_unbalanced,wye_series,rlgamma,full_unbalanced,9,9,28.5567803621445,0.00144676295776782,0.0001025891975377,1,1,1,adequate_smallest_model
6,Y-RLC-noise,Wye RLC + noise,71,0.147475,wye_rlgamma_full_unbalanced,wye_series,rlgamma,full_unbalanced,9,9,31.3680383535044,0.00143263064744043,8.39820881105505e-07,1,1,1,adequate_smallest_model
6,Y-RLC-noise,Wye RLC + noise,72,0.149475,wye_rlgamma_full_unbalanced,wye_series,rlgamma,full_unbalanced,9,9,36.5255371458613,0.00155425640618204,1.78534444766342e-05,1,1,1,adequate_smallest_model
6,Y-RLC-noise,Wye RLC + noise,73,0.151475,wye_rlgamma_full_unbalanced,wye_series,rlgamma,full_unbalanced,9,9,36.4634695738447,0.0017902542911327,7.67024299511657e-06,1,1,1,adequate_smallest_model
6,Y-RLC-noise,Wye RLC + noise,74,0.153475,wye_rlgamma_full_unbalanced,wye_series,rlgamma,full_unbalanced,9,9,32.4753180311523,0.00166685841615285,9.32898991927712e-05,1,1,1,adequate_smallest_model
6,Y-RLC-noise,Wye RLC + noise,75,0.155475,wye_rlgamma_full_unbalanced,wye_series,rlgamma,full_unbalanced,9,9,28.5617218500836,0.00139636302721959,4.05973762903735e-05,1,1,1,adequate_smallest_model
6,Y-RLC-noise,Wye RLC + noise,76,0.157475,wye_rlgamma_full_unbalanced,wye_series,rlgamma,full_unbalanced,9,9,31.3717974918126,0.00134645286605275,5.87955648371013e-05,1,1,1,adequate_smallest_model
6,Y-RLC-noise,Wye RLC + noise,77,0.159475,wye_rlgamma_full_unbalanced,wye_series,rlgamma,full_unbalanced,9,9,36.5177831007302,0.00145993295967335,7.16412415859088e-05,1,1,1,adequate_smallest_model
6,Y-RLC-noise,Wye RLC + noise,78,0.161475,wye_rlgamma_full_unbalanced,wye_series,rlgamma,full_unbalanced,9,9,36.4613479802811,0.00167407678869061,0.000160327877542119,1,1,1,adequate_smallest_model
6,Y-RLC-noise,Wye RLC + noise,79,0.163475,wye_rlgamma_full_unbalanced,wye_series,rlgamma,full_unbalanced,9,9,32.4799383475559,0.00165769035396382,9.59297766314939e-05,1,1,1,adequate_smallest_model
6,Y-RLC-noise,Wye RLC + noise,80,0.165475,wye_rlgamma_full_unbalanced,wye_series,rlgamma,full_unbalanced,9,9,28.5600958022453,0.00141267995109098,5.60803717104381e-05,1,1,1,adequate_smallest_model
6,Y-RLC-noise,Wye RLC + noise,81,0.167475,wye_rlgamma_full_unbalanced,wye_series,rlgamma,full_unbalanced,9,9,31.3743893419167,0.00144221634676997,3.78998889760258e-05,1,1,1,adequate_smallest_model
6,Y-RLC-noise,Wye RLC + noise,82,0.169475,wye_rlgamma_full_unbalanced,wye_series,rlgamma,full_unbalanced,9,9,36.535582478715,0.00161888114135015,4.46146719130656e-05,1,1,1,adequate_smallest_model
6,Y-RLC-noise,Wye RLC + noise,83,0.171475,wye_rlgamma_full_unbalanced,wye_series,rlgamma,full_unbalanced,9,9,36.4681053315349,0.00182843162383162,1.87946852933338e-05,1,1,1,adequate_smallest_model
6,Y-RLC-noise,Wye RLC + noise,84,0.173475,wye_rlgamma_full_unbalanced,wye_series,rlgamma,full_unbalanced,9,9,32.4805853103666,0.00179652966987101,5.05061800224712e-05,1,1,1,adequate_smallest_model
6,Y-RLC-noise,Wye RLC + noise,85,0.175475,wye_rlgamma_full_unbalanced,wye_series,rlgamma,full_unbalanced,9,9,28.5634463972077,0.00154440597258078,2.98205490329863e-05,1,1,1,adequate_smallest_model
6,Y-RLC-noise,Wye RLC + noise,86,0.177475,wye_rlgamma_full_unbalanced,wye_series,rlgamma,full_unbalanced,9,9,31.3731138914076,0.00158799993671461,4.16887175269901e-06,1,1,1,adequate_smallest_model
6,Y-RLC-noise,Wye RLC + noise,87,0.179475,wye_rlgamma_full_unbalanced,wye_series,rlgamma,full_unbalanced,9,9,36.5285477949092,0.00165668481850663,6.5450814969726e-05,1,1,1,adequate_smallest_model
6,Y-RLC-noise,Wye RLC + noise,88,0.181475,wye_rlgamma_full_unbalanced,wye_series,rlgamma,full_unbalanced,9,9,36.4609054164238,0.00187489285223135,1.40601982480311e-05,1,1,1,adequate_smallest_model
6,Y-RLC-noise,Wye RLC + noise,89,0.183475,wye_rlgamma_full_unbalanced,wye_series,rlgamma,full_unbalanced,9,9,32.4803334018174,0.0017947854767905,3.05438356105731e-05,1,1,1,adequate_smallest_model
6,Y-RLC-noise,Wye RLC + noise,90,0.185475,wye_rlgamma_full_unbalanced,wye_series,rlgamma,full_unbalanced,9,9,28.5662965703198,0.00147437187931644,1.45610780540989e-05,1,1,1,adequate_smallest_model
6,Y-RLC-noise,Wye RLC + noise,91,0.187475,wye_rlgamma_full_unbalanced,wye_series,rlgamma,full_unbalanced,9,9,31.3846691647387,0.00147328577090416,1.53336933300116e-05,1,1,1,adequate_smallest_model
6,Y-RLC-noise,Wye RLC + noise,92,0.189475,wye_rlgamma_full_unbalanced,wye_series,rlgamma,full_unbalanced,9,9,36.5350637654602,0.0015450239371043,1.84305859165374e-05,1,1,1,adequate_smallest_model
6,Y-RLC-noise,Wye RLC + noise,93,0.191475,wye_rlgamma_full_unbalanced,wye_series,rlgamma,full_unbalanced,9,9,36.4679176537982,0.0017606339823526,5.59146237839064e-05,1,1,1,adequate_smallest_model
6,Y-RLC-noise,Wye RLC + noise,94,0.193475,wye_rlgamma_full_unbalanced,wye_series,rlgamma,full_unbalanced,9,9,32.4829314272064,0.00167009537584974,0.000171474050447547,1,1,1,adequate_smallest_model
6,Y-RLC-noise,Wye RLC + noise,95,0.195475,wye_rlgamma_full_unbalanced,wye_series,rlgamma,full_unbalanced,9,9,28.5611795350668,0.00139158661039243,4.10912738502144e-05,1,1,1,adequate_smallest_model
6,Y-RLC-noise,Wye RLC + noise,96,0.197475,wye_rlgamma_full_unbalanced,wye_series,rlgamma,full_unbalanced,9,9,31.3717889686378,0.00132588045960966,3.0616216033807e-05,1,1,1,adequate_smallest_model
6,Y-RLC-noise,Wye RLC + noise,97,0.199475,wye_rlgamma_full_unbalanced,wye_series,rlgamma,full_unbalanced,9,9,36.5082807409043,0.0014539291227499,1.6412527337046e-05,1,1,1,adequate_smallest_model
6,Y-RLC-noise,Wye RLC + noise,98,0.201475,wye_rlgamma_full_unbalanced,wye_series,rlgamma,full_unbalanced,9,9,36.4405527864088,0.00163897942371396,5.89792827402428e-05,1,1,1,adequate_smallest_model
6,Y-RLC-noise,Wye RLC + noise,99,0.203475,wye_rlgamma_full_unbalanced,wye_series,rlgamma,full_unbalanced,9,9,32.4599854936393,0.00159276503070385,1.65244654197491e-05,1,1,1,adequate_smallest_model
6,Y-RLC-noise,Wye RLC + noise,100,0.205475,wye_rlgamma_full_unbalanced,wye_series,rlgamma,full_unbalanced,9,9,28.548241136591,0.0013546341933184,6.32327697665604e-06,1,1,1,adequate_smallest_model
6,Y-RLC-noise,Wye RLC + noise,101,0.207475,wye_rlgamma_full_unbalanced,wye_series,rlgamma,full_unbalanced,9,9,31.3626438249209,0.00139061418862749,8.0937649762107e-05,1,1,1,adequate_smallest_model
6,Y-RLC-noise,Wye RLC + noise,102,0.209475,wye_rlgamma_full_unbalanced,wye_series,rlgamma,full_unbalanced,9,9,36.5129484908292,0.00152542381859841,0.000113155076796942,1,1,1,adequate_smallest_model
6,Y-RLC-noise,Wye RLC + noise,103,0.211475,wye_rlgamma_full_unbalanced,wye_series,rlgamma,full_unbalanced,9,9,36.456066820142,0.00177710493515167,3.62715180219838e-05,1,1,1,adequate_smallest_model
6,Y-RLC-noise,Wye RLC + noise,104,0.213475,wye_rlgamma_full_unbalanced,wye_series,rlgamma,full_unbalanced,9,9,32.46821798493,0.00170254615180588,2.78813832893241e-05,1,1,1,adequate_smallest_model
6,Y-RLC-noise,Wye RLC + noise,105,0.215475,wye_rlgamma_full_unbalanced,wye_series,rlgamma,full_unbalanced,9,9,28.5536380520163,0.00147775092967296,0.000104067904059995,1,1,1,adequate_smallest_model
6,Y-RLC-noise,Wye RLC + noise,106,0.217475,wye_rlgamma_full_unbalanced,wye_series,rlgamma,full_unbalanced,9,9,31.3690202985551,0.00149968438264637,4.01985031562054e-05,1,1,1,adequate_smallest_model
6,Y-RLC-noise,Wye RLC + noise,107,0.219475,wye_rlgamma_full_unbalanced,wye_series,rlgamma,full_unbalanced,9,9,36.5234251563171,0.00164622304429546,1.90705173292087e-05,1,1,1,adequate_smallest_model
6,Y-RLC-noise,Wye RLC + noise,108,0.221475,wye_rlgamma_full_unbalanced,wye_series,rlgamma,full_unbalanced,9,9,36.4571761950814,0.00182443170309238,0.000131167397629787,1,1,1,adequate_smallest_model
6,Y-RLC-noise,Wye RLC + noise,109,0.223475,wye_rlgamma_full_unbalanced,wye_series,rlgamma,full_unbalanced,9,9,32.4673039318528,0.00183036745541647,0.000115876086322146,1,1,1,adequate_smallest_model
6,Y-RLC-noise,Wye RLC + noise,110,0.225475,wye_rlgamma_full_unbalanced,wye_series,rlgamma,full_unbalanced,9,9,28.553027489778,0.00152254167092719,5.03937751177003e-06,1,1,1,adequate_smallest_model
6,Y-RLC-noise,Wye RLC + noise,111,0.227475,wye_rlgamma_full_unbalanced,wye_series,rlgamma,full_unbalanced,9,9,31.3611938738846,0.00151467205386939,5.76453580217191e-05,1,1,1,adequate_smallest_model
6,Y-RLC-noise,Wye RLC + noise,112,0.229475,wye_rlgamma_full_unbalanced,wye_series,rlgamma,full_unbalanced,9,9,36.5144241049254,0.00166665185183706,2.7046936745668e-05,1,1,1,adequate_smallest_model
6,Y-RLC-noise,Wye RLC + noise,113,0.231475,wye_rlgamma_full_unbalanced,wye_series,rlgamma,full_unbalanced,9,9,36.4595282065645,0.00180158618762922,1.98600689265753e-05,1,1,1,adequate_smallest_model
6,Y-RLC-noise,Wye RLC + noise,114,0.233475,wye_rlgamma_full_unbalanced,wye_series,rlgamma,full_unbalanced,9,9,32.470019877218,0.00172980971697236,0.000101879524685542,1,1,1,adequate_smallest_model
6,Y-RLC-noise,Wye RLC + noise,115,0.235475,wye_rlgamma_full_unbalanced,wye_series,rlgamma,full_unbalanced,9,9,28.5527479429963,0.00148676210486301,4.25463941457517e-06,1,1,1,adequate_smallest_model
6,Y-RLC-noise,Wye RLC + noise,116,0.237475,wye_rlgamma_full_unbalanced,wye_series,rlgamma,full_unbalanced,9,9,31.3636264913325,0.00140717687865922,4.20077535094254e-05,1,1,1,adequate_smallest_model
6,Y-RLC-noise,Wye RLC + noise,117,0.239475,wye_rlgamma_full_unbalanced,wye_series,rlgamma,full_unbalanced,9,9,36.5244095062924,0.00155053095314454,3.92227325887177e-05,1,1,1,adequate_smallest_model
6,Y-RLC-noise,Wye RLC + noise,118,0.241475,wye_rlgamma_full_unbalanced,wye_series,rlgamma,full_unbalanced,9,9,36.4656550299423,0.00169885490185147,1.01241145308724e-05,1,1,1,adequate_smallest_model
6,Y-RLC-noise,Wye RLC + noise,119,0.243475,wye_rlgamma_full_unbalanced,wye_series,rlgamma,full_unbalanced,9,9,32.4766091301525,0.00164950663250683,2.01102039893487e-05,1,1,1,adequate_smallest_model
6,Y-RLC-noise,Wye RLC + noise,120,0.245475,wye_rlgamma_full_unbalanced,wye_series,rlgamma,full_unbalanced,9,9,28.5623977874824,0.00137540539861181,5.04394627734685e-05,1,1,1,adequate_smallest_model
6,Y-RLC-noise,Wye RLC + noise,121,0.247475,wye_rlgamma_full_unbalanced,wye_series,rlgamma,full_unbalanced,9,9,31.3790647431587,0.00138880183092538,2.21622051175071e-05,1,1,1,adequate_smallest_model
6,Y-RLC-noise,Wye RLC + noise,122,0.249475,wye_rlgamma_full_unbalanced,wye_series,rlgamma,full_unbalanced,9,9,36.5328778474995,0.00151317900917049,2.81001773985212e-05,1,1,1,adequate_smallest_model
6,Y-RLC-noise,Wye RLC + noise,123,0.251475,wye_rlgamma_full_unbalanced,wye_series,rlgamma,full_unbalanced,9,9,36.4749311680108,0.00170919054075987,8.59985868683412e-05,1,1,1,adequate_smallest_model
6,Y-RLC-noise,Wye RLC + noise,124,0.253475,wye_rlgamma_full_unbalanced,wye_series,rlgamma,full_unbalanced,9,9,32.4845570886329,0.00169486030621981,5.61316967620582e-05,1,1,1,adequate_smallest_model
6,Y-RLC-noise,Wye RLC + noise,125,0.255475,wye_rlgamma_full_unbalanced,wye_series,rlgamma,full_unbalanced,9,9,28.5635355600981,0.00143065476810375,6.11608970946296e-05,1,1,1,adequate_smallest_model
6,Y-RLC-noise,Wye RLC + noise,126,0.257475,wye_rlgamma_full_unbalanced,wye_series,rlgamma,full_unbalanced,9,9,31.3744640587895,0.0014300636372573,1.66228548494658e-05,1,1,1,adequate_smallest_model
6,Y-RLC-noise,Wye RLC + noise,127,0.259475,wye_rlgamma_full_unbalanced,wye_series,rlgamma,full_unbalanced,9,9,36.5327821758995,0.00155732821775111,9.21271842084136e-05,1,1,1,adequate_smallest_model
6,Y-RLC-noise,Wye RLC + noise,128,0.261475,wye_rlgamma_full_unbalanced,wye_series,rlgamma,full_unbalanced,9,9,36.4617598155562,0.00176597466829258,0.000145242376273528,1,1,1,adequate_smallest_model
6,Y-RLC-noise,Wye RLC + noise,129,0.263475,wye_rlgamma_full_unbalanced,wye_series,rlgamma,full_unbalanced,9,9,32.4713526703511,0.00169519487192896,0.000124992312813092,1,1,1,adequate_smallest_model
6,Y-RLC-noise,Wye RLC + noise,130,0.265475,wye_rlgamma_full_unbalanced,wye_series,rlgamma,full_unbalanced,9,9,28.5594159274435,0.00136980225702953,1.88081675268463e-05,1,1,1,adequate_smallest_model
6,Y-RLC-noise,Wye RLC + noise,131,0.267475,wye_rlgamma_full_unbalanced,wye_series,rlgamma,full_unbalanced,9,9,31.3701169063382,0.00134681186794889,4.20081369683071e-05,1,1,1,adequate_smallest_model
6,Y-RLC-noise,Wye RLC + noise,132,0.269475,wye_rlgamma_full_unbalanced,wye_series,rlgamma,full_unbalanced,9,9,36.5211661439926,0.00149180830174868,0.000104628617958027,1,1,1,adequate_smallest_model
6,Y-RLC-noise,Wye RLC + noise,133,0.271475,wye_rlgamma_full_unbalanced,wye_series,rlgamma,full_unbalanced,9,9,36.4597113857339,0.00168227165872554,6.847575838762e-05,1,1,1,adequate_smallest_model
6,Y-RLC-noise,Wye RLC + noise,134,0.273475,wye_rlgamma_full_unbalanced,wye_series,rlgamma,full_unbalanced,9,9,32.4769701634181,0.00165950823104701,8.92732817256621e-05,1,1,1,adequate_smallest_model
6,Y-RLC-noise,Wye RLC + noise,135,0.275475,wye_rlgamma_full_unbalanced,wye_series,rlgamma,full_unbalanced,9,9,28.5578420608142,0.00142994487637073,2.35198989745099e-05,1,1,1,adequate_smallest_model
6,Y-RLC-noise,Wye RLC + noise,136,0.277475,wye_rlgamma_full_unbalanced,wye_series,rlgamma,full_unbalanced,9,9,31.3749197043625,0.00144445428892683,5.21891101670729e-05,1,1,1,adequate_smallest_model
6,Y-RLC-noise,Wye RLC + noise,137,0.279475,wye_rlgamma_full_unbalanced,wye_series,rlgamma,full_unbalanced,9,9,36.5318755228889,0.00158625474010609,7.3374509177391e-05,1,1,1,adequate_smallest_model
6,Y-RLC-noise,Wye RLC + noise,138,0.281475,wye_rlgamma_full_unbalanced,wye_series,rlgamma,full_unbalanced,9,9,36.4703302257313,0.00184479873943556,8.56561556333305e-06,1,1,1,adequate_smallest_model
6,Y-RLC-noise,Wye RLC + noise,139,0.283475,wye_rlgamma_full_unbalanced,wye_series,rlgamma,full_unbalanced,9,9,32.4815327432657,0.00176955222192822,3.4632902717378e-05,1,1,1,adequate_smallest_model
6,Y-RLC-noise,Wye RLC + noise,140,0.285475,wye_rlgamma_full_unbalanced,wye_series,rlgamma,full_unbalanced,9,9,28.560865137815,0.00150887273063981,7.10621470600398e-05,1,1,1,adequate_smallest_model
6,Y-RLC-noise,Wye RLC + noise,141,0.287475,wye_rlgamma_full_unbalanced,wye_series,rlgamma,full_unbalanced,9,9,31.3656916355963,0.00152861305486672,5.09466428355033e-05,1,1,1,adequate_smallest_model
6,Y-RLC-noise,Wye RLC + noise,142,0.289475,wye_rlgamma_full_unbalanced,wye_series,rlgamma,full_unbalanced,9,9,36.5162455077962,0.00160019600705584,5.62991711260474e-05,1,1,1,adequate_smallest_model
6,Y-RLC-noise,Wye RLC + noise,143,0.291475,wye_rlgamma_full_unbalanced,wye_series,rlgamma,full_unbalanced,9,9,36.4609458510666,0.00180092322350268,1.23877925790736e-05,1,1,1,adequate_smallest_model
6,Y-RLC-noise,Wye RLC + noise,144,0.293475,wye_rlgamma_full_unbalanced,wye_series,rlgamma,full_unbalanced,9,9,32.4775871933226,0.00172178894870331,8.42199357969477e-06,1,1,1,adequate_smallest_model
6,Y-RLC-noise,Wye RLC + noise,145,0.295475,wye_rlgamma_full_unbalanced,wye_series,rlgamma,full_unbalanced,9,9,28.5655328726705,0.00144698429365939,7.86466726272102e-05,1,1,1,adequate_smallest_model
6,Y-RLC-noise,Wye RLC + noise,146,0.297475,wye_rlgamma_full_unbalanced,wye_series,rlgamma,full_unbalanced,9,9,31.3770273760253,0.00149106356135402,4.56599121844325e-05,1,1,1,adequate_smallest_model
6,Y-RLC-noise,Wye RLC + noise,147,0.299475,wye_rlgamma_full_unbalanced,wye_series,rlgamma,full_unbalanced,9,9,36.5467470043258,0.0016228483396484,2.1875171706075e-06,1,1,1,adequate_smallest_model
6,Y-RLC-noise,Wye RLC + noise,148,0.301475,wye_rlgamma_full_unbalanced,wye_series,rlgamma,full_unbalanced,9,9,36.4848827295895,0.00178608081497407,2.02414429722189e-05,1,1,1,adequate_smallest_model
6,Y-RLC-noise,Wye RLC + noise,149,0.303475,wye_rlgamma_full_unbalanced,wye_series,rlgamma,full_unbalanced,9,9,32.4962601479961,0.00174295171378272,2.02506151477618e-05,1,1,1,adequate_smallest_model
6,Y-RLC-noise,Wye RLC + noise,150,0.305475,wye_rlgamma_full_unbalanced,wye_series,rlgamma,full_unbalanced,9,9,28.5762463383309,0.00146893775949275,9.20601586069149e-05,1,1,1,adequate_smallest_model
6,Y-RLC-noise,Wye RLC + noise,151,0.307475,wye_rlgamma_full_unbalanced,wye_series,rlgamma,full_unbalanced,9,9,31.3883893294408,0.00150268448242151,5.27141225525163e-05,1,1,1,adequate_smallest_model
6,Y-RLC-noise,Wye RLC + noise,152,0.309475,wye_rlgamma_full_unbalanced,wye_series,rlgamma,full_unbalanced,9,9,36.5434937228662,0.00162202855040671,3.78304113361465e-05,1,1,1,adequate_smallest_model
6,Y-RLC-noise,Wye RLC + noise,153,0.311475,wye_rlgamma_full_unbalanced,wye_series,rlgamma,full_unbalanced,9,9,36.4725670834407,0.00180698620417843,4.26930101589501e-05,1,1,1,adequate_smallest_model
6,Y-RLC-noise,Wye RLC + noise,154,0.313475,wye_rlgamma_full_unbalanced,wye_series,rlgamma,full_unbalanced,9,9,32.4822062374455,0.00171640241768012,6.57713993905516e-05,1,1,1,adequate_smallest_model
6,Y-RLC-noise,Wye RLC + noise,155,0.315475,wye_rlgamma_full_unbalanced,wye_series,rlgamma,full_unbalanced,9,9,28.5610978467239,0.00142958202277845,6.06216725491312e-05,1,1,1,adequate_smallest_model
6,Y-RLC-noise,Wye RLC + noise,156,0.317475,wye_rlgamma_full_unbalanced,wye_series,rlgamma,full_unbalanced,9,9,31.3760248896488,0.00146210146882816,3.60935838311951e-05,1,1,1,adequate_smallest_model
6,Y-RLC-noise,Wye RLC + noise,157,0.319475,wye_rlgamma_full_unbalanced,wye_series,rlgamma,full_unbalanced,9,9,36.5162612196399,0.00158493994261253,3.76206207232155e-05,1,1,1,adequate_smallest_model
6,Y-RLC-noise,Wye RLC + noise,158,0.321475,wye_rlgamma_full_unbalanced,wye_series,rlgamma,full_unbalanced,9,9,36.4607369764351,0.00178909773731545,8.97785962771493e-05,1,1,1,adequate_smallest_model
6,Y-RLC-noise,Wye RLC + noise,159,0.323475,wye_rlgamma_full_unbalanced,wye_series,rlgamma,full_unbalanced,9,9,32.477050786482,0.00168581658174392,7.36361587395476e-05,1,1,1,adequate_smallest_model
6,Y-RLC-noise,Wye RLC + noise,160,0.325475,wye_rlgamma_full_unbalanced,wye_series,rlgamma,full_unbalanced,9,9,28.5637283134091,0.00141393113642146,3.50905778434088e-06,1,1,1,adequate_smallest_model
6,Y-RLC-noise,Wye RLC + noise,161,0.327475,wye_rlgamma_full_unbalanced,wye_series,rlgamma,full_unbalanced,9,9,31.3710700247463,0.00141847821832902,1.66295707815667e-05,1,1,1,adequate_smallest_model
6,Y-RLC-noise,Wye RLC + noise,162,0.329475,wye_rlgamma_full_unbalanced,wye_series,rlgamma,full_unbalanced,9,9,36.5321157369288,0.00155969931945941,3.28449135140095e-05,1,1,1,adequate_smallest_model
6,Y-RLC-noise,Wye RLC + noise,163,0.331475,wye_rlgamma_full_unbalanced,wye_series,rlgamma,full_unbalanced,9,9,36.4685676643766,0.0017856363701522,1.21271043371136e-05,1,1,1,adequate_smallest_model
6,Y-RLC-noise,Wye RLC + noise,164,0.333475,wye_rlgamma_full_unbalanced,wye_series,rlgamma,full_unbalanced,9,9,32.4837319835359,0.00171758594239875,5.10315743732322e-05,1,1,1,adequate_smallest_model
6,Y-RLC-noise,Wye RLC + noise,165,0.335475,wye_rlgamma_full_unbalanced,wye_series,rlgamma,full_unbalanced,9,9,28.5622447585691,0.00144273372303267,2.00815067839943e-05,1,1,1,adequate_smallest_model
6,Y-RLC-noise,Wye RLC + noise,166,0.337475,wye_rlgamma_full_unbalanced,wye_series,rlgamma,full_unbalanced,9,9,31.3735376512573,0.00143831411774211,2.50965584861118e-05,1,1,1,adequate_smallest_model
6,Y-RLC-noise,Wye RLC + noise,167,0.339475,wye_rlgamma_full_unbalanced,wye_series,rlgamma,full_unbalanced,9,9,36.5210860563488,0.00156893648935345,3.40581539942581e-05,1,1,1,adequate_smallest_model
6,Y-RLC-noise,Wye RLC + noise,168,0.341475,wye_rlgamma_full_unbalanced,wye_series,rlgamma,full_unbalanced,9,9,36.4602362282981,0.00171465075296156,0.000141120000354786,1,1,1,adequate_smallest_model
6,Y-RLC-noise,Wye RLC + noise,169,0.343475,wye_rlgamma_full_unbalanced,wye_series,rlgamma,full_unbalanced,9,9,32.4755388640124,0.00168091346998844,3.65689179430466e-05,1,1,1,adequate_smallest_model
6,Y-RLC-noise,Wye RLC + noise,170,0.345475,wye_rlgamma_full_unbalanced,wye_series,rlgamma,full_unbalanced,9,9,28.5602141467468,0.00138232173675477,5.76656177379625e-05,1,1,1,adequate_smallest_model
6,Y-RLC-noise,Wye RLC + noise,171,0.347475,wye_rlgamma_full_unbalanced,wye_series,rlgamma,full_unbalanced,9,9,31.370566253844,0.00142525914626122,7.2127717196155e-05,1,1,1,adequate_smallest_model
6,Y-RLC-noise,Wye RLC + noise,172,0.349475,wye_rlgamma_full_unbalanced,wye_series,rlgamma,full_unbalanced,9,9,36.5277565466921,0.0015399710309843,7.00459720066553e-06,1,1,1,adequate_smallest_model
6,Y-RLC-noise,Wye RLC + noise,173,0.351475,wye_rlgamma_full_unbalanced,wye_series,rlgamma,full_unbalanced,9,9,36.4687682700664,0.00172980645056149,6.01340956487362e-06,1,1,1,adequate_smallest_model
6,Y-RLC-noise,Wye RLC + noise,174,0.353475,wye_rlgamma_full_unbalanced,wye_series,rlgamma,full_unbalanced,9,9,32.487796940161,0.0016238706516111,9.07849817531262e-05,1,1,1,adequate_smallest_model
6,Y-RLC-noise,Wye RLC + noise,175,0.355475,wye_rlgamma_full_unbalanced,wye_series,rlgamma,full_unbalanced,9,9,28.5668614205261,0.00143194775515114,6.83865275846915e-05,1,1,1,adequate_smallest_model
6,Y-RLC-noise,Wye RLC + noise,176,0.357475,wye_rlgamma_full_unbalanced,wye_series,rlgamma,full_unbalanced,9,9,31.3798692852156,0.0013599251082053,5.2781658932107e-05,1,1,1,adequate_smallest_model
6,Y-RLC-noise,Wye RLC + noise,177,0.359475,wye_rlgamma_full_unbalanced,wye_series,rlgamma,full_unbalanced,9,9,36.5308366529494,0.00149372676550428,2.21571241562186e-05,1,1,1,adequate_smallest_model
6,Y-RLC-noise,Wye RLC + noise,178,0.361475,wye_rlgamma_full_unbalanced,wye_series,rlgamma,full_unbalanced,9,9,36.4671263375873,0.00166486097395936,5.169285156256e-05,1,1,1,adequate_smallest_model
6,Y-RLC-noise,Wye RLC + noise,179,0.363475,wye_rlgamma_full_unbalanced,wye_series,rlgamma,full_unbalanced,9,9,32.479790529605,0.00165499720109469,8.25231060293893e-05,1,1,1,adequate_smallest_model
6,Y-RLC-noise,Wye RLC + noise,180,0.365475,wye_rlgamma_full_unbalanced,wye_series,rlgamma,full_unbalanced,9,9,28.5623579887499,0.0014476043453227,1.93992853626874e-05,1,1,1,adequate_smallest_model
6,Y-RLC-noise,Wye RLC + noise,181,0.367475,wye_rlgamma_full_unbalanced,wye_series,rlgamma,full_unbalanced,9,9,31.3723619710545,0.00143763023910289,6.78718951471692e-05,1,1,1,adequate_smallest_model
6,Y-RLC-noise,Wye RLC + noise,182,0.369475,wye_rlgamma_full_unbalanced,wye_series,rlgamma,full_unbalanced,9,9,36.5272310675137,0.00163348381268716,5.734818171357e-05,1,1,1,adequate_smallest_model
6,Y-RLC-noise,Wye RLC + noise,183,0.371475,wye_rlgamma_full_unbalanced,wye_series,rlgamma,full_unbalanced,9,9,36.4676027901389,0.00177768657576893,3.26380506725466e-05,1,1,1,adequate_smallest_model
6,Y-RLC-noise,Wye RLC + noise,184,0.373475,wye_rlgamma_full_unbalanced,wye_series,rlgamma,full_unbalanced,9,9,32.4823584074527,0.0017013544418929,9.91237673335795e-06,1,1,1,adequate_smallest_model
6,Y-RLC-noise,Wye RLC + noise,185,0.375475,wye_rlgamma_full_unbalanced,wye_series,rlgamma,full_unbalanced,9,9,28.5634654894135,0.00141883109473465,3.72202193435725e-05,1,1,1,adequate_smallest_model
6,Y-RLC-noise,Wye RLC + noise,186,0.377475,wye_rlgamma_full_unbalanced,wye_series,rlgamma,full_unbalanced,9,9,31.371575376409,0.00142147751343751,1.79680448322187e-05,1,1,1,adequate_smallest_model
6,Y-RLC-noise,Wye RLC + noise,187,0.379475,wye_rlgamma_full_unbalanced,wye_series,rlgamma,full_unbalanced,9,9,36.5260353750286,0.00153173184567341,9.50016240228705e-06,1,1,1,adequate_smallest_model
6,Y-RLC-noise,Wye RLC + noise,188,0.381475,wye_rlgamma_full_unbalanced,wye_series,rlgamma,full_unbalanced,9,9,36.4617939036436,0.00170128598915939,8.38123529939155e-05,1,1,1,adequate_smallest_model
6,Y-RLC-noise,Wye RLC + noise,189,0.383475,wye_rlgamma_full_unbalanced,wye_series,rlgamma,full_unbalanced,9,9,32.4821100535635,0.0016792202804485,7.11093355096519e-05,1,1,1,adequate_smallest_model
6,Y-RLC-noise,Wye RLC + noise,190,0.385475,wye_rlgamma_full_unbalanced,wye_series,rlgamma,full_unbalanced,9,9,28.5600002496534,0.00137131538392749,5.80479135215919e-05,1,1,1,adequate_smallest_model
6,Y-RLC-noise,Wye RLC + noise,191,0.387475,wye_rlgamma_full_unbalanced,wye_series,rlgamma,full_unbalanced,9,9,31.3695393328303,0.00141617897459525,6.29619162684248e-05,1,1,1,adequate_smallest_model
6,Y-RLC-noise,Wye RLC + noise,192,0.389475,wye_rlgamma_full_unbalanced,wye_series,rlgamma,full_unbalanced,9,9,36.5232150780438,0.00153677446863627,5.40795976155176e-05,1,1,1,adequate_smallest_model
6,Y-RLC-noise,Wye RLC + noise,193,0.391475,wye_rlgamma_full_unbalanced,wye_series,rlgamma,full_unbalanced,9,9,36.4577653592067,0.00167887924718983,3.27883661784283e-05,1,1,1,adequate_smallest_model
6,Y-RLC-noise,Wye RLC + noise,194,0.393475,wye_rlgamma_full_unbalanced,wye_series,rlgamma,full_unbalanced,9,9,32.4685470456202,0.00159283473511693,0.000102231539512393,1,1,1,adequate_smallest_model
6,Y-RLC-noise,Wye RLC + noise,195,0.395475,wye_rlgamma_full_unbalanced,wye_series,rlgamma,full_unbalanced,9,9,28.5482395749916,0.00140797355663717,1.73311411684425e-05,1,1,1,adequate_smallest_model
6,Y-RLC-noise,Wye RLC + noise,196,0.397475,wye_rlgamma_full_unbalanced,wye_series,rlgamma,full_unbalanced,9,9,31.3599855094895,0.00146571635324125,5.81051880714201e-05,1,1,1,adequate_smallest_model
6,Y-RLC-noise,Wye RLC + noise,197,0.399475,wye_rlgamma_full_unbalanced,wye_series,rlgamma,full_unbalanced,9,9,36.5128216563839,0.00153745151013331,7.54635879823867e-05,1,1,1,adequate_smallest_model
6,Y-RLC-noise,Wye RLC + noise,198,0.401475,wye_rlgamma_full_unbalanced,wye_series,rlgamma,full_unbalanced,9,9,36.4499912584125,0.00169748692776322,3.60225282619409e-06,1,1,1,adequate_smallest_model
6,Y-RLC-noise,Wye RLC + noise,199,0.403475,wye_rlgamma_full_unbalanced,wye_series,rlgamma,full_unbalanced,9,9,32.4617091771577,0.00162231543235465,2.36318922969016e-05,1,1,1,adequate_smallest_model
6,Y-RLC-noise,Wye RLC + noise,200,0.405475,wye_rlgamma_full_unbalanced,wye_series,rlgamma,full_unbalanced,9,9,28.5509135263704,0.00141038566764258,1.5718202340889e-05,1,1,1,adequate_smallest_model
6,Y-RLC-noise,Wye RLC + noise,201,0.407475,wye_rlgamma_full_unbalanced,wye_series,rlgamma,full_unbalanced,9,9,31.3740154480599,0.00146727633584647,2.59018855624277e-05,1,1,1,adequate_smallest_model
6,Y-RLC-noise,Wye RLC + noise,202,0.409475,wye_rlgamma_full_unbalanced,wye_series,rlgamma,full_unbalanced,9,9,36.5302194318084,0.00158946486118619,5.35427265821504e-05,1,1,1,adequate_smallest_model
6,Y-RLC-noise,Wye RLC + noise,203,0.411475,wye_rlgamma_full_unbalanced,wye_series,rlgamma,full_unbalanced,9,9,36.4664041752208,0.0017570629067194,9.46913135693938e-05,1,1,1,adequate_smallest_model
6,Y-RLC-noise,Wye RLC + noise,204,0.413475,wye_rlgamma_full_unbalanced,wye_series,rlgamma,full_unbalanced,9,9,32.4856093015982,0.00166832290058253,1.49748304109634e-06,1,1,1,adequate_smallest_model
6,Y-RLC-noise,Wye RLC + noise,205,0.415475,wye_rlgamma_full_unbalanced,wye_series,rlgamma,full_unbalanced,9,9,28.5657268077109,0.00142777907643866,8.27488043755831e-05,1,1,1,adequate_smallest_model
6,Y-RLC-noise,Wye RLC + noise,206,0.417475,wye_rlgamma_full_unbalanced,wye_series,rlgamma,full_unbalanced,9,9,31.3843214398407,0.00148163752273935,3.29758641081815e-05,1,1,1,adequate_smallest_model
6,Y-RLC-noise,Wye RLC + noise,207,0.419475,wye_rlgamma_full_unbalanced,wye_series,rlgamma,full_unbalanced,9,9,36.5423156795141,0.00157917892629645,5.43790020004783e-06,1,1,1,adequate_smallest_model
6,Y-RLC-noise,Wye RLC + noise,208,0.421475,wye_rlgamma_full_unbalanced,wye_series,rlgamma,full_unbalanced,9,9,36.4779509212337,0.00175880244093219,0.000119988469217917,1,1,1,adequate_smallest_model
6,Y-RLC-noise,Wye RLC + noise,209,0.423475,wye_rlgamma_full_unbalanced,wye_series,rlgamma,full_unbalanced,9,9,32.4976845363764,0.00168513736861764,0.000128354379184221,1,1,1,adequate_smallest_model
6,Y-RLC-noise,Wye RLC + noise,210,0.425475,wye_rlgamma_full_unbalanced,wye_series,rlgamma,full_unbalanced,9,9,28.5828853105014,0.00139916377714192,2.70870538618583e-05,1,1,1,adequate_smallest_model
6,Y-RLC-noise,Wye RLC + noise,211,0.427475,wye_rlgamma_full_unbalanced,wye_series,rlgamma,full_unbalanced,9,9,31.3906769080134,0.00145012294543473,5.10687429922531e-05,1,1,1,adequate_smallest_model
6,Y-RLC-noise,Wye RLC + noise,212,0.429475,wye_rlgamma_full_unbalanced,wye_series,rlgamma,full_unbalanced,9,9,36.5547020297345,0.00160318219102432,9.79265426518812e-06,1,1,1,adequate_smallest_model
6,Y-RLC-noise,Wye RLC + noise,213,0.431475,wye_rlgamma_full_unbalanced,wye_series,rlgamma,full_unbalanced,9,9,36.4868980373468,0.00181441580768081,3.51692465557062e-05,1,1,1,adequate_smallest_model
6,Y-RLC-noise,Wye RLC + noise,214,0.433475,wye_rlgamma_full_unbalanced,wye_series,rlgamma,full_unbalanced,9,9,32.4951571423382,0.00180105106234136,6.94819272806086e-05,1,1,1,adequate_smallest_model
6,Y-RLC-noise,Wye RLC + noise,215,0.435475,wye_rlgamma_full_unbalanced,wye_series,rlgamma,full_unbalanced,9,9,28.5742407844198,0.00151245103764268,9.83992308106849e-05,1,1,1,adequate_smallest_model
6,Y-RLC-noise,Wye RLC + noise,216,0.437475,wye_rlgamma_full_unbalanced,wye_series,rlgamma,full_unbalanced,9,9,31.3834814231527,0.00154498816865139,8.10721688296994e-06,1,1,1,adequate_smallest_model
6,Y-RLC-noise,Wye RLC + noise,217,0.439475,wye_rlgamma_full_unbalanced,wye_series,rlgamma,full_unbalanced,9,9,36.5330734140671,0.00164695455317246,5.93613032374171e-06,1,1,1,adequate_smallest_model
6,Y-RLC-noise,Wye RLC + noise,218,0.441475,wye_rlgamma_full_unbalanced,wye_series,rlgamma,full_unbalanced,9,9,36.4668522809755,0.00175146460111774,1.57192020353994e-05,1,1,1,adequate_smallest_model
6,Y-RLC-noise,Wye RLC + noise,219,0.443475,wye_rlgamma_full_unbalanced,wye_series,rlgamma,full_unbalanced,9,9,32.483839253382,0.00169531231570324,9.0006890729905e-05,1,1,1,adequate_smallest_model
6,Y-RLC-noise,Wye RLC + noise,220,0.445475,wye_rlgamma_full_unbalanced,wye_series,rlgamma,full_unbalanced,9,9,28.5652775659962,0.00141814268455398,4.54222836027121e-06,1,1,1,adequate_smallest_model
6,Y-RLC-noise,Wye RLC + noise,221,0.447475,wye_rlgamma_full_unbalanced,wye_series,rlgamma,full_unbalanced,9,9,31.3793968192518,0.00138273288978544,7.75322054886632e-05,1,1,1,adequate_smallest_model
6,Y-RLC-noise,Wye RLC + noise,222,0.449475,wye_rlgamma_full_unbalanced,wye_series,rlgamma,full_unbalanced,9,9,36.532706796797,0.00145399441794534,6.70715529902423e-05,1,1,1,adequate_smallest_model
6,Y-RLC-noise,Wye RLC + noise,223,0.451475,wye_rlgamma_full_unbalanced,wye_series,rlgamma,full_unbalanced,9,9,36.480827307955,0.00162817243266633,7.56945198400762e-05,1,1,1,adequate_smallest_model
6,Y-RLC-noise,Wye RLC + noise,224,0.453475,wye_rlgamma_full_unbalanced,wye_series,rlgamma,full_unbalanced,9,9,32.4853410533093,0.00162625502384991,4.57530211758424e-05,1,1,1,adequate_smallest_model
6,Y-RLC-noise,Wye RLC + noise,225,0.455475,wye_rlgamma_full_unbalanced,wye_series,rlgamma,full_unbalanced,9,9,28.5664343066756,0.00135893633800211,9.31243047992793e-05,1,1,1,adequate_smallest_model
6,Y-RLC-noise,Wye RLC + noise,226,0.457475,wye_rlgamma_full_unbalanced,wye_series,rlgamma,full_unbalanced,9,9,31.3785110032158,0.00140235646566827,3.99789487920433e-05,1,1,1,adequate_smallest_model
6,Y-RLC-noise,Wye RLC + noise,227,0.459475,wye_rlgamma_full_unbalanced,wye_series,rlgamma,full_unbalanced,9,9,36.5322266927882,0.00150622661212758,1.76749354828048e-05,1,1,1,adequate_smallest_model
6,Y-RLC-noise,Wye RLC + noise,228,0.461475,wye_rlgamma_full_unbalanced,wye_series,rlgamma,full_unbalanced,9,9,36.4688101843074,0.00170202891134563,2.84277109706654e-05,1,1,1,adequate_smallest_model
6,Y-RLC-noise,Wye RLC + noise,229,0.463475,wye_rlgamma_full_unbalanced,wye_series,rlgamma,full_unbalanced,9,9,32.4841058322313,0.00170737171266372,0.000108032379186668,1,1,1,adequate_smallest_model
6,Y-RLC-noise,Wye RLC + noise,230,0.465475,wye_rlgamma_full_unbalanced,wye_series,rlgamma,full_unbalanced,9,9,28.5699678156067,0.00145894404091041,4.81892080325786e-05,1,1,1,adequate_smallest_model
6,Y-RLC-noise,Wye RLC + noise,231,0.467475,wye_rlgamma_full_unbalanced,wye_series,rlgamma,full_unbalanced,9,9,31.3814346001778,0.00151862202196929,3.49697933369052e-05,1,1,1,adequate_smallest_model
6,Y-RLC-noise,Wye RLC + noise,232,0.469475,wye_rlgamma_full_unbalanced,wye_series,rlgamma,full_unbalanced,9,9,36.5459131145588,0.00161884654626543,3.67376342574737e-07,1,1,1,adequate_smallest_model
6,Y-RLC-noise,Wye RLC + noise,233,0.471475,wye_rlgamma_full_unbalanced,wye_series,rlgamma,full_unbalanced,9,9,36.4870291275826,0.00183179275664889,8.98736985546526e-07,1,1,1,adequate_smallest_model
6,Y-RLC-noise,Wye RLC + noise,234,0.473475,wye_rlgamma_full_unbalanced,wye_series,rlgamma,full_unbalanced,9,9,32.4993001652175,0.00174303183696698,4.50903670385089e-06,1,1,1,adequate_smallest_model
6,Y-RLC-noise,Wye RLC + noise,235,0.475475,wye_rlgamma_full_unbalanced,wye_series,rlgamma,full_unbalanced,9,9,28.5731455013559,0.00150958406087528,0.000136955981287508,1,1,1,adequate_smallest_model
6,Y-RLC-noise,Wye RLC + noise,236,0.477475,wye_rlgamma_full_unbalanced,wye_series,rlgamma,full_unbalanced,9,9,31.3822108882318,0.00151322337221099,1.05871987559643e-05,1,1,1,adequate_smallest_model
6,Y-RLC-noise,Wye RLC + noise,237,0.479475,wye_rlgamma_full_unbalanced,wye_series,rlgamma,full_unbalanced,9,9,36.533788875736,0.00158769274117612,2.12046830115158e-05,1,1,1,adequate_smallest_model
6,Y-RLC-noise,Wye RLC + noise,238,0.481475,wye_rlgamma_full_unbalanced,wye_series,rlgamma,full_unbalanced,9,9,36.4661002086993,0.0017628241110927,3.97166518527821e-05,1,1,1,adequate_smallest_model
6,Y-RLC-noise,Wye RLC + noise,239,0.483475,wye_rlgamma_full_unbalanced,wye_series,rlgamma,full_unbalanced,9,9,32.4797577805603,0.00169845074294335,0.000126093648686983,1,1,1,adequate_smallest_model
6,Y-RLC-noise,Wye RLC + noise,240,0.485475,wye_rlgamma_full_unbalanced,wye_series,rlgamma,full_unbalanced,9,9,28.5614714759766,0.00145772269958097,6.6799114071155e-05,1,1,1,adequate_smallest_model
6,Y-RLC-noise,Wye RLC + noise,241,0.487475,wye_rlgamma_full_unbalanced,wye_series,rlgamma,full_unbalanced,9,9,31.3736158241092,0.00147796660129486,5.28449029014938e-05,1,1,1,adequate_smallest_model
6,Y-RLC-noise,Wye RLC + noise,242,0.489475,wye_rlgamma_full_unbalanced,wye_series,rlgamma,full_unbalanced,9,9,36.5236039784726,0.00157580733583101,3.43564428090073e-05,1,1,1,adequate_smallest_model
6,Y-RLC-noise,Wye RLC + noise,243,0.491475,wye_rlgamma_full_unbalanced,wye_series,rlgamma,full_unbalanced,9,9,36.4628327208766,0.00181886234986007,0.000117531025764285,1,1,1,adequate_smallest_model
6,Y-RLC-noise,Wye RLC + noise,244,0.493475,wye_rlgamma_full_unbalanced,wye_series,rlgamma,full_unbalanced,9,9,32.4723209576844,0.00178120523248933,0.000131056882709818,1,1,1,adequate_smallest_model
6,Y-RLC-noise,Wye RLC + noise,245,0.495475,wye_rlgamma_full_unbalanced,wye_series,rlgamma,full_unbalanced,9,9,28.5599692571392,0.00151409082247189,3.25827095756606e-05,1,1,1,adequate_smallest_model
6,Y-RLC-noise,Wye RLC + noise,246,0.497475,wye_rlgamma_full_unbalanced,wye_series,rlgamma,full_unbalanced,9,9,31.3799588920931,0.001504287133181,2.06798930703332e-05,1,1,1,adequate_smallest_model
6,Y-RLC-noise,Wye RLC + noise,247,0.499475,wye_rlgamma_full_unbalanced,wye_series,rlgamma,full_unbalanced,9,9,36.5272185325198,0.0016221492906574,2.76020372059341e-06,1,1,1,adequate_smallest_model
6,Y-RLC-noise,Wye RLC + noise,248,0.501475,wye_rlgamma_full_unbalanced,wye_series,rlgamma,full_unbalanced,9,9,36.4713038841827,0.00185417611097582,2.22879531538985e-05,1,1,1,adequate_smallest_model
6,Y-RLC-noise,Wye RLC + noise,249,0.503475,wye_rlgamma_full_unbalanced,wye_series,rlgamma,full_unbalanced,9,9,32.4880116132876,0.00181583164666197,2.20698053395915e-05,1,1,1,adequate_smallest_model
6,Y-RLC-noise,Wye RLC + noise,250,0.505475,wye_rlgamma_full_unbalanced,wye_series,rlgamma,full_unbalanced,9,9,28.5669696860372,0.00149683896271655,3.25869781299057e-05,1,1,1,adequate_smallest_model
6,Y-RLC-noise,Wye RLC + noise,251,0.507475,wye_rlgamma_full_unbalanced,wye_series,rlgamma,full_unbalanced,9,9,31.3732216193658,0.00149674267616453,4.13715359328492e-05,1,1,1,adequate_smallest_model
6,Y-RLC-noise,Wye RLC + noise,252,0.509475,wye_rlgamma_full_unbalanced,wye_series,rlgamma,full_unbalanced,9,9,36.533495538035,0.00156867709836198,8.12279000495299e-06,1,1,1,adequate_smallest_model
6,Y-RLC-noise,Wye RLC + noise,253,0.511475,wye_rlgamma_full_unbalanced,wye_series,rlgamma,full_unbalanced,9,9,36.4654746620459,0.00177476082302872,4.38222837335654e-05,1,1,1,adequate_smallest_model
6,Y-RLC-noise,Wye RLC + noise,254,0.513475,wye_rlgamma_full_unbalanced,wye_series,rlgamma,full_unbalanced,9,9,32.4783936327987,0.00162080268507538,0.000118619478347265,1,1,1,adequate_smallest_model
6,Y-RLC-noise,Wye RLC + noise,255,0.515475,wye_rlgamma_full_unbalanced,wye_series,rlgamma,full_unbalanced,9,9,28.559171230868,0.00134017161025863,4.99021435565263e-05,1,1,1,adequate_smallest_model
6,Y-RLC-noise,Wye RLC + noise,256,0.517475,wye_rlgamma_full_unbalanced,wye_series,rlgamma,full_unbalanced,9,9,31.369505122866,0.00136565309332539,4.87317986430597e-05,1,1,1,adequate_smallest_model
6,Y-RLC-noise,Wye RLC + noise,257,0.519475,wye_rlgamma_full_unbalanced,wye_series,rlgamma,full_unbalanced,9,9,36.5178210995034,0.00143165981504854,4.1917700240052e-05,1,1,1,adequate_smallest_model
6,Y-RLC-noise,Wye RLC + noise,258,0.521475,wye_rlgamma_full_unbalanced,wye_series,rlgamma,full_unbalanced,9,9,36.449926380149,0.00164393330035988,0.000119614905078984,1,1,1,adequate_smallest_model
6,Y-RLC-noise,Wye RLC + noise,259,0.523475,wye_rlgamma_full_unbalanced,wye_series,rlgamma,full_unbalanced,9,9,32.4747872333984,0.00156888054504622,3.45790553607963e-05,1,1,1,adequate_smallest_model
6,Y-RLC-noise,Wye RLC + noise,260,0.525475,wye_rlgamma_full_unbalanced,wye_series,rlgamma,full_unbalanced,9,9,28.558748963796,0.00129498996982127,4.25038855072204e-06,1,1,1,adequate_smallest_model
6,Y-RLC-noise,Wye RLC + noise,261,0.527475,wye_rlgamma_full_unbalanced,wye_series,rlgamma,full_unbalanced,9,9,31.3786538118566,0.00131237029676235,8.25858779988951e-05,1,1,1,adequate_smallest_model
6,Y-RLC-noise,Wye RLC + noise,262,0.529475,wye_rlgamma_full_unbalanced,wye_series,rlgamma,full_unbalanced,9,9,36.5272698892138,0.00154171335036316,5.51542279459875e-05,1,1,1,adequate_smallest_model
6,Y-RLC-noise,Wye RLC + noise,263,0.531475,wye_rlgamma_full_unbalanced,wye_series,rlgamma,full_unbalanced,9,9,36.4686639922937,0.00168432960608358,1.27931396209691e-05,1,1,1,adequate_smallest_model
6,Y-RLC-noise,Wye RLC + noise,264,0.533475,wye_rlgamma_full_unbalanced,wye_series,rlgamma,full_unbalanced,9,9,32.4823789045045,0.00176233042078062,3.4935088375316e-05,1,1,1,adequate_smallest_model
6,Y-RLC-noise,Wye RLC + noise,265,0.535475,wye_rlgamma_full_unbalanced,wye_series,rlgamma,full_unbalanced,9,9,28.5700343014355,0.00152292972976097,8.69388956049002e-05,1,1,1,adequate_smallest_model
6,Y-RLC-noise,Wye RLC + noise,266,0.537475,wye_rlgamma_full_unbalanced,wye_series,rlgamma,full_unbalanced,9,9,31.383245124372,0.00155450619706639,5.84411490610491e-05,1,1,1,adequate_smallest_model
6,Y-RLC-noise,Wye RLC + noise,267,0.539475,wye_rlgamma_full_unbalanced,wye_series,rlgamma,full_unbalanced,9,9,36.5363049844183,0.00174940389231838,2.53174198706852e-05,1,1,1,adequate_smallest_model
6,Y-RLC-noise,Wye RLC + noise,268,0.541475,wye_rlgamma_full_unbalanced,wye_series,rlgamma,full_unbalanced,9,9,36.471541891003,0.00198621318752671,1.27897326979406e-06,1,1,1,adequate_smallest_model
6,Y-RLC-noise,Wye RLC + noise,269,0.543475,wye_rlgamma_full_unbalanced,wye_series,rlgamma,full_unbalanced,9,9,32.4850755153394,0.00188758426548181,1.70926351631986e-05,1,1,1,adequate_smallest_model
6,Y-RLC-noise,Wye RLC + noise,270,0.545475,wye_rlgamma_full_unbalanced,wye_series,rlgamma,full_unbalanced,9,9,28.564833409466,0.00155543465311714,3.70811935566022e-05,1,1,1,adequate_smallest_model
6,Y-RLC-noise,Wye RLC + noise,271,0.547475,wye_rlgamma_full_unbalanced,wye_series,rlgamma,full_unbalanced,9,9,31.3862297730321,0.00160116630909468,3.64732107970336e-05,1,1,1,adequate_smallest_model
6,Y-RLC-noise,Wye RLC + noise,272,0.549475,wye_rlgamma_full_unbalanced,wye_series,rlgamma,full_unbalanced,9,9,36.5325151866132,0.00163978136535681,2.70712107795629e-05,1,1,1,adequate_smallest_model
6,Y-RLC-noise,Wye RLC + noise,273,0.551475,wye_rlgamma_full_unbalanced,wye_series,rlgamma,full_unbalanced,9,9,36.4697888935377,0.00184742185742828,1.00994457912476e-05,1,1,1,adequate_smallest_model
6,Y-RLC-noise,Wye RLC + noise,274,0.553475,wye_rlgamma_full_unbalanced,wye_series,rlgamma,full_unbalanced,9,9,32.4820066026912,0.00179890525825441,0.000115969257042763,1,1,1,adequate_smallest_model
6,Y-RLC-noise,Wye RLC + noise,275,0.555475,wye_rlgamma_full_unbalanced,wye_series,rlgamma,full_unbalanced,9,9,28.5659975547772,0.00146909557058173,2.59451071277224e-05,1,1,1,adequate_smallest_model
6,Y-RLC-noise,Wye RLC + noise,276,0.557475,wye_rlgamma_full_unbalanced,wye_series,rlgamma,full_unbalanced,9,9,31.3710911418517,0.00146575851700133,8.17127865788483e-07,1,1,1,adequate_smallest_model
6,Y-RLC-noise,Wye RLC + noise,277,0.559475,wye_rlgamma_full_unbalanced,wye_series,rlgamma,full_unbalanced,9,9,36.5195248224938,0.00158345221036954,2.15948341841753e-05,1,1,1,adequate_smallest_model
6,Y-RLC-noise,Wye RLC + noise,278,0.561475,wye_rlgamma_full_unbalanced,wye_series,rlgamma,full_unbalanced,9,9,36.4630666261816,0.00181720102581345,8.66131428254731e-05,1,1,1,adequate_smallest_model
6,Y-RLC-noise,Wye RLC + noise,279,0.563475,wye_rlgamma_full_unbalanced,wye_series,rlgamma,full_unbalanced,9,9,32.4731583221243,0.00177692944266366,2.94830104188462e-05,1,1,1,adequate_smallest_model
6,Y-RLC-noise,Wye RLC + noise,280,0.565475,wye_rlgamma_full_unbalanced,wye_series,rlgamma,full_unbalanced,9,9,28.5564592362285,0.00143924216027654,4.08582528992967e-05,1,1,1,adequate_smallest_model
6,Y-RLC-noise,Wye RLC + noise,281,0.567475,wye_rlgamma_full_unbalanced,wye_series,rlgamma,full_unbalanced,9,9,31.3694624893458,0.0014056380652608,1.13081826001647e-05,1,1,1,adequate_smallest_model
6,Y-RLC-noise,Wye RLC + noise,282,0.569475,wye_rlgamma_full_unbalanced,wye_series,rlgamma,full_unbalanced,9,9,36.5198878463602,0.00154233434839666,3.09956921094139e-05,1,1,1,adequate_smallest_model
6,Y-RLC-noise,Wye RLC + noise,283,0.571475,wye_rlgamma_full_unbalanced,wye_series,rlgamma,full_unbalanced,9,9,36.4556376683182,0.00173350730546461,1.69712904978661e-05,1,1,1,adequate_smallest_model
6,Y-RLC-noise,Wye RLC + noise,284,0.573475,wye_rlgamma_full_unbalanced,wye_series,rlgamma,full_unbalanced,9,9,32.476561242758,0.00170428055903674,9.12435538987685e-05,1,1,1,adequate_smallest_model
6,Y-RLC-noise,Wye RLC + noise,285,0.575475,wye_rlgamma_full_unbalanced,wye_series,rlgamma,full_unbalanced,9,9,28.5573244321644,0.00148331249234028,4.75151785481765e-05,1,1,1,adequate_smallest_model
6,Y-RLC-noise,Wye RLC + noise,286,0.577475,wye_rlgamma_full_unbalanced,wye_series,rlgamma,full_unbalanced,9,9,31.3702774221851,0.00149479476099263,3.60942768584082e-05,1,1,1,adequate_smallest_model
6,Y-RLC-noise,Wye RLC + noise,287,0.579475,wye_rlgamma_full_unbalanced,wye_series,rlgamma,full_unbalanced,9,9,36.5218401564208,0.00161025796856615,1.25750981984303e-05,1,1,1,adequate_smallest_model
6,Y-RLC-noise,Wye RLC + noise,288,0.581475,wye_rlgamma_full_unbalanced,wye_series,rlgamma,full_unbalanced,9,9,36.4566146239453,0.00182473298621862,0.000110056085146704,1,1,1,adequate_smallest_model
6,Y-RLC-noise,Wye RLC + noise,289,0.583475,wye_rlgamma_full_unbalanced,wye_series,rlgamma,full_unbalanced,9,9,32.4656284701891,0.00188103274937808,9.5258887889874e-05,1,1,1,adequate_smallest_model
6,Y-RLC-noise,Wye RLC + noise,290,0.585475,wye_rlgamma_full_unbalanced,wye_series,rlgamma,full_unbalanced,9,9,28.5551358617864,0.00158622813130838,3.20708725315463e-06,1,1,1,adequate_smallest_model
6,Y-RLC-noise,Wye RLC + noise,291,0.587475,wye_rlgamma_full_unbalanced,wye_series,rlgamma,full_unbalanced,9,9,31.3722275169507,0.00158765228687177,3.75088593060334e-05,1,1,1,adequate_smallest_model
6,Y-RLC-noise,Wye RLC + noise,292,0.589475,wye_rlgamma_full_unbalanced,wye_series,rlgamma,full_unbalanced,9,9,36.5294664588374,0.00168148933827436,1.66598035054061e-05,1,1,1,adequate_smallest_model
6,Y-RLC-noise,Wye RLC + noise,293,0.591475,wye_rlgamma_full_unbalanced,wye_series,rlgamma,full_unbalanced,9,9,36.4706993159001,0.00182664034330483,6.60999258262536e-05,1,1,1,adequate_smallest_model
7,D-GLC-extreme,Delta GLC extreme,1,0.007475,delta_glc_full_unbalanced,delta_parallel,glc,full_unbalanced,9,9,29.740141882659,5.85355316099965e-16,7.42858942679599e-06,1,1,1,adequate_smallest_model
7,D-GLC-extreme,Delta GLC extreme,2,0.009475,delta_glc_full_unbalanced,delta_parallel,glc,full_unbalanced,9,9,33.10327784749,6.20001494610409e-16,4.85275455968123e-06,1,1,1,adequate_smallest_model
7,D-GLC-extreme,Delta GLC extreme,3,0.011475,delta_glc_full_unbalanced,delta_parallel,glc,full_unbalanced,9,9,34.5882730736422,7.21602718693569e-16,6.73775109841885e-06,1,1,1,adequate_smallest_model
7,D-GLC-extreme,Delta GLC extreme,4,0.013475,delta_glc_full_unbalanced,delta_parallel,glc,full_unbalanced,9,9,31.8616206836305,7.51029321873105e-16,2.38375940718273e-06,1,1,1,adequate_smallest_model
7,D-GLC-extreme,Delta GLC extreme,5,0.015475,delta_glc_full_unbalanced,delta_parallel,glc,full_unbalanced,9,9,29.6258271202448,1.01806699845247e-15,3.39671416834953e-06,1,1,1,adequate_smallest_model
7,D-GLC-extreme,Delta GLC extreme,6,0.017475,delta_glc_full_unbalanced,delta_parallel,glc,full_unbalanced,9,9,29.740141882659,1.0214745319377e-15,7.42858942637113e-06,1,1,1,adequate_smallest_model
7,D-GLC-extreme,Delta GLC extreme,7,0.019475,delta_glc_full_unbalanced,delta_parallel,glc,full_unbalanced,9,9,33.10327784749,8.23507664889628e-16,4.85275455941729e-06,1,1,1,adequate_smallest_model
7,D-GLC-extreme,Delta GLC extreme,8,0.021475,delta_glc_full_unbalanced,delta_parallel,glc,full_unbalanced,9,9,34.5882730736423,1.04827702008625e-15,6.73775109783229e-06,1,1,1,adequate_smallest_model
7,D-GLC-extreme,Delta GLC extreme,9,0.023475,delta_glc_full_unbalanced,delta_parallel,glc,full_unbalanced,9,9,31.8616206836305,8.76610909176481e-16,2.38375940778845e-06,1,1,1,adequate_smallest_model
7,D-GLC-extreme,Delta GLC extreme,10,0.025475,delta_glc_full_unbalanced,delta_parallel,glc,full_unbalanced,9,9,29.6258271202448,8.5415639336147e-16,3.39671416851697e-06,1,1,1,adequate_smallest_model
7,D-GLC-extreme,Delta GLC extreme,11,0.027475,delta_glc_full_unbalanced,delta_parallel,glc,full_unbalanced,9,9,29.740141882659,8.58944453310419e-16,7.42858942671874e-06,1,1,1,adequate_smallest_model
7,D-GLC-extreme,Delta GLC extreme,12,0.029475,delta_glc_full_unbalanced,delta_parallel,glc,full_unbalanced,9,9,33.10327784749,8.95275799954736e-16,4.85275455949271e-06,1,1,1,adequate_smallest_model
7,D-GLC-extreme,Delta GLC extreme,13,0.031475,delta_glc_full_unbalanced,delta_parallel,glc,full_unbalanced,9,9,34.5882730736422,8.24705739337256e-16,6.73775109837839e-06,1,1,1,adequate_smallest_model
7,D-GLC-extreme,Delta GLC extreme,14,0.033475,delta_glc_full_unbalanced,delta_parallel,glc,full_unbalanced,9,9,31.8616206836305,8.00591111053852e-16,2.38375940751692e-06,1,1,1,adequate_smallest_model
7,D-GLC-extreme,Delta GLC extreme,15,0.035475,delta_glc_full_unbalanced,delta_parallel,glc,full_unbalanced,9,9,29.6258271202449,1.00360235565683e-15,3.39671416845418e-06,1,1,1,adequate_smallest_model
7,D-GLC-extreme,Delta GLC extreme,16,0.037475,delta_glc_full_unbalanced,delta_parallel,glc,full_unbalanced,9,9,29.740141882659,1.07061521223857e-15,7.42858942625526e-06,1,1,1,adequate_smallest_model
7,D-GLC-extreme,Delta GLC extreme,17,0.039475,delta_glc_full_unbalanced,delta_parallel,glc,full_unbalanced,9,9,33.10327784749,8.55171920425823e-16,4.85275455964352e-06,1,1,1,adequate_smallest_model
7,D-GLC-extreme,Delta GLC extreme,18,0.041475,delta_glc_full_unbalanced,delta_parallel,glc,full_unbalanced,9,9,34.5882730736423,9.47579788378978e-16,6.73775109843907e-06,1,1,1,adequate_smallest_model
7,D-GLC-extreme,Delta GLC extreme,19,0.043475,delta_glc_full_unbalanced,delta_parallel,glc,full_unbalanced,9,9,31.8616206836306,9.12568124142533e-16,2.38375940757958e-06,1,1,1,adequate_smallest_model
7,D-GLC-extreme,Delta GLC extreme,20,0.045475,delta_glc_full_unbalanced,delta_parallel,glc,full_unbalanced,9,9,29.625827120245,1.00786154450242e-15,3.39671416839139e-06,1,1,1,adequate_smallest_model
7,D-GLC-extreme,Delta GLC extreme,21,0.047475,delta_glc_full_unbalanced,delta_parallel,glc,full_unbalanced,9,9,29.7401418826591,1.18613695519434e-15,7.42858942627457e-06,1,1,1,adequate_smallest_model
7,D-GLC-extreme,Delta GLC extreme,22,0.049475,delta_glc_full_unbalanced,delta_parallel,glc,full_unbalanced,9,9,33.1032778474901,9.59594891526407e-16,4.85275455947385e-06,1,1,1,adequate_smallest_model
7,D-GLC-extreme,Delta GLC extreme,23,0.051475,delta_glc_full_unbalanced,delta_parallel,glc,full_unbalanced,9,9,34.5882730736423,1.10171490697578e-15,6.7377510989245e-06,1,1,1,adequate_smallest_model
7,D-GLC-extreme,Delta GLC extreme,24,0.053475,delta_glc_full_unbalanced,delta_parallel,glc,full_unbalanced,9,9,31.8616206836306,1.18498887512619e-15,2.38375940772579e-06,1,1,1,adequate_smallest_model
7,D-GLC-extreme,Delta GLC extreme,25,0.055475,delta_glc_full_unbalanced,delta_parallel,glc,full_unbalanced,9,9,29.625827120245,1.213620128381e-15,3.39671416849604e-06,1,1,1,adequate_smallest_model
7,D-GLC-extreme,Delta GLC extreme,26,0.057475,delta_glc_full_unbalanced,delta_parallel,glc,full_unbalanced,9,9,29.7401418826591,1.17194508191078e-15,7.42858942654494e-06,1,1,1,adequate_smallest_model
7,D-GLC-extreme,Delta GLC extreme,27,0.059475,delta_glc_full_unbalanced,delta_parallel,glc,full_unbalanced,9,9,33.1032778474901,1.32909279861936e-15,4.85275455917221e-06,1,1,1,adequate_smallest_model
7,D-GLC-extreme,Delta GLC extreme,28,0.061475,delta_glc_full_unbalanced,delta_parallel,glc,full_unbalanced,9,9,34.5882730736423,1.30780294028953e-15,6.73775109904586e-06,1,1,1,adequate_smallest_model
7,D-GLC-extreme,Delta GLC extreme,29,0.063475,delta_glc_full_unbalanced,delta_parallel,glc,full_unbalanced,9,9,31.8616206836305,1.21157335971012e-15,2.38375940791377e-06,1,1,1,adequate_smallest_model
7,D-GLC-extreme,Delta GLC extreme,30,0.065475,delta_glc_full_unbalanced,delta_parallel,glc,full_unbalanced,9,9,29.6258271202449,1.19041664760899e-15,3.39671416837046e-06,1,1,1,adequate_smallest_model
7,D-GLC-extreme,Delta GLC extreme,31,0.067475,delta_glc_full_unbalanced,delta_parallel,glc,full_unbalanced,9,9,29.740141882659,1.15388150605662e-15,7.42858942673805e-06,1,1,1,adequate_smallest_model
7,D-GLC-extreme,Delta GLC extreme,32,0.069475,delta_glc_full_unbalanced,delta_parallel,glc,full_unbalanced,9,9,33.10327784749,1.23043818967825e-15,4.85275455937959e-06,1,1,1,adequate_smallest_model
7,D-GLC-extreme,Delta GLC extreme,33,0.071475,delta_glc_full_unbalanced,delta_parallel,glc,full_unbalanced,9,9,34.5882730736423,1.12703164086192e-15,6.73775109890427e-06,1,1,1,adequate_smallest_model
7,D-GLC-extreme,Delta GLC extreme,34,0.073475,delta_glc_full_unbalanced,delta_parallel,glc,full_unbalanced,9,9,31.8616206836306,1.24731033203032e-15,2.38375940805998e-06,1,1,1,adequate_smallest_model
7,D-GLC-extreme,Delta GLC extreme,35,0.075475,delta_glc_full_unbalanced,delta_parallel,glc,full_unbalanced,9,9,29.625827120245,1.426826671269e-15,3.39671416814024e-06,1,1,1,adequate_smallest_model
7,D-GLC-extreme,Delta GLC extreme,36,0.077475,delta_glc_full_unbalanced,delta_parallel,glc,full_unbalanced,9,9,29.740141882659,1.18556793457772e-15,7.42858942639045e-06,1,1,1,adequate_smallest_model
7,D-GLC-extreme,Delta GLC extreme,37,0.079475,delta_glc_full_unbalanced,delta_parallel,glc,full_unbalanced,9,9,33.10327784749,1.25023277511745e-15,4.85275455954926e-06,1,1,1,adequate_smallest_model
7,D-GLC-extreme,Delta GLC extreme,38,0.081475,delta_glc_full_unbalanced,delta_parallel,glc,full_unbalanced,9,9,34.5882730736423,1.16352435238868e-15,6.73775109856043e-06,1,1,1,adequate_smallest_model
7,D-GLC-extreme,Delta GLC extreme,39,0.083475,delta_glc_full_unbalanced,delta_parallel,glc,full_unbalanced,9,9,31.8616206836306,1.20483489747663e-15,2.38375940747515e-06,1,1,1,adequate_smallest_model
7,D-GLC-extreme,Delta GLC extreme,40,0.085475,delta_glc_full_unbalanced,delta_parallel,glc,full_unbalanced,9,9,29.6258271202449,1.34886128325906e-15,3.39671416918671e-06,1,1,1,adequate_smallest_model
7,D-GLC-extreme,Delta GLC extreme,41,0.087475,delta_glc_full_unbalanced,delta_parallel,glc,full_unbalanced,9,9,29.7401418826591,1.23317345669569e-15,7.42858942602352e-06,1,1,1,adequate_smallest_model
7,D-GLC-extreme,Delta GLC extreme,42,0.089475,delta_glc_full_unbalanced,delta_parallel,glc,full_unbalanced,9,9,33.1032778474901,1.08189711887136e-15,4.85275455962467e-06,1,1,1,adequate_smallest_model
7,D-GLC-extreme,Delta GLC extreme,43,0.091475,delta_glc_full_unbalanced,delta_parallel,glc,full_unbalanced,9,9,34.5882730736424,1.18707113508364e-15,6.73775109847953e-06,1,1,1,adequate_smallest_model
7,D-GLC-extreme,Delta GLC extreme,44,0.093475,delta_glc_full_unbalanced,delta_parallel,glc,full_unbalanced,9,9,31.8616206836306,1.23046133370669e-15,2.38375940774667e-06,1,1,1,adequate_smallest_model
7,D-GLC-extreme,Delta GLC extreme,45,0.095475,delta_glc_full_unbalanced,delta_parallel,glc,full_unbalanced,9,9,29.625827120245,1.33700254246961e-15,3.39671416830767e-06,1,1,1,adequate_smallest_model
7,D-GLC-extreme,Delta GLC extreme,46,0.097475,delta_glc_full_unbalanced,delta_parallel,glc,full_unbalanced,9,9,29.7401418826591,1.54584395200381e-15,7.42858942590765e-06,1,1,1,adequate_smallest_model
7,D-GLC-extreme,Delta GLC extreme,47,0.099475,delta_glc_full_unbalanced,delta_parallel,glc,full_unbalanced,9,9,33.1032778474901,1.20788190450161e-15,4.8527545594927e-06,1,1,1,adequate_smallest_model
7,D-GLC-extreme,Delta GLC extreme,48,0.101475,delta_glc_full_unbalanced,delta_parallel,glc,full_unbalanced,9,9,34.5882730736423,1.32675654115254e-15,6.73775109837839e-06,1,1,1,adequate_smallest_model
7,D-GLC-extreme,Delta GLC extreme,49,0.103475,delta_glc_full_unbalanced,delta_parallel,glc,full_unbalanced,9,9,31.8616206836306,8.82053276307994e-16,2.38375940764224e-06,1,1,1,adequate_smallest_model
7,D-GLC-extreme,Delta GLC extreme,50,0.105475,delta_glc_full_unbalanced,delta_parallel,glc,full_unbalanced,9,9,29.6258271202449,1.39945775619018e-15,3.39671416797281e-06,1,1,1,adequate_smallest_model
7,D-GLC-extreme,Delta GLC extreme,51,0.107475,delta_glc_full_unbalanced,delta_parallel,glc,full_unbalanced,9,9,29.7401418826591,9.59781037767795e-16,7.42858942635183e-06,1,1,1,adequate_smallest_model
7,D-GLC-extreme,Delta GLC extreme,52,0.109475,delta_glc_full_unbalanced,delta_parallel,glc,full_unbalanced,9,9,33.1032778474901,1.17261134279273e-15,4.85275455998287e-06,1,1,1,adequate_smallest_model
7,D-GLC-extreme,Delta GLC extreme,53,0.111475,delta_glc_full_unbalanced,delta_parallel,glc,full_unbalanced,9,9,34.5882730736423,1.15522166964983e-15,6.73775109878292e-06,1,1,1,adequate_smallest_model
7,D-GLC-extreme,Delta GLC extreme,54,0.113475,delta_glc_full_unbalanced,delta_parallel,glc,full_unbalanced,9,9,31.8616206836305,1.30748876568718e-15,2.38375940714096e-06,1,1,1,adequate_smallest_model
7,D-GLC-extreme,Delta GLC extreme,55,0.115475,delta_glc_full_unbalanced,delta_parallel,glc,full_unbalanced,9,9,29.6258271202449,1.50915962952409e-15,3.39671416864254e-06,1,1,1,adequate_smallest_model
7,D-GLC-extreme,Delta GLC extreme,56,0.117475,delta_glc_full_unbalanced,delta_parallel,glc,full_unbalanced,9,9,29.740141882659,1.52894075169804e-15,7.42858942652563e-06,1,1,1,adequate_smallest_model
7,D-GLC-extreme,Delta GLC extreme,57,0.119475,delta_glc_full_unbalanced,delta_parallel,glc,full_unbalanced,9,9,33.10327784749,1.59112506005737e-15,4.85275455973779e-06,1,1,1,adequate_smallest_model
7,D-GLC-extreme,Delta GLC extreme,58,0.121475,delta_glc_full_unbalanced,delta_parallel,glc,full_unbalanced,9,9,34.5882730736423,1.42004796137399e-15,6.73775109886383e-06,1,1,1,adequate_smallest_model
7,D-GLC-extreme,Delta GLC extreme,59,0.123475,delta_glc_full_unbalanced,delta_parallel,glc,full_unbalanced,9,9,31.8616206836305,9.70163060154747e-16,2.38375940774668e-06,1,1,1,adequate_smallest_model
7,D-GLC-extreme,Delta GLC extreme,60,0.125475,delta_glc_full_unbalanced,delta_parallel,glc,full_unbalanced,9,9,29.6258271202448,7.65765367453333e-16,3.39671416897741e-06,1,1,1,adequate_smallest_model
7,D-GLC-extreme,Delta GLC extreme,61,0.127475,delta_glc_full_unbalanced,delta_parallel,glc,full_unbalanced,9,9,29.740141882659,1.00204619272747e-15,7.42858942594629e-06,1,1,1,adequate_smallest_model
7,D-GLC-extreme,Delta GLC extreme,62,0.129475,delta_glc_full_unbalanced,delta_parallel,glc,full_unbalanced,9,9,33.10327784749,9.15928632748636e-16,4.85275455920992e-06,1,1,1,adequate_smallest_model
7,D-GLC-extreme,Delta GLC extreme,63,0.131475,delta_glc_full_unbalanced,delta_parallel,glc,full_unbalanced,9,9,34.5882730736422,9.84039306547502e-16,6.73775109872225e-06,1,1,1,adequate_smallest_model
7,D-GLC-extreme,Delta GLC extreme,64,0.133475,delta_glc_full_unbalanced,delta_parallel,glc,full_unbalanced,9,9,31.8616206836305,9.04388100739861e-16,2.38375940722451e-06,1,1,1,adequate_smallest_model
7,D-GLC-extreme,Delta GLC extreme,65,0.135475,delta_glc_full_unbalanced,delta_parallel,glc,full_unbalanced,9,9,29.6258271202448,1.00448406851413e-15,3.39671416870534e-06,1,1,1,adequate_smallest_model
7,D-GLC-extreme,Delta GLC extreme,66,0.137475,delta_glc_full_unbalanced,delta_parallel,glc,full_unbalanced,9,9,29.740141882659,1.1765149393902e-15,7.42858942600422e-06,1,1,1,adequate_smallest_model
7,D-GLC-extreme,Delta GLC extreme,67,0.139475,delta_glc_full_unbalanced,delta_parallel,glc,full_unbalanced,9,9,33.10327784749,8.67824073340381e-16,4.85275455977549e-06,1,1,1,adequate_smallest_model
7,D-GLC-extreme,Delta GLC extreme,68,0.141475,delta_glc_full_unbalanced,delta_parallel,glc,full_unbalanced,9,9,34.5882730736423,8.31278168676081e-16,6.73775109912678e-06,1,1,1,adequate_smallest_model
7,D-GLC-extreme,Delta GLC extreme,69,0.143475,delta_glc_full_unbalanced,delta_parallel,glc,full_unbalanced,9,9,31.8616206836305,8.61467133239268e-16,2.38375940768402e-06,1,1,1,adequate_smallest_model
7,D-GLC-extreme,Delta GLC extreme,70,0.145475,delta_glc_full_unbalanced,delta_parallel,glc,full_unbalanced,9,9,29.6258271202448,1.07050799374812e-15,3.39671416950065e-06,1,1,1,adequate_smallest_model
7,D-GLC-extreme,Delta GLC extreme,71,0.147475,delta_glc_full_unbalanced,delta_parallel,glc,full_unbalanced,9,9,29.740141882659,1.06884299253376e-15,7.42858942602353e-06,1,1,1,adequate_smallest_model
7,D-GLC-extreme,Delta GLC extreme,72,0.149475,delta_glc_full_unbalanced,delta_parallel,glc,full_unbalanced,9,9,33.10327784749,7.99281249063745e-16,4.85275455941729e-06,1,1,1,adequate_smallest_model
7,D-GLC-extreme,Delta GLC extreme,73,0.151475,delta_glc_full_unbalanced,delta_parallel,glc,full_unbalanced,9,9,34.5882730736422,8.3693906060881e-16,6.7377510985402e-06,1,1,1,adequate_smallest_model
7,D-GLC-extreme,Delta GLC extreme,74,0.153475,delta_glc_full_unbalanced,delta_parallel,glc,full_unbalanced,9,9,31.8616206836305,9.18380008127575e-16,2.38375940856126e-06,1,1,1,adequate_smallest_model
7,D-GLC-extreme,Delta GLC extreme,75,0.155475,delta_glc_full_unbalanced,delta_parallel,glc,full_unbalanced,9,9,29.6258271202448,1.58761131005148e-15,3.39671416855882e-06,1,1,1,adequate_smallest_model
7,D-GLC-extreme,Delta GLC extreme,76,0.157475,delta_glc_full_unbalanced,delta_parallel,glc,full_unbalanced,9,9,29.740141882659,2.45214761740425e-15,7.42858942565659e-06,1,1,1,adequate_smallest_model
7,D-GLC-extreme,Delta GLC extreme,77,0.159475,delta_glc_full_unbalanced,delta_parallel,glc,full_unbalanced,9,9,33.10327784749,2.25714004167086e-15,4.85275455949271e-06,1,1,1,adequate_smallest_model
7,D-GLC-extreme,Delta GLC extreme,78,0.161475,delta_glc_full_unbalanced,delta_parallel,glc,full_unbalanced,9,9,34.5882730736422,2.58742051060817e-15,6.73775109904586e-06,1,1,1,adequate_smallest_model
7,D-GLC-extreme,Delta GLC extreme,79,0.163475,delta_glc_full_unbalanced,delta_parallel,glc,full_unbalanced,9,9,31.8616206836304,2.49484680513438e-15,2.38375940764224e-06,1,1,1,adequate_smallest_model
7,D-GLC-extreme,Delta GLC extreme,80,0.165475,delta_glc_full_unbalanced,delta_parallel,glc,full_unbalanced,9,9,29.6258271202447,2.9504887896844e-15,3.39671416891463e-06,1,1,1,adequate_smallest_model
7,D-GLC-extreme,Delta GLC extreme,81,0.167475,delta_glc_full_unbalanced,delta_parallel,glc,full_unbalanced,9,9,29.7401418826588,2.78570415139445e-15,7.42858942720154e-06,1,1,1,adequate_smallest_model
7,D-GLC-extreme,Delta GLC extreme,82,0.169475,delta_glc_full_unbalanced,delta_parallel,glc,full_unbalanced,9,9,33.1032778474898,2.00076062598548e-15,4.85275455934188e-06,1,1,1,adequate_smallest_model
7,D-GLC-extreme,Delta GLC extreme,83,0.171475,delta_glc_full_unbalanced,delta_parallel,glc,full_unbalanced,9,9,34.5882730736419,9.1459696594657e-16,6.73775109920768e-06,1,1,1,adequate_smallest_model
7,D-GLC-extreme,Delta GLC extreme,84,0.173475,delta_glc_full_unbalanced,delta_parallel,glc,full_unbalanced,9,9,31.8616206836302,9.44991911671695e-16,2.38375940799732e-06,1,1,1,adequate_smallest_model
7,D-GLC-extreme,Delta GLC extreme,85,0.175475,delta_glc_full_unbalanced,delta_parallel,glc,full_unbalanced,9,9,29.6258271202446,9.47153921880226e-16,3.39671416841232e-06,1,1,1,adequate_smallest_model
7,D-GLC-extreme,Delta GLC extreme,86,0.177475,delta_glc_full_unbalanced,delta_parallel,glc,full_unbalanced,9,9,29.7401418826587,7.79478177715886e-16,7.42858942677668e-06,1,1,1,adequate_smallest_model
7,D-GLC-extreme,Delta GLC extreme,87,0.179475,delta_glc_full_unbalanced,delta_parallel,glc,full_unbalanced,9,9,33.1032778474897,8.00542215636871e-16,4.85275455911565e-06,1,1,1,adequate_smallest_model
7,D-GLC-extreme,Delta GLC extreme,88,0.181475,delta_glc_full_unbalanced,delta_parallel,glc,full_unbalanced,9,9,34.5882730736419,1.12323195971332e-15,6.73775109898517e-06,1,1,1,adequate_smallest_model
7,D-GLC-extreme,Delta GLC extreme,89,0.183475,delta_glc_full_unbalanced,delta_parallel,glc,full_unbalanced,9,9,31.8616206836302,1.01456508998727e-15,2.3837594077049e-06,1,1,1,adequate_smallest_model
7,D-GLC-extreme,Delta GLC extreme,90,0.185475,delta_glc_full_unbalanced,delta_parallel,glc,full_unbalanced,9,9,29.6258271202446,9.63643516272424e-16,3.39671416872626e-06,1,1,1,adequate_smallest_model
7,D-GLC-extreme,Delta GLC extreme,91,0.187475,delta_glc_full_unbalanced,delta_parallel,glc,full_unbalanced,9,9,29.7401418826587,7.86352649418366e-16,7.4285894268153e-06,1,1,1,adequate_smallest_model
7,D-GLC-extreme,Delta GLC extreme,92,0.189475,delta_glc_full_unbalanced,delta_parallel,glc,full_unbalanced,9,9,33.1032778474898,8.84229369830622e-16,4.85275455943615e-06,1,1,1,adequate_smallest_model
7,D-GLC-extreme,Delta GLC extreme,93,0.191475,delta_glc_full_unbalanced,delta_parallel,glc,full_unbalanced,9,9,34.5882730736419,1.03379438485763e-15,6.7377510984593e-06,1,1,1,adequate_smallest_model
7,D-GLC-extreme,Delta GLC extreme,94,0.193475,delta_glc_full_unbalanced,delta_parallel,glc,full_unbalanced,9,9,31.8616206836301,1.18438129374719e-15,2.3837594075587e-06,1,1,1,adequate_smallest_model
7,D-GLC-extreme,Delta GLC extreme,95,0.195475,delta_glc_full_unbalanced,delta_parallel,glc,full_unbalanced,9,9,29.6258271202446,1.63494464440556e-15,3.39671416805652e-06,1,1,1,adequate_smallest_model
7,D-GLC-extreme,Delta GLC extreme,96,0.197475,delta_glc_full_unbalanced,delta_parallel,glc,full_unbalanced,9,9,29.7401418826587,1.43895019124049e-15,7.42858942596559e-06,1,1,1,adequate_smallest_model
7,D-GLC-extreme,Delta GLC extreme,97,0.199475,delta_glc_full_unbalanced,delta_parallel,glc,full_unbalanced,9,9,33.1032778474897,1.27918549922614e-15,4.85275456017139e-06,1,1,1,adequate_smallest_model
7,D-GLC-extreme,Delta GLC extreme,98,0.201475,delta_glc_full_unbalanced,delta_parallel,glc,full_unbalanced,9,9,34.5882730736419,1.31460890199435e-15,6.73775109868179e-06,1,1,1,adequate_smallest_model
7,D-GLC-extreme,Delta GLC extreme,99,0.203475,delta_glc_full_unbalanced,delta_parallel,glc,full_unbalanced,9,9,31.8616206836301,1.85456261044486e-15,2.38375940757958e-06,1,1,1,adequate_smallest_model
7,D-GLC-extreme,Delta GLC extreme,100,0.205475,delta_glc_full_unbalanced,delta_parallel,glc,full_unbalanced,9,9,29.6258271202443,2.14891985674786e-15,3.39671416933322e-06,1,1,1,adequate_smallest_model
7,D-GLC-extreme,Delta GLC extreme,101,0.207475,delta_glc_full_unbalanced,delta_parallel,glc,full_unbalanced,9,9,29.7401418826585,1.98023317231282e-15,7.42858942720156e-06,1,1,1,adequate_smallest_model
7,D-GLC-extreme,Delta GLC extreme,102,0.209475,delta_glc_full_unbalanced,delta_parallel,glc,full_unbalanced,9,9,33.1032778474895,2.67485874453012e-15,4.85275455900256e-06,1,1,1,adequate_smallest_model
7,D-GLC-extreme,Delta GLC extreme,103,0.211475,delta_glc_full_unbalanced,delta_parallel,glc,full_unbalanced,9,9,34.5882730736416,3.88905174605819e-15,6.73775109819636e-06,1,1,1,adequate_smallest_model
7,D-GLC-extreme,Delta GLC extreme,104,0.213475,delta_glc_full_unbalanced,delta_parallel,glc,full_unbalanced,9,9,31.86162068363,2.55835325089266e-15,2.38375940816441e-06,1,1,1,adequate_smallest_model
7,D-GLC-extreme,Delta GLC extreme,105,0.215475,delta_glc_full_unbalanced,delta_parallel,glc,full_unbalanced,9,9,29.6258271202443,2.28667216349144e-15,3.39671416780537e-06,1,1,1,adequate_smallest_model
7,D-GLC-extreme,Delta GLC extreme,106,0.217475,delta_glc_full_unbalanced,delta_parallel,glc,full_unbalanced,9,9,29.7401418826585,1.72789933871948e-15,7.42858942691189e-06,1,1,1,adequate_smallest_model
7,D-GLC-extreme,Delta GLC extreme,107,0.219475,delta_glc_full_unbalanced,delta_parallel,glc,full_unbalanced,9,9,33.1032778474896,9.23969138540888e-16,4.85275455924764e-06,1,1,1,adequate_smallest_model
7,D-GLC-extreme,Delta GLC extreme,108,0.221475,delta_glc_full_unbalanced,delta_parallel,glc,full_unbalanced,9,9,34.5882730736418,8.78959688441846e-16,6.73775109835819e-06,1,1,1,adequate_smallest_model
7,D-GLC-extreme,Delta GLC extreme,109,0.223475,delta_glc_full_unbalanced,delta_parallel,glc,full_unbalanced,9,9,31.8616206836301,7.29239708472711e-16,2.38375940795555e-06,1,1,1,adequate_smallest_model
7,D-GLC-extreme,Delta GLC extreme,110,0.225475,delta_glc_full_unbalanced,delta_parallel,glc,full_unbalanced,9,9,29.6258271202446,1.78692259153534e-15,3.39671416830769e-06,1,1,1,adequate_smallest_model
7,D-GLC-extreme,Delta GLC extreme,111,0.227475,delta_glc_full_unbalanced,delta_parallel,glc,full_unbalanced,9,9,29.7401418826587,2.47523893176058e-15,7.42858942612013e-06,1,1,1,adequate_smallest_model
7,D-GLC-extreme,Delta GLC extreme,112,0.229475,delta_glc_full_unbalanced,delta_parallel,glc,full_unbalanced,9,9,33.1032778474897,2.69921194920747e-15,4.85275456022798e-06,1,1,1,adequate_smallest_model
7,D-GLC-extreme,Delta GLC extreme,113,0.231475,delta_glc_full_unbalanced,delta_parallel,glc,full_unbalanced,9,9,34.5882730736417,3.38527922585688e-15,6.73775109860092e-06,1,1,1,adequate_smallest_model
7,D-GLC-extreme,Delta GLC extreme,114,0.233475,delta_glc_full_unbalanced,delta_parallel,glc,full_unbalanced,9,9,31.8616206836301,4.03571072936211e-15,2.383759407872e-06,1,1,1,adequate_smallest_model
7,D-GLC-extreme,Delta GLC extreme,115,0.235475,delta_glc_full_unbalanced,delta_parallel,glc,full_unbalanced,9,9,29.6258271202445,4.32605302946416e-15,3.39671416830769e-06,1,1,1,adequate_smallest_model
7,D-GLC-extreme,Delta GLC extreme,116,0.237475,delta_glc_full_unbalanced,delta_parallel,glc,full_unbalanced,9,9,29.7401418826587,4.38782624828411e-15,7.4285894260815e-06,1,1,1,adequate_smallest_model
7,D-GLC-extreme,Delta GLC extreme,117,0.239475,delta_glc_full_unbalanced,delta_parallel,glc,full_unbalanced,9,9,33.1032778474896,4.37925624341694e-15,4.85275455964356e-06,1,1,1,adequate_smallest_model
7,D-GLC-extreme,Delta GLC extreme,118,0.241475,delta_glc_full_unbalanced,delta_parallel,glc,full_unbalanced,9,9,34.5882730736419,4.77103455620929e-15,6.73775109807503e-06,1,1,1,adequate_smallest_model
7,D-GLC-extreme,Delta GLC extreme,119,0.243475,delta_glc_full_unbalanced,delta_parallel,glc,full_unbalanced,9,9,31.8616206836301,4.83623351881065e-15,2.38375940672323e-06,1,1,1,adequate_smallest_model
7,D-GLC-extreme,Delta GLC extreme,120,0.245475,delta_glc_full_unbalanced,delta_parallel,glc,full_unbalanced,9,9,29.6258271202445,4.63106664672395e-15,3.39671416989832e-06,1,1,1,adequate_smallest_model
7,D-GLC-extreme,Delta GLC extreme,121,0.247475,delta_glc_full_unbalanced,delta_parallel,glc,full_unbalanced,9,9,29.7401418826587,4.36599512254591e-15,7.4285894267574e-06,1,1,1,adequate_smallest_model
7,D-GLC-extreme,Delta GLC extreme,122,0.249475,delta_glc_full_unbalanced,delta_parallel,glc,full_unbalanced,9,9,33.1032778474897,4.40080044402471e-15,4.85275455875748e-06,1,1,1,adequate_smallest_model
7,D-GLC-extreme,Delta GLC extreme,123,0.251475,delta_glc_full_unbalanced,delta_parallel,glc,full_unbalanced,9,9,34.5882730736418,4.87245535167596e-15,6.73775109870203e-06,1,1,1,adequate_smallest_model
7,D-GLC-extreme,Delta GLC extreme,124,0.253475,delta_glc_full_unbalanced,delta_parallel,glc,full_unbalanced,9,9,31.8616206836301,4.97743043746439e-15,2.38375940808087e-06,1,1,1,adequate_smallest_model
7,D-GLC-extreme,Delta GLC extreme,125,0.255475,delta_glc_full_unbalanced,delta_parallel,glc,full_unbalanced,9,9,29.6258271202445,4.73577563953624e-15,3.39671416899835e-06,1,1,1,adequate_smallest_model
7,D-GLC-extreme,Delta GLC extreme,126,0.257475,delta_glc_full_unbalanced,delta_parallel,glc,full_unbalanced,9,9,29.7401418826586,4.4151584896562e-15,7.42858942712432e-06,1,1,1,adequate_smallest_model
7,D-GLC-extreme,Delta GLC extreme,127,0.259475,delta_glc_full_unbalanced,delta_parallel,glc,full_unbalanced,9,9,33.1032778474897,4.23915818891505e-15,4.85275455915338e-06,1,1,1,adequate_smallest_model
7,D-GLC-extreme,Delta GLC extreme,128,0.261475,delta_glc_full_unbalanced,delta_parallel,glc,full_unbalanced,9,9,34.5882730736418,4.76269140229533e-15,6.7377510986009e-06,1,1,1,adequate_smallest_model
7,D-GLC-extreme,Delta GLC extreme,129,0.263475,delta_glc_full_unbalanced,delta_parallel,glc,full_unbalanced,9,9,31.8616206836301,4.77563673872802e-15,2.3837594081853e-06,1,1,1,adequate_smallest_model
7,D-GLC-extreme,Delta GLC extreme,130,0.265475,delta_glc_full_unbalanced,delta_parallel,glc,full_unbalanced,9,9,29.6258271202445,4.91648020570123e-15,3.39671416820303e-06,1,1,1,adequate_smallest_model
7,D-GLC-extreme,Delta GLC extreme,131,0.267475,delta_glc_full_unbalanced,delta_parallel,glc,full_unbalanced,9,9,29.7401418826586,4.32732006994131e-15,7.42858942648703e-06,1,1,1,adequate_smallest_model
7,D-GLC-extreme,Delta GLC extreme,132,0.269475,delta_glc_full_unbalanced,delta_parallel,glc,full_unbalanced,9,9,33.1032778474896,4.40833625976764e-15,4.85275455998291e-06,1,1,1,adequate_smallest_model
7,D-GLC-extreme,Delta GLC extreme,133,0.271475,delta_glc_full_unbalanced,delta_parallel,glc,full_unbalanced,9,9,34.5882730736417,4.81464294164827e-15,6.73775109849979e-06,1,1,1,adequate_smallest_model
7,D-GLC-extreme,Delta GLC extreme,134,0.273475,delta_glc_full_unbalanced,delta_parallel,glc,full_unbalanced,9,9,31.8616206836301,4.73084151041374e-15,2.38375940845684e-06,1,1,1,adequate_smallest_model
7,D-GLC-extreme,Delta GLC extreme,135,0.275475,delta_glc_full_unbalanced,delta_parallel,glc,full_unbalanced,9,9,29.6258271202445,4.87641257914646e-15,3.39671416791004e-06,1,1,1,adequate_smallest_model
7,D-GLC-extreme,Delta GLC extreme,136,0.277475,delta_glc_full_unbalanced,delta_parallel,glc,full_unbalanced,9,9,29.7401418826586,4.56797954476892e-15,7.42858942685399e-06,1,1,1,adequate_smallest_model
7,D-GLC-extreme,Delta GLC extreme,137,0.279475,delta_glc_full_unbalanced,delta_parallel,glc,full_unbalanced,9,9,33.1032778474897,4.33417647252307e-15,4.85275455971897e-06,1,1,1,adequate_smallest_model
7,D-GLC-extreme,Delta GLC extreme,138,0.281475,delta_glc_full_unbalanced,delta_parallel,glc,full_unbalanced,9,9,34.5882730736417,4.8972162237513e-15,6.73775109752893e-06,1,1,1,adequate_smallest_model
7,D-GLC-extreme,Delta GLC extreme,139,0.283475,delta_glc_full_unbalanced,delta_parallel,glc,full_unbalanced,9,9,31.8616206836301,4.98269814497955e-15,2.38375940668146e-06,1,1,1,adequate_smallest_model
7,D-GLC-extreme,Delta GLC extreme,140,0.285475,delta_glc_full_unbalanced,delta_parallel,glc,full_unbalanced,9,9,29.6258271202445,5.07481058016875e-15,3.39671416799376e-06,1,1,1,adequate_smallest_model
7,D-GLC-extreme,Delta GLC extreme,141,0.287475,delta_glc_full_unbalanced,delta_parallel,glc,full_unbalanced,9,9,29.7401418826587,4.57328201866557e-15,7.42858942642913e-06,1,1,1,adequate_smallest_model
7,D-GLC-extreme,Delta GLC extreme,142,0.289475,delta_glc_full_unbalanced,delta_parallel,glc,full_unbalanced,9,9,33.1032778474896,4.38786630281947e-15,4.85275455924765e-06,1,1,1,adequate_smallest_model
7,D-GLC-extreme,Delta GLC extreme,143,0.291475,delta_glc_full_unbalanced,delta_parallel,glc,full_unbalanced,9,9,34.5882730736418,4.90439206112679e-15,6.73775109785252e-06,1,1,1,adequate_smallest_model
7,D-GLC-extreme,Delta GLC extreme,144,0.293475,delta_glc_full_unbalanced,delta_parallel,glc,full_unbalanced,9,9,31.8616206836301,4.80380585253542e-15,2.38375940730806e-06,1,1,1,adequate_smallest_model
7,D-GLC-extreme,Delta GLC extreme,145,0.295475,delta_glc_full_unbalanced,delta_parallel,glc,full_unbalanced,9,9,29.6258271202445,4.92777057239394e-15,3.39671416855884e-06,1,1,1,adequate_smallest_model
7,D-GLC-extreme,Delta GLC extreme,146,0.297475,delta_glc_full_unbalanced,delta_parallel,glc,full_unbalanced,9,9,29.7401418826587,4.54038010435291e-15,7.4285894264291e-06,1,1,1,adequate_smallest_model
7,D-GLC-extreme,Delta GLC extreme,147,0.299475,delta_glc_full_unbalanced,delta_parallel,glc,full_unbalanced,9,9,33.1032778474897,4.36356588348311e-15,4.85275455964355e-06,1,1,1,adequate_smallest_model
7,D-GLC-extreme,Delta GLC extreme,148,0.301475,delta_glc_full_unbalanced,delta_parallel,glc,full_unbalanced,9,9,34.5882730736417,5.01403185434329e-15,6.73775109801433e-06,1,1,1,adequate_smallest_model
7,D-GLC-extreme,Delta GLC extreme,149,0.303475,delta_glc_full_unbalanced,delta_parallel,glc,full_unbalanced,9,9,31.86162068363,4.96841142007106e-15,2.38375940805998e-06,1,1,1,adequate_smallest_model
7,D-GLC-extreme,Delta GLC extreme,150,0.305475,delta_glc_full_unbalanced,delta_parallel,glc,full_unbalanced,9,9,29.6258271202445,4.75337904649169e-15,3.39671416899835e-06,1,1,1,adequate_smallest_model
7,D-GLC-extreme,Delta GLC extreme,151,0.307475,delta_glc_full_unbalanced,delta_parallel,glc,full_unbalanced,9,9,29.7401418826587,4.34349948972909e-15,7.42858942677671e-06,1,1,1,adequate_smallest_model
7,D-GLC-extreme,Delta GLC extreme,152,0.309475,delta_glc_full_unbalanced,delta_parallel,glc,full_unbalanced,9,9,33.1032778474896,4.31615802027471e-15,4.85275455920994e-06,1,1,1,adequate_smallest_model
7,D-GLC-extreme,Delta GLC extreme,153,0.311475,delta_glc_full_unbalanced,delta_parallel,glc,full_unbalanced,9,9,34.5882730736418,5.00248525373803e-15,6.73775109833795e-06,1,1,1,adequate_smallest_model
7,D-GLC-extreme,Delta GLC extreme,154,0.313475,delta_glc_full_unbalanced,delta_parallel,glc,full_unbalanced,9,9,31.8616206836301,4.56989984596133e-15,2.38375940730806e-06,1,1,1,adequate_smallest_model
7,D-GLC-extreme,Delta GLC extreme,155,0.315475,delta_glc_full_unbalanced,delta_parallel,glc,full_unbalanced,9,9,29.6258271202445,4.6836334812867e-15,3.39671416914486e-06,1,1,1,adequate_smallest_model
7,D-GLC-extreme,Delta GLC extreme,156,0.317475,delta_glc_full_unbalanced,delta_parallel,glc,full_unbalanced,9,9,29.7401418826587,4.44912919993472e-15,7.42858942629392e-06,1,1,1,adequate_smallest_model
7,D-GLC-extreme,Delta GLC extreme,157,0.319475,delta_glc_full_unbalanced,delta_parallel,glc,full_unbalanced,9,9,33.1032778474897,5.14041918921085e-15,4.85275455924764e-06,1,1,1,adequate_smallest_model
7,D-GLC-extreme,Delta GLC extreme,158,0.321475,delta_glc_full_unbalanced,delta_parallel,glc,full_unbalanced,9,9,34.5882730736418,6.01665327255614e-15,6.73775109882338e-06,1,1,1,adequate_smallest_model
7,D-GLC-extreme,Delta GLC extreme,159,0.323475,delta_glc_full_unbalanced,delta_parallel,glc,full_unbalanced,9,9,31.8616206836301,6.87063836635148e-15,2.38375940757959e-06,1,1,1,adequate_smallest_model
7,D-GLC-extreme,Delta GLC extreme,160,0.325475,delta_glc_full_unbalanced,delta_parallel,glc,full_unbalanced,9,9,29.6258271202445,7.99487515767295e-15,3.39671416914485e-06,1,1,1,adequate_smallest_model
7,D-GLC-extreme,Delta GLC extreme,161,0.327475,delta_glc_full_unbalanced,delta_parallel,glc,full_unbalanced,9,9,29.7401418826587,7.42669250132202e-15,7.42858942584975e-06,1,1,1,adequate_smallest_model
7,D-GLC-extreme,Delta GLC extreme,162,0.329475,delta_glc_full_unbalanced,delta_parallel,glc,full_unbalanced,9,9,33.1032778474897,7.79716674475888e-15,4.85275455951158e-06,1,1,1,adequate_smallest_model
7,D-GLC-extreme,Delta GLC extreme,163,0.331475,delta_glc_full_unbalanced,delta_parallel,glc,full_unbalanced,9,9,34.5882730736418,7.61602238964766e-15,6.73775109825708e-06,1,1,1,adequate_smallest_model
7,D-GLC-extreme,Delta GLC extreme,164,0.333475,delta_glc_full_unbalanced,delta_parallel,glc,full_unbalanced,9,9,31.8616206836301,5.99101034578926e-15,2.38375940745428e-06,1,1,1,adequate_smallest_model
7,D-GLC-extreme,Delta GLC extreme,165,0.335475,delta_glc_full_unbalanced,delta_parallel,glc,full_unbalanced,9,9,29.6258271202445,5.90861087083169e-15,3.39671416985648e-06,1,1,1,adequate_smallest_model
7,D-GLC-extreme,Delta GLC extreme,166,0.337475,delta_glc_full_unbalanced,delta_parallel,glc,full_unbalanced,9,9,29.7401418826587,5.69375530762631e-15,7.42858942579186e-06,1,1,1,adequate_smallest_model
7,D-GLC-extreme,Delta GLC extreme,167,0.339475,delta_glc_full_unbalanced,delta_parallel,glc,full_unbalanced,9,9,33.1032778474897,6.13561203358775e-15,4.85275455917226e-06,1,1,1,adequate_smallest_model
7,D-GLC-extreme,Delta GLC extreme,168,0.341475,delta_glc_full_unbalanced,delta_parallel,glc,full_unbalanced,9,9,34.5882730736418,6.10376440953255e-15,6.73775109835822e-06,1,1,1,adequate_smallest_model
7,D-GLC-extreme,Delta GLC extreme,169,0.343475,delta_glc_full_unbalanced,delta_parallel,glc,full_unbalanced,9,9,31.8616206836301,6.07188893132396e-15,2.38375940595043e-06,1,1,1,adequate_smallest_model
7,D-GLC-extreme,Delta GLC extreme,170,0.345475,delta_glc_full_unbalanced,delta_parallel,glc,full_unbalanced,9,9,29.6258271202446,5.90850776220469e-15,3.39671416803562e-06,1,1,1,adequate_smallest_model
7,D-GLC-extreme,Delta GLC extreme,171,0.347475,delta_glc_full_unbalanced,delta_parallel,glc,full_unbalanced,9,9,29.7401418826587,5.67806904211543e-15,7.42858942673813e-06,1,1,1,adequate_smallest_model
7,D-GLC-extreme,Delta GLC extreme,172,0.349475,delta_glc_full_unbalanced,delta_parallel,glc,full_unbalanced,9,9,33.1032778474896,6.03396683706593e-15,4.85275455902144e-06,1,1,1,adequate_smallest_model
7,D-GLC-extreme,Delta GLC extreme,173,0.351475,delta_glc_full_unbalanced,delta_parallel,glc,full_unbalanced,9,9,34.5882730736417,6.20762136043918e-15,6.73775109841887e-06,1,1,1,adequate_smallest_model
7,D-GLC-extreme,Delta GLC extreme,174,0.353475,delta_glc_full_unbalanced,delta_parallel,glc,full_unbalanced,9,9,31.86162068363,6.1442128402845e-15,2.38375940709919e-06,1,1,1,adequate_smallest_model
7,D-GLC-extreme,Delta GLC extreme,175,0.355475,delta_glc_full_unbalanced,delta_parallel,glc,full_unbalanced,9,9,29.6258271202445,5.84034423023302e-15,3.39671416937509e-06,1,1,1,adequate_smallest_model
7,D-GLC-extreme,Delta GLC extreme,176,0.357475,delta_glc_full_unbalanced,delta_parallel,glc,full_unbalanced,9,9,29.7401418826587,5.58690374055856e-15,7.42858942583045e-06,1,1,1,adequate_smallest_model
7,D-GLC-extreme,Delta GLC extreme,177,0.359475,delta_glc_full_unbalanced,delta_parallel,glc,full_unbalanced,9,9,33.1032778474897,6.06428729045783e-15,4.8527545600206e-06,1,1,1,adequate_smallest_model
7,D-GLC-extreme,Delta GLC extreme,178,0.361475,delta_glc_full_unbalanced,delta_parallel,glc,full_unbalanced,9,9,34.5882730736418,6.0183513873931e-15,6.7377510984391e-06,1,1,1,adequate_smallest_model
7,D-GLC-extreme,Delta GLC extreme,179,0.363475,delta_glc_full_unbalanced,delta_parallel,glc,full_unbalanced,9,9,31.86162068363,6.08228156765456e-15,2.38375940797644e-06,1,1,1,adequate_smallest_model
7,D-GLC-extreme,Delta GLC extreme,180,0.365475,delta_glc_full_unbalanced,delta_parallel,glc,full_unbalanced,9,9,29.6258271202445,6.0207556849496e-15,3.39671416820304e-06,1,1,1,adequate_smallest_model
7,D-GLC-extreme,Delta GLC extreme,181,0.367475,delta_glc_full_unbalanced,delta_parallel,glc,full_unbalanced,9,9,29.7401418826587,5.62921278679124e-15,7.42858942596564e-06,1,1,1,adequate_smallest_model
7,D-GLC-extreme,Delta GLC extreme,182,0.369475,delta_glc_full_unbalanced,delta_parallel,glc,full_unbalanced,9,9,33.1032778474897,5.94868721495214e-15,4.85275455928536e-06,1,1,1,adequate_smallest_model
7,D-GLC-extreme,Delta GLC extreme,183,0.371475,delta_glc_full_unbalanced,delta_parallel,glc,full_unbalanced,9,9,34.5882730736418,6.05303592289292e-15,6.73775109884362e-06,1,1,1,adequate_smallest_model
7,D-GLC-extreme,Delta GLC extreme,184,0.373475,delta_glc_full_unbalanced,delta_parallel,glc,full_unbalanced,9,9,31.8616206836301,6.08094766907352e-15,2.38375940768402e-06,1,1,1,adequate_smallest_model
7,D-GLC-extreme,Delta GLC extreme,185,0.375475,delta_glc_full_unbalanced,delta_parallel,glc,full_unbalanced,9,9,29.6258271202445,5.84428397442352e-15,3.39671416866348e-06,1,1,1,adequate_smallest_model
7,D-GLC-extreme,Delta GLC extreme,186,0.377475,delta_glc_full_unbalanced,delta_parallel,glc,full_unbalanced,9,9,29.7401418826587,5.78900913959693e-15,7.42858942675741e-06,1,1,1,adequate_smallest_model
7,D-GLC-extreme,Delta GLC extreme,187,0.379475,delta_glc_full_unbalanced,delta_parallel,glc,full_unbalanced,9,9,33.1032778474897,5.98711639618667e-15,4.85275455913454e-06,1,1,1,adequate_smallest_model
7,D-GLC-extreme,Delta GLC extreme,188,0.381475,delta_glc_full_unbalanced,delta_parallel,glc,full_unbalanced,9,9,34.5882730736418,6.23447807047685e-15,6.73775109870204e-06,1,1,1,adequate_smallest_model
7,D-GLC-extreme,Delta GLC extreme,189,0.383475,delta_glc_full_unbalanced,delta_parallel,glc,full_unbalanced,9,9,31.8616206836301,6.01047152345346e-15,2.38375940778846e-06,1,1,1,adequate_smallest_model
7,D-GLC-extreme,Delta GLC extreme,190,0.385475,delta_glc_full_unbalanced,delta_parallel,glc,full_unbalanced,9,9,29.6258271202445,5.98385313880182e-15,3.39671416904021e-06,1,1,1,adequate_smallest_model
7,D-GLC-extreme,Delta GLC extreme,191,0.387475,delta_glc_full_unbalanced,delta_parallel,glc,full_unbalanced,9,9,29.7401418826587,5.49785949155251e-15,7.42858942615875e-06,1,1,1,adequate_smallest_model
7,D-GLC-extreme,Delta GLC extreme,192,0.389475,delta_glc_full_unbalanced,delta_parallel,glc,full_unbalanced,9,9,33.1032778474896,6.03783887500501e-15,4.85275455949273e-06,1,1,1,adequate_smallest_model
7,D-GLC-extreme,Delta GLC extreme,193,0.391475,delta_glc_full_unbalanced,delta_parallel,glc,full_unbalanced,9,9,34.5882730736417,6.00013337484136e-15,6.73775109908635e-06,1,1,1,adequate_smallest_model
7,D-GLC-extreme,Delta GLC extreme,194,0.393475,delta_glc_full_unbalanced,delta_parallel,glc,full_unbalanced,9,9,31.8616206836302,6.02010258123176e-15,2.38375940783024e-06,1,1,1,adequate_smallest_model
7,D-GLC-extreme,Delta GLC extreme,195,0.395475,delta_glc_full_unbalanced,delta_parallel,glc,full_unbalanced,9,9,29.6258271202445,5.94027354856332e-15,3.39671416881001e-06,1,1,1,adequate_smallest_model
7,D-GLC-extreme,Delta GLC extreme,196,0.397475,delta_glc_full_unbalanced,delta_parallel,glc,full_unbalanced,9,9,29.7401418826587,5.76177379907773e-15,7.42858942716299e-06,1,1,1,adequate_smallest_model
7,D-GLC-extreme,Delta GLC extreme,197,0.399475,delta_glc_full_unbalanced,delta_parallel,glc,full_unbalanced,9,9,33.1032778474897,6.24013817455143e-15,4.85275455962472e-06,1,1,1,adequate_smallest_model
7,D-GLC-extreme,Delta GLC extreme,198,0.401475,delta_glc_full_unbalanced,delta_parallel,glc,full_unbalanced,9,9,34.5882730736417,6.25913007938468e-15,6.73775109898524e-06,1,1,1,adequate_smallest_model
7,D-GLC-extreme,Delta GLC extreme,199,0.403475,delta_glc_full_unbalanced,delta_parallel,glc,full_unbalanced,9,9,31.8616206836301,6.26154355484752e-15,2.38375940824797e-06,1,1,1,adequate_smallest_model
7,D-GLC-extreme,Delta GLC extreme,200,0.405475,delta_glc_full_unbalanced,delta_parallel,glc,full_unbalanced,9,9,29.6258271202445,5.99881976196307e-15,3.39671416692636e-06,1,1,1,adequate_smallest_model
7,D-GLC-extreme,Delta GLC extreme,201,0.407475,delta_glc_full_unbalanced,delta_parallel,glc,full_unbalanced,9,9,29.7401418826587,5.87840961914781e-15,7.42858942673813e-06,1,1,1,adequate_smallest_model
7,D-GLC-extreme,Delta GLC extreme,202,0.409475,delta_glc_full_unbalanced,delta_parallel,glc,full_unbalanced,9,9,33.1032778474897,6.07920495631313e-15,4.85275456000177e-06,1,1,1,adequate_smallest_model
7,D-GLC-extreme,Delta GLC extreme,203,0.411475,delta_glc_full_unbalanced,delta_parallel,glc,full_unbalanced,9,9,34.5882730736418,6.19522132167968e-15,6.73775109785257e-06,1,1,1,adequate_smallest_model
7,D-GLC-extreme,Delta GLC extreme,204,0.413475,delta_glc_full_unbalanced,delta_parallel,glc,full_unbalanced,9,9,31.8616206836301,6.07012331400672e-15,2.38375940803911e-06,1,1,1,adequate_smallest_model
7,D-GLC-extreme,Delta GLC extreme,205,0.415475,delta_glc_full_unbalanced,delta_parallel,glc,full_unbalanced,9,9,29.6258271202446,5.85939427885014e-15,3.39671416906115e-06,1,1,1,adequate_smallest_model
7,D-GLC-extreme,Delta GLC extreme,206,0.417475,delta_glc_full_unbalanced,delta_parallel,glc,full_unbalanced,9,9,29.7401418826588,5.6725913300403e-15,7.42858942610082e-06,1,1,1,adequate_smallest_model
7,D-GLC-extreme,Delta GLC extreme,207,0.419475,delta_glc_full_unbalanced,delta_parallel,glc,full_unbalanced,9,9,33.1032778474897,5.97123545061758e-15,4.8527545596247e-06,1,1,1,adequate_smallest_model
7,D-GLC-extreme,Delta GLC extreme,208,0.421475,delta_glc_full_unbalanced,delta_parallel,glc,full_unbalanced,9,9,34.5882730736417,6.11604284935449e-15,6.73775109843909e-06,1,1,1,adequate_smallest_model
7,D-GLC-extreme,Delta GLC extreme,209,0.423475,delta_glc_full_unbalanced,delta_parallel,glc,full_unbalanced,9,9,31.8616206836301,6.01633834343054e-15,2.38375940684855e-06,1,1,1,adequate_smallest_model
7,D-GLC-extreme,Delta GLC extreme,210,0.425475,delta_glc_full_unbalanced,delta_parallel,glc,full_unbalanced,9,9,29.6258271202445,5.80820893227797e-15,3.39671416776352e-06,1,1,1,adequate_smallest_model
7,D-GLC-extreme,Delta GLC extreme,211,0.427475,delta_glc_full_unbalanced,delta_parallel,glc,full_unbalanced,9,9,29.7401418826588,5.67515816194649e-15,7.42858942693122e-06,1,1,1,adequate_smallest_model
7,D-GLC-extreme,Delta GLC extreme,212,0.429475,delta_glc_full_unbalanced,delta_parallel,glc,full_unbalanced,9,9,33.1032778474897,5.97262462447903e-15,4.85275455970011e-06,1,1,1,adequate_smallest_model
7,D-GLC-extreme,Delta GLC extreme,213,0.431475,delta_glc_full_unbalanced,delta_parallel,glc,full_unbalanced,9,9,34.5882730736417,6.26478687286773e-15,6.73775109888407e-06,1,1,1,adequate_smallest_model
7,D-GLC-extreme,Delta GLC extreme,214,0.433475,delta_glc_full_unbalanced,delta_parallel,glc,full_unbalanced,9,9,31.8616206836301,6.08681367747243e-15,2.38375940831063e-06,1,1,1,adequate_smallest_model
7,D-GLC-extreme,Delta GLC extreme,215,0.435475,delta_glc_full_unbalanced,delta_parallel,glc,full_unbalanced,9,9,29.6258271202445,5.82587570744763e-15,3.39671416970995e-06,1,1,1,adequate_smallest_model
7,D-GLC-extreme,Delta GLC extreme,216,0.437475,delta_glc_full_unbalanced,delta_parallel,glc,full_unbalanced,9,9,29.7401418826588,5.66537873014291e-15,7.42858942642911e-06,1,1,1,adequate_smallest_model
7,D-GLC-extreme,Delta GLC extreme,217,0.439475,delta_glc_full_unbalanced,delta_parallel,glc,full_unbalanced,9,9,33.1032778474897,6.10693524718893e-15,4.85275455945503e-06,1,1,1,adequate_smallest_model
7,D-GLC-extreme,Delta GLC extreme,218,0.441475,delta_glc_full_unbalanced,delta_parallel,glc,full_unbalanced,9,9,34.5882730736418,6.07872376406899e-15,6.73775109924815e-06,1,1,1,adequate_smallest_model
7,D-GLC-extreme,Delta GLC extreme,219,0.443475,delta_glc_full_unbalanced,delta_parallel,glc,full_unbalanced,9,9,31.8616206836301,6.09904072882799e-15,2.38375940597131e-06,1,1,1,adequate_smallest_model
7,D-GLC-extreme,Delta GLC extreme,220,0.445475,delta_glc_full_unbalanced,delta_parallel,glc,full_unbalanced,9,9,29.6258271202446,5.61156442798648e-15,3.39671416845419e-06,1,1,1,adequate_smallest_model
7,D-GLC-extreme,Delta GLC extreme,221,0.447475,delta_glc_full_unbalanced,delta_parallel,glc,full_unbalanced,9,9,29.7401418826587,5.64728985965947e-15,7.42858942704709e-06,1,1,1,adequate_smallest_model
7,D-GLC-extreme,Delta GLC extreme,222,0.449475,delta_glc_full_unbalanced,delta_parallel,glc,full_unbalanced,9,9,33.1032778474897,5.98923041287359e-15,4.8527545588706e-06,1,1,1,adequate_smallest_model
7,D-GLC-extreme,Delta GLC extreme,223,0.451475,delta_glc_full_unbalanced,delta_parallel,glc,full_unbalanced,9,9,34.5882730736417,6.20544036254882e-15,6.73775109795367e-06,1,1,1,adequate_smallest_model
7,D-GLC-extreme,Delta GLC extreme,224,0.453475,delta_glc_full_unbalanced,delta_parallel,glc,full_unbalanced,9,9,31.8616206836301,6.03184564426694e-15,2.38375941000246e-06,1,1,1,adequate_smallest_model
7,D-GLC-extreme,Delta GLC extreme,225,0.455475,delta_glc_full_unbalanced,delta_parallel,glc,full_unbalanced,9,9,29.6258271202445,5.76627855545769e-15,3.39671416822399e-06,1,1,1,adequate_smallest_model
7,D-GLC-extreme,Delta GLC extreme,226,0.457475,delta_glc_full_unbalanced,delta_parallel,glc,full_unbalanced,9,9,29.7401418826587,5.58758954438672e-15,7.42858942710506e-06,1,1,1,adequate_smallest_model
7,D-GLC-extreme,Delta GLC extreme,227,0.459475,delta_glc_full_unbalanced,delta_parallel,glc,full_unbalanced,9,9,33.1032778474897,5.9826704780938e-15,4.8527545598698e-06,1,1,1,adequate_smallest_model
7,D-GLC-extreme,Delta GLC extreme,228,0.461475,delta_glc_full_unbalanced,delta_parallel,glc,full_unbalanced,9,9,34.5882730736418,6.24673743751641e-15,6.73775109829754e-06,1,1,1,adequate_smallest_model
7,D-GLC-extreme,Delta GLC extreme,229,0.463475,delta_glc_full_unbalanced,delta_parallel,glc,full_unbalanced,9,9,31.8616206836302,6.25583517074913e-15,2.38375940774669e-06,1,1,1,adequate_smallest_model
7,D-GLC-extreme,Delta GLC extreme,230,0.465475,delta_glc_full_unbalanced,delta_parallel,glc,full_unbalanced,9,9,29.6258271202448,6.46740739712275e-15,3.39671416998206e-06,1,1,1,adequate_smallest_model
7,D-GLC-extreme,Delta GLC extreme,231,0.467475,delta_glc_full_unbalanced,delta_parallel,glc,full_unbalanced,9,9,29.7401418826592,7.15260645604309e-15,7.42858942720162e-06,1,1,1,adequate_smallest_model
7,D-GLC-extreme,Delta GLC extreme,232,0.469475,delta_glc_full_unbalanced,delta_parallel,glc,full_unbalanced,9,9,33.1032778474902,7.35123469656604e-15,4.8527545610952e-06,1,1,1,adequate_smallest_model
7,D-GLC-extreme,Delta GLC extreme,233,0.471475,delta_glc_full_unbalanced,delta_parallel,glc,full_unbalanced,9,9,34.5882730736425,7.70094489781772e-15,6.73775109823686e-06,1,1,1,adequate_smallest_model
7,D-GLC-extreme,Delta GLC extreme,234,0.473475,delta_glc_full_unbalanced,delta_parallel,glc,full_unbalanced,9,9,31.8616206836307,7.99104188683955e-15,2.38375940778846e-06,1,1,1,adequate_smallest_model
7,D-GLC-extreme,Delta GLC extreme,235,0.475475,delta_glc_full_unbalanced,delta_parallel,glc,full_unbalanced,9,9,29.6258271202452,8.05709702920827e-15,3.39671416803562e-06,1,1,1,adequate_smallest_model
7,D-GLC-extreme,Delta GLC extreme,236,0.477475,delta_glc_full_unbalanced,delta_parallel,glc,full_unbalanced,9,9,29.7401418826596,7.72066048760111e-15,7.42858942642911e-06,1,1,1,adequate_smallest_model
7,D-GLC-extreme,Delta GLC extreme,237,0.479475,delta_glc_full_unbalanced,delta_parallel,glc,full_unbalanced,9,9,33.1032778474904,7.84066269161082e-15,4.8527545587952e-06,1,1,1,adequate_smallest_model
7,D-GLC-extreme,Delta GLC extreme,238,0.481475,delta_glc_full_unbalanced,delta_parallel,glc,full_unbalanced,9,9,34.5882730736424,8.46444360236928e-15,6.73775109801435e-06,1,1,1,adequate_smallest_model
7,D-GLC-extreme,Delta GLC extreme,239,0.483475,delta_glc_full_unbalanced,delta_parallel,glc,full_unbalanced,9,9,31.8616206836307,7.79900744485975e-15,2.38375940814353e-06,1,1,1,adequate_smallest_model
7,D-GLC-extreme,Delta GLC extreme,240,0.485475,delta_glc_full_unbalanced,delta_parallel,glc,full_unbalanced,9,9,29.6258271202452,7.928519781365e-15,3.39671416830769e-06,1,1,1,adequate_smallest_model
7,D-GLC-extreme,Delta GLC extreme,241,0.487475,delta_glc_full_unbalanced,delta_parallel,glc,full_unbalanced,9,9,29.7401418826596,7.64380527449502e-15,7.42858942623599e-06,1,1,1,adequate_smallest_model
7,D-GLC-extreme,Delta GLC extreme,242,0.489475,delta_glc_full_unbalanced,delta_parallel,glc,full_unbalanced,9,9,33.1032778474904,7.62373415864387e-15,4.85275455917224e-06,1,1,1,adequate_smallest_model
7,D-GLC-extreme,Delta GLC extreme,243,0.491475,delta_glc_full_unbalanced,delta_parallel,glc,full_unbalanced,9,9,34.5882730736423,8.49835218498701e-15,6.73775109837842e-06,1,1,1,adequate_smallest_model
7,D-GLC-extreme,Delta GLC extreme,244,0.493475,delta_glc_full_unbalanced,delta_parallel,glc,full_unbalanced,9,9,31.8616206836305,7.86908955718882e-15,2.38375940734983e-06,1,1,1,adequate_smallest_model
7,D-GLC-extreme,Delta GLC extreme,245,0.495475,delta_glc_full_unbalanced,delta_parallel,glc,full_unbalanced,9,9,29.6258271202452,8.11306087993817e-15,3.39671416968902e-06,1,1,1,adequate_smallest_model
7,D-GLC-extreme,Delta GLC extreme,246,0.497475,delta_glc_full_unbalanced,delta_parallel,glc,full_unbalanced,9,9,29.7401418826594,7.72448946720646e-15,7.42858942787747e-06,1,1,1,adequate_smallest_model
7,D-GLC-extreme,Delta GLC extreme,247,0.499475,delta_glc_full_unbalanced,delta_parallel,glc,full_unbalanced,9,9,33.1032778474903,7.77290710678987e-15,4.85275455707961e-06,1,1,1,adequate_smallest_model
7,D-GLC-extreme,Delta GLC extreme,248,0.501475,delta_glc_full_unbalanced,delta_parallel,glc,full_unbalanced,9,9,34.5882730736422,8.47301684653861e-15,6.73775110050216e-06,1,1,1,adequate_smallest_model
7,D-GLC-extreme,Delta GLC extreme,249,0.503475,delta_glc_full_unbalanced,delta_parallel,glc,full_unbalanced,9,9,31.8616206836304,8.0234991095987e-15,2.38375940463455e-06,1,1,1,adequate_smallest_model
7,D-GLC-extreme,Delta GLC extreme,250,0.505475,delta_glc_full_unbalanced,delta_parallel,glc,full_unbalanced,9,9,29.625827120245,7.86225454885849e-15,3.39671417071455e-06,1,1,1,adequate_smallest_model
7,D-GLC-extreme,Delta GLC extreme,251,0.507475,delta_glc_full_unbalanced,delta_parallel,glc,full_unbalanced,9,9,29.7401418826593,7.88844769374637e-15,7.42858942932583e-06,1,1,1,adequate_smallest_model
7,D-GLC-extreme,Delta GLC extreme,252,0.509475,delta_glc_full_unbalanced,delta_parallel,glc,full_unbalanced,9,9,33.10327784749,7.76167671755469e-15,4.85275455696649e-06,1,1,1,adequate_smallest_model
7,D-GLC-extreme,Delta GLC extreme,253,0.511475,delta_glc_full_unbalanced,delta_parallel,glc,full_unbalanced,9,9,34.5882730736421,8.45697085795976e-15,6.7377510996122e-06,1,1,1,adequate_smallest_model
7,D-GLC-extreme,Delta GLC extreme,254,0.513475,delta_glc_full_unbalanced,delta_parallel,glc,full_unbalanced,9,9,31.8616206836304,7.96099653540334e-15,2.38375940584598e-06,1,1,1,adequate_smallest_model
7,D-GLC-extreme,Delta GLC extreme,255,0.515475,delta_glc_full_unbalanced,delta_parallel,glc,full_unbalanced,9,9,29.625827120245,8.06886402171966e-15,3.3967141701076e-06,1,1,1,adequate_smallest_model
7,D-GLC-extreme,Delta GLC extreme,256,0.517475,delta_glc_full_unbalanced,delta_parallel,glc,full_unbalanced,9,9,29.7401418826593,7.69125836018058e-15,7.42858942722087e-06,1,1,1,adequate_smallest_model
7,D-GLC-extreme,Delta GLC extreme,257,0.519475,delta_glc_full_unbalanced,delta_parallel,glc,full_unbalanced,9,9,33.10327784749,7.84743008753785e-15,4.852754558946e-06,1,1,1,adequate_smallest_model
7,D-GLC-extreme,Delta GLC extreme,258,0.521475,delta_glc_full_unbalanced,delta_parallel,glc,full_unbalanced,9,9,34.588273073642,8.47673836669014e-15,6.7377510997538e-06,1,1,1,adequate_smallest_model
7,D-GLC-extreme,Delta GLC extreme,259,0.523475,delta_glc_full_unbalanced,delta_parallel,glc,full_unbalanced,9,9,31.8616206836303,8.07888244350105e-15,2.38375940770491e-06,1,1,1,adequate_smallest_model
7,D-GLC-extreme,Delta GLC extreme,260,0.525475,delta_glc_full_unbalanced,delta_parallel,glc,full_unbalanced,9,9,29.625827120245,7.98252808463766e-15,3.39671416734492e-06,1,1,1,adequate_smallest_model
7,D-GLC-extreme,Delta GLC extreme,261,0.527475,delta_glc_full_unbalanced,delta_parallel,glc,full_unbalanced,9,9,29.7401418826593,7.64427712311705e-15,7.42858942480691e-06,1,1,1,adequate_smallest_model
7,D-GLC-extreme,Delta GLC extreme,262,0.529475,delta_glc_full_unbalanced,delta_parallel,glc,full_unbalanced,9,9,33.10327784749,7.91384031946615e-15,4.85275456066158e-06,1,1,1,adequate_smallest_model
7,D-GLC-extreme,Delta GLC extreme,263,0.531475,delta_glc_full_unbalanced,delta_parallel,glc,full_unbalanced,9,9,34.588273073642,8.36453598845156e-15,6.73775109789299e-06,1,1,1,adequate_smallest_model
7,D-GLC-extreme,Delta GLC extreme,264,0.533475,delta_glc_full_unbalanced,delta_parallel,glc,full_unbalanced,9,9,31.8616206836304,7.8070240719449e-15,2.38375940889546e-06,1,1,1,adequate_smallest_model
7,D-GLC-extreme,Delta GLC extreme,265,0.535475,delta_glc_full_unbalanced,delta_parallel,glc,full_unbalanced,9,9,29.625827120245,7.94476909021654e-15,3.39671416422645e-06,1,1,1,adequate_smallest_model
7,D-GLC-extreme,Delta GLC extreme,266,0.537475,delta_glc_full_unbalanced,delta_parallel,glc,full_unbalanced,9,9,29.7401418826593,7.88865033847795e-15,7.4285894227792e-06,1,1,1,adequate_smallest_model
7,D-GLC-extreme,Delta GLC extreme,267,0.539475,delta_glc_full_unbalanced,delta_parallel,glc,full_unbalanced,9,9,33.1032778474901,7.93547225047196e-15,4.8527545622829e-06,1,1,1,adequate_smallest_model
7,D-GLC-extreme,Delta GLC extreme,268,0.541475,delta_glc_full_unbalanced,delta_parallel,glc,full_unbalanced,9,9,34.588273073642,8.59326328235924e-15,6.73775109552654e-06,1,1,1,adequate_smallest_model
7,D-GLC-extreme,Delta GLC extreme,269,0.543475,delta_glc_full_unbalanced,delta_parallel,glc,full_unbalanced,9,9,31.8616206836305,7.93346647431747e-15,2.3837594110468e-06,1,1,1,adequate_smallest_model
7,D-GLC-extreme,Delta GLC extreme,270,0.545475,delta_glc_full_unbalanced,delta_parallel,glc,full_unbalanced,9,9,29.625827120245,7.98698199938493e-15,3.39671416456132e-06,1,1,1,adequate_smallest_model
7,D-GLC-extreme,Delta GLC extreme,271,0.547475,delta_glc_full_unbalanced,delta_parallel,glc,full_unbalanced,9,9,29.7401418826593,7.71512013719179e-15,7.42858942219986e-06,1,1,1,adequate_smallest_model
7,D-GLC-extreme,Delta GLC extreme,272,0.549475,delta_glc_full_unbalanced,delta_parallel,glc,full_unbalanced,9,9,33.1032778474901,7.92897821758741e-15,4.85275456365916e-06,1,1,1,adequate_smallest_model
7,D-GLC-extreme,Delta GLC extreme,273,0.551475,delta_glc_full_unbalanced,delta_parallel,glc,full_unbalanced,9,9,34.588273073642,8.4429168032805e-15,6.73775109413098e-06,1,1,1,adequate_smallest_model
7,D-GLC-extreme,Delta GLC extreme,274,0.553475,delta_glc_full_unbalanced,delta_parallel,glc,full_unbalanced,9,9,31.8616206836304,7.96578708302054e-15,2.38375941167341e-06,1,1,1,adequate_smallest_model
7,D-GLC-extreme,Delta GLC extreme,275,0.555475,delta_glc_full_unbalanced,delta_parallel,glc,full_unbalanced,9,9,29.6258271202449,7.97917408710658e-15,3.39671416573342e-06,1,1,1,adequate_smallest_model
7,D-GLC-extreme,Delta GLC extreme,276,0.557475,delta_glc_full_unbalanced,delta_parallel,glc,full_unbalanced,9,9,29.7401418826592,7.41149609507524e-15,7.42858942277928e-06,1,1,1,adequate_smallest_model
7,D-GLC-extreme,Delta GLC extreme,277,0.559475,delta_glc_full_unbalanced,delta_parallel,glc,full_unbalanced,9,9,33.10327784749,7.6459138346128e-15,4.85275456350835e-06,1,1,1,adequate_smallest_model
7,D-GLC-extreme,Delta GLC extreme,278,0.561475,delta_glc_full_unbalanced,delta_parallel,glc,full_unbalanced,9,9,34.588273073642,8.36489778510756e-15,6.73775109498049e-06,1,1,1,adequate_smallest_model
7,D-GLC-extreme,Delta GLC extreme,279,0.563475,delta_glc_full_unbalanced,delta_parallel,glc,full_unbalanced,9,9,31.8616206836303,8.02758111400556e-15,2.38375940989804e-06,1,1,1,adequate_smallest_model
7,D-GLC-extreme,Delta GLC extreme,280,0.565475,delta_glc_full_unbalanced,delta_parallel,glc,full_unbalanced,9,9,29.6258271202449,8.07196848537189e-15,3.39671416506368e-06,1,1,1,adequate_smallest_model
7,D-GLC-extreme,Delta GLC extreme,281,0.567475,delta_glc_full_unbalanced,delta_parallel,glc,full_unbalanced,9,9,29.7401418826592,7.73582692642733e-15,7.4285894231269e-06,1,1,1,adequate_smallest_model
7,D-GLC-extreme,Delta GLC extreme,282,0.569475,delta_glc_full_unbalanced,delta_parallel,glc,full_unbalanced,9,9,33.10327784749,7.62497506272669e-15,4.85275456271655e-06,1,1,1,adequate_smallest_model
7,D-GLC-extreme,Delta GLC extreme,283,0.571475,delta_glc_full_unbalanced,delta_parallel,glc,full_unbalanced,9,9,34.588273073642,8.4769351530449e-15,6.73775109520291e-06,1,1,1,adequate_smallest_model
7,D-GLC-extreme,Delta GLC extreme,284,0.573475,delta_glc_full_unbalanced,delta_parallel,glc,full_unbalanced,9,9,31.8616206836303,8.06714581151756e-15,2.38375941035754e-06,1,1,1,adequate_smallest_model
7,D-GLC-extreme,Delta GLC extreme,285,0.575475,delta_glc_full_unbalanced,delta_parallel,glc,full_unbalanced,9,9,29.6258271202449,8.13951221933821e-15,3.39671416728216e-06,1,1,1,adequate_smallest_model
7,D-GLC-extreme,Delta GLC extreme,286,0.577475,delta_glc_full_unbalanced,delta_parallel,glc,full_unbalanced,9,9,29.7401418826593,7.70098218224294e-15,7.42858942523181e-06,1,1,1,adequate_smallest_model
7,D-GLC-extreme,Delta GLC extreme,287,0.579475,delta_glc_full_unbalanced,delta_parallel,glc,full_unbalanced,9,9,33.10327784749,7.96335352730565e-15,4.85275456173619e-06,1,1,1,adequate_smallest_model
7,D-GLC-extreme,Delta GLC extreme,288,0.581475,delta_glc_full_unbalanced,delta_parallel,glc,full_unbalanced,9,9,34.5882730736421,8.5730924803642e-15,6.73775109738734e-06,1,1,1,adequate_smallest_model
7,D-GLC-extreme,Delta GLC extreme,289,0.583475,delta_glc_full_unbalanced,delta_parallel,glc,full_unbalanced,9,9,31.8616206836303,7.91059809804107e-15,2.38375940793467e-06,1,1,1,adequate_smallest_model
7,D-GLC-extreme,Delta GLC extreme,290,0.585475,delta_glc_full_unbalanced,delta_parallel,glc,full_unbalanced,9,9,29.6258271202449,7.9947799049242e-15,3.39671416897744e-06,1,1,1,adequate_smallest_model
7,D-GLC-extreme,Delta GLC extreme,291,0.587475,delta_glc_full_unbalanced,delta_parallel,glc,full_unbalanced,9,9,29.7401418826593,7.905681387025e-15,7.42858942691192e-06,1,1,1,adequate_smallest_model
7,D-GLC-extreme,Delta GLC extreme,292,0.589475,delta_glc_full_unbalanced,delta_parallel,glc,full_unbalanced,9,9,33.10327784749,7.87457357550831e-15,4.85275455862553e-06,1,1,1,adequate_smallest_model
7,D-GLC-extreme,Delta GLC extreme,293,0.591475,delta_glc_full_unbalanced,delta_parallel,glc,full_unbalanced,9,9,34.5882730736421,8.36536090558094e-15,6.7377510999763e-06,1,1,1,adequate_smallest_model
8,D-GLC-fund,Delta GLC fundamental,1,0.007475,delta_gl_pair_ab_bc,delta_parallel,gl,pair_equal,4,4,1.46872167247223,4.30064284465539e-16,5.16837513692507e-07,1,1,1,adequate_smallest_model
8,D-GLC-fund,Delta GLC fundamental,2,0.009475,wye_rl_pair_ca_ab,wye_series,rl,pair_equal,4,4,1.27053761970317,4.80033017689932e-16,4.27341042269466e-07,1,1,1,adequate_smallest_model
8,D-GLC-fund,Delta GLC fundamental,3,0.011475,delta_gl_pair_ab_bc,delta_parallel,gl,pair_equal,4,4,1.50862235553458,5.81036694373857e-16,1.4417466857347e-06,1,1,1,adequate_smallest_model
8,D-GLC-fund,Delta GLC fundamental,4,0.013475,delta_gl_pair_ab_bc,delta_parallel,gl,pair_equal,4,4,1.44869750464143,4.17089742005628e-16,5.69462070009709e-07,1,1,1,adequate_smallest_model
8,D-GLC-fund,Delta GLC fundamental,5,0.015475,wye_rl_pair_ca_ab,wye_series,rl,pair_equal,4,4,1.33082611981493,6.03289758034059e-16,1.34051538714711e-06,1,1,1,adequate_smallest_model
8,D-GLC-fund,Delta GLC fundamental,6,0.017475,delta_gl_pair_ab_bc,delta_parallel,gl,pair_equal,4,4,1.46872167247223,6.93253896597537e-16,5.16837513546009e-07,1,1,1,adequate_smallest_model
8,D-GLC-fund,Delta GLC fundamental,7,0.019475,wye_rl_pair_ca_ab,wye_series,rl,pair_equal,4,4,1.27053761970317,5.2656834268868e-16,4.27341042103202e-07,1,1,1,adequate_smallest_model
8,D-GLC-fund,Delta GLC fundamental,8,0.021475,delta_gl_pair_ab_bc,delta_parallel,gl,pair_equal,4,4,1.50862235553458,8.80267213171443e-16,1.44174668631829e-06,1,1,1,adequate_smallest_model
8,D-GLC-fund,Delta GLC fundamental,9,0.023475,delta_gl_pair_ab_bc,delta_parallel,gl,pair_equal,4,4,1.44869750464143,5.38811869716463e-16,5.69462070182831e-07,1,1,1,adequate_smallest_model
8,D-GLC-fund,Delta GLC fundamental,10,0.025475,wye_rl_pair_ca_ab,wye_series,rl,pair_equal,4,4,1.33082611981493,8.60728337033516e-16,1.34051538729901e-06,1,1,1,adequate_smallest_model
8,D-GLC-fund,Delta GLC fundamental,11,0.027475,delta_gl_pair_ab_bc,delta_parallel,gl,pair_equal,4,4,1.46872167247223,5.47066259264791e-16,5.16837513855282e-07,1,1,1,adequate_smallest_model
8,D-GLC-fund,Delta GLC fundamental,12,0.029475,wye_rl_pair_ca_ab,wye_series,rl,pair_equal,4,4,1.27053761970317,5.81022929768177e-16,4.27341042408473e-07,1,1,1,adequate_smallest_model
8,D-GLC-fund,Delta GLC fundamental,13,0.031475,delta_gl_pair_ab_bc,delta_parallel,gl,pair_equal,4,4,1.50862235553458,7.7961723207212e-16,1.44174668652342e-06,1,1,1,adequate_smallest_model
8,D-GLC-fund,Delta GLC fundamental,14,0.033475,delta_gl_pair_ab_bc,delta_parallel,gl,pair_equal,4,4,1.44869750464143,2.71368094330211e-16,5.69462070021648e-07,1,1,1,adequate_smallest_model
8,D-GLC-fund,Delta GLC fundamental,15,0.035475,wye_rl_pair_ca_ab,wye_series,rl,pair_equal,4,4,1.33082611981493,7.15186059517244e-16,1.34051538735633e-06,1,1,1,adequate_smallest_model
8,D-GLC-fund,Delta GLC fundamental,16,0.037475,delta_gl_pair_ab_bc,delta_parallel,gl,pair_equal,4,4,1.46872167247223,5.51051664357577e-16,5.16837513581277e-07,1,1,1,adequate_smallest_model
8,D-GLC-fund,Delta GLC fundamental,17,0.039475,wye_rl_pair_ca_ab,wye_series,rl,pair_equal,4,4,1.27053761970317,4.52901736318762e-16,4.27341042285819e-07,1,1,1,adequate_smallest_model
8,D-GLC-fund,Delta GLC fundamental,18,0.041475,delta_gl_pair_ab_bc,delta_parallel,gl,pair_equal,4,4,1.50862235553458,4.13450645984121e-16,1.44174668570581e-06,1,1,1,adequate_smallest_model
8,D-GLC-fund,Delta GLC fundamental,19,0.043475,delta_gl_pair_ab_bc,delta_parallel,gl,pair_equal,4,4,1.44869750464143,4.69073347717323e-16,5.69462070158952e-07,1,1,1,adequate_smallest_model
8,D-GLC-fund,Delta GLC fundamental,20,0.045475,wye_rl_pair_ca_ab,wye_series,rl,pair_equal,4,4,1.33082611981493,8.69573099286818e-16,1.34051538767732e-06,1,1,1,adequate_smallest_model
8,D-GLC-fund,Delta GLC fundamental,21,0.047475,delta_gl_pair_ab_bc,delta_parallel,gl,pair_equal,4,4,1.46872167247223,5.47168811755947e-16,5.16837513887837e-07,1,1,1,adequate_smallest_model
8,D-GLC-fund,Delta GLC fundamental,22,0.049475,wye_rl_pair_ca_ab,wye_series,rl,pair_equal,4,4,1.27053761970317,6.80268454964366e-16,4.27341042487517e-07,1,1,1,adequate_smallest_model
8,D-GLC-fund,Delta GLC fundamental,23,0.051475,delta_gl_pair_ab_bc,delta_parallel,gl,pair_equal,4,4,1.50862235553458,9.58114882210475e-16,1.44174668542846e-06,1,1,1,adequate_smallest_model
8,D-GLC-fund,Delta GLC fundamental,24,0.053475,delta_gl_pair_ab_bc,delta_parallel,gl,pair_equal,4,4,1.44869750464143,1.00081821330476e-15,5.69462069615708e-07,1,1,1,adequate_smallest_model
8,D-GLC-fund,Delta GLC fundamental,25,0.055475,wye_rl_pair_ca_ab,wye_series,rl,pair_equal,4,4,1.33082611981493,1.44199143949033e-15,1.34051538777763e-06,1,1,1,adequate_smallest_model
8,D-GLC-fund,Delta GLC fundamental,26,0.057475,delta_gl_pair_ab_bc,delta_parallel,gl,pair_equal,4,4,1.46872167247223,1.06399495576803e-15,5.16837514099445e-07,1,1,1,adequate_smallest_model
8,D-GLC-fund,Delta GLC fundamental,27,0.059475,wye_rl_pair_ca_ab,wye_series,rl,pair_equal,4,4,1.27053761970317,1.04786727817051e-15,4.27341042105927e-07,1,1,1,adequate_smallest_model
8,D-GLC-fund,Delta GLC fundamental,28,0.061475,delta_gl_pair_ab_bc,delta_parallel,gl,pair_equal,4,4,1.50862235553458,1.09202261459213e-15,1.44174668563647e-06,1,1,1,adequate_smallest_model
8,D-GLC-fund,Delta GLC fundamental,29,0.063475,delta_gl_pair_ab_bc,delta_parallel,gl,pair_equal,4,4,1.44869750464143,1.15062442203823e-15,5.69462070176861e-07,1,1,1,adequate_smallest_model
8,D-GLC-fund,Delta GLC fundamental,30,0.065475,wye_rl_pair_ca_ab,wye_series,rl,pair_equal,4,4,1.33082611981493,1.18540542271029e-15,1.34051538714137e-06,1,1,1,adequate_smallest_model
8,D-GLC-fund,Delta GLC fundamental,31,0.067475,delta_gl_pair_ab_bc,delta_parallel,gl,pair_equal,4,4,1.46872167247223,9.83391902187968e-16,5.16837514058751e-07,1,1,1,adequate_smallest_model
8,D-GLC-fund,Delta GLC fundamental,32,0.069475,wye_rl_pair_ca_ab,wye_series,rl,pair_equal,4,4,1.27053761970317,1.07241577491677e-15,4.27341042784611e-07,1,1,1,adequate_smallest_model
8,D-GLC-fund,Delta GLC fundamental,33,0.071475,delta_gl_pair_ab_bc,delta_parallel,gl,pair_equal,4,4,1.50862235553458,1.13774134076727e-15,1.44174668609294e-06,1,1,1,adequate_smallest_model
8,D-GLC-fund,Delta GLC fundamental,34,0.073475,delta_gl_pair_ab_bc,delta_parallel,gl,pair_equal,4,4,1.44869750464143,1.17830924374644e-15,5.69462069890315e-07,1,1,1,adequate_smallest_model
8,D-GLC-fund,Delta GLC fundamental,35,0.075475,wye_rl_pair_ca_ab,wye_series,rl,pair_equal,4,4,1.33082611981493,1.2499159494151e-15,1.34051538753975e-06,1,1,1,adequate_smallest_model
8,D-GLC-fund,Delta GLC fundamental,36,0.077475,delta_gl_pair_ab_bc,delta_parallel,gl,pair_equal,4,4,1.46872167247223,1.08263644930746e-15,5.16837513491751e-07,1,1,1,adequate_smallest_model
8,D-GLC-fund,Delta GLC fundamental,37,0.079475,wye_rl_pair_ca_ab,wye_series,rl,pair_equal,4,4,1.27053761970317,1.00239393117458e-15,4.27341042601993e-07,1,1,1,adequate_smallest_model
8,D-GLC-fund,Delta GLC fundamental,38,0.081475,delta_gl_pair_ab_bc,delta_parallel,gl,pair_equal,4,4,1.50862235553458,1.15423544877383e-15,1.44174668630963e-06,1,1,1,adequate_smallest_model
8,D-GLC-fund,Delta GLC fundamental,39,0.083475,delta_gl_pair_ab_bc,delta_parallel,gl,pair_equal,4,4,1.44869750464143,1.17643789904329e-15,5.69462070355952e-07,1,1,1,adequate_smallest_model
8,D-GLC-fund,Delta GLC fundamental,40,0.085475,wye_rl_pair_ca_ab,wye_series,rl,pair_equal,4,4,1.33082611981493,1.28820551109016e-15,1.34051538663982e-06,1,1,1,adequate_smallest_model
8,D-GLC-fund,Delta GLC fundamental,41,0.087475,delta_gl_pair_ab_bc,delta_parallel,gl,pair_equal,4,4,1.46872167247223,9.78335163336621e-16,5.16837513689794e-07,1,1,1,adequate_smallest_model
8,D-GLC-fund,Delta GLC fundamental,42,0.089475,wye_rl_pair_ca_ab,wye_series,rl,pair_equal,4,4,1.27053761970317,1.13119407430179e-15,4.27341042836399e-07,1,1,1,adequate_smallest_model
8,D-GLC-fund,Delta GLC fundamental,43,0.091475,delta_gl_pair_ab_bc,delta_parallel,gl,pair_equal,4,4,1.50862235553458,1.12003287802475e-15,1.44174668613917e-06,1,1,1,adequate_smallest_model
8,D-GLC-fund,Delta GLC fundamental,44,0.093475,delta_gl_pair_ab_bc,delta_parallel,gl,pair_equal,4,4,1.44869750464143,1.22823117259232e-15,5.69462070546983e-07,1,1,1,adequate_smallest_model
8,D-GLC-fund,Delta GLC fundamental,45,0.095475,wye_rl_pair_ca_ab,wye_series,rl,pair_equal,4,4,1.33082611981493,1.34047059973352e-15,1.34051538774897e-06,1,1,1,adequate_smallest_model
8,D-GLC-fund,Delta GLC fundamental,46,0.097475,delta_gl_pair_ab_bc,delta_parallel,gl,pair_equal,4,4,1.46872167247223,1.15833960267128e-15,5.1683751390954e-07,1,1,1,adequate_smallest_model
8,D-GLC-fund,Delta GLC fundamental,47,0.099475,wye_rl_pair_ca_ab,wye_series,rl,pair_equal,4,4,1.27053761970317,8.76756437962512e-16,4.27341042503871e-07,1,1,1,adequate_smallest_model
8,D-GLC-fund,Delta GLC fundamental,48,0.101475,delta_gl_pair_ab_bc,delta_parallel,gl,pair_equal,4,4,1.50862235553458,1.16821268301078e-15,1.44174668665631e-06,1,1,1,adequate_smallest_model
8,D-GLC-fund,Delta GLC fundamental,49,0.103475,delta_gl_pair_ab_bc,delta_parallel,gl,pair_equal,4,4,1.44869750464143,1.00355617683633e-15,5.694620697948e-07,1,1,1,adequate_smallest_model
8,D-GLC-fund,Delta GLC fundamental,50,0.105475,wye_rl_pair_ca_ab,wye_series,rl,pair_equal,4,4,1.33082611981493,1.03881605329761e-15,1.34051538798686e-06,1,1,1,adequate_smallest_model
8,D-GLC-fund,Delta GLC fundamental,51,0.107475,delta_gl_pair_ab_bc,delta_parallel,gl,pair_equal,4,4,1.46872167247223,8.96903246996134e-16,5.16837513358818e-07,1,1,1,adequate_smallest_model
8,D-GLC-fund,Delta GLC fundamental,52,0.109475,wye_rl_pair_ca_ab,wye_series,rl,pair_equal,4,4,1.27053761970317,3.19754638644239e-16,4.27341042176794e-07,1,1,1,adequate_smallest_model
8,D-GLC-fund,Delta GLC fundamental,53,0.111475,delta_gl_pair_ab_bc,delta_parallel,gl,pair_equal,4,4,1.50862235553458,5.40464589087982e-16,1.44174668603805e-06,1,1,1,adequate_smallest_model
8,D-GLC-fund,Delta GLC fundamental,54,0.113475,delta_gl_pair_ab_bc,delta_parallel,gl,pair_equal,4,4,1.44869750464143,4.33645675612956e-16,5.69462070436544e-07,1,1,1,adequate_smallest_model
8,D-GLC-fund,Delta GLC fundamental,55,0.115475,wye_rl_pair_ca_ab,wye_series,rl,pair_equal,4,4,1.33082611981493,7.03094962459989e-16,1.34051538729901e-06,1,1,1,adequate_smallest_model
8,D-GLC-fund,Delta GLC fundamental,56,0.117475,delta_gl_pair_ab_bc,delta_parallel,gl,pair_equal,4,4,1.46872167247223,5.43877540922801e-16,5.16837513860708e-07,1,1,1,adequate_smallest_model
8,D-GLC-fund,Delta GLC fundamental,57,0.119475,wye_rl_pair_ca_ab,wye_series,rl,pair_equal,4,4,1.27053761970317,4.60142275575998e-16,4.27341042495694e-07,1,1,1,adequate_smallest_model
8,D-GLC-fund,Delta GLC fundamental,58,0.121475,delta_gl_pair_ab_bc,delta_parallel,gl,pair_equal,4,4,1.50862235553458,5.87924900245843e-16,1.44174668636163e-06,1,1,1,adequate_smallest_model
8,D-GLC-fund,Delta GLC fundamental,59,0.123475,delta_gl_pair_ab_bc,delta_parallel,gl,pair_equal,4,4,1.44869750464143,3.143824736343e-16,5.69462069866436e-07,1,1,1,adequate_smallest_model
8,D-GLC-fund,Delta GLC fundamental,60,0.125475,wye_rl_pair_ca_ab,wye_series,rl,pair_equal,4,4,1.33082611981493,5.37061465831877e-16,1.34051538662262e-06,1,1,1,adequate_smallest_model
8,D-GLC-fund,Delta GLC fundamental,61,0.127475,delta_gl_pair_ab_bc,delta_parallel,gl,pair_equal,4,4,1.46872167247223,5.01542200741514e-16,5.16837513784747e-07,1,1,1,adequate_smallest_model
8,D-GLC-fund,Delta GLC fundamental,62,0.129475,wye_rl_pair_ca_ab,wye_series,rl,pair_equal,4,4,1.27053761970317,4.14780288257902e-16,4.27341042157715e-07,1,1,1,adequate_smallest_model
8,D-GLC-fund,Delta GLC fundamental,63,0.131475,delta_gl_pair_ab_bc,delta_parallel,gl,pair_equal,4,4,1.50862235553458,5.94435230924895e-16,1.44174668600916e-06,1,1,1,adequate_smallest_model
8,D-GLC-fund,Delta GLC fundamental,64,0.133475,delta_gl_pair_ab_bc,delta_parallel,gl,pair_equal,4,4,1.44869750464143,5.0055089908214e-16,5.69462069860467e-07,1,1,1,adequate_smallest_model
8,D-GLC-fund,Delta GLC fundamental,65,0.135475,wye_rl_pair_ca_ab,wye_series,rl,pair_equal,4,4,1.33082611981493,8.81317597714588e-16,1.34051538779197e-06,1,1,1,adequate_smallest_model
8,D-GLC-fund,Delta GLC fundamental,66,0.137475,delta_gl_pair_ab_bc,delta_parallel,gl,pair_equal,4,4,1.46872167247223,7.91789949073352e-16,5.16837513149923e-07,1,1,1,adequate_smallest_model
8,D-GLC-fund,Delta GLC fundamental,67,0.139475,wye_rl_pair_ca_ab,wye_series,rl,pair_equal,4,4,1.27053761970317,3.39634642055897e-16,4.27341042277643e-07,1,1,1,adequate_smallest_model
8,D-GLC-fund,Delta GLC fundamental,68,0.141475,delta_gl_pair_ab_bc,delta_parallel,gl,pair_equal,4,4,1.50862235553458,3.64706346831648e-16,1.44174668606117e-06,1,1,1,adequate_smallest_model
8,D-GLC-fund,Delta GLC fundamental,69,0.143475,delta_gl_pair_ab_bc,delta_parallel,gl,pair_equal,4,4,1.44869750464143,4.15563779012334e-16,5.69462070391771e-07,1,1,1,adequate_smallest_model
8,D-GLC-fund,Delta GLC fundamental,70,0.145475,wye_rl_pair_ca_ab,wye_series,rl,pair_equal,4,4,1.33082611981493,5.79089235490167e-16,1.34051538659396e-06,1,1,1,adequate_smallest_model
8,D-GLC-fund,Delta GLC fundamental,71,0.147475,delta_gl_pair_ab_bc,delta_parallel,gl,pair_equal,4,4,1.46872167247223,4.42157938775858e-16,5.16837514061465e-07,1,1,1,adequate_smallest_model
8,D-GLC-fund,Delta GLC fundamental,72,0.149475,wye_rl_pair_ca_ab,wye_series,rl,pair_equal,4,4,1.27053761970317,5.64119043775266e-16,4.27341042667409e-07,1,1,1,adequate_smallest_model
8,D-GLC-fund,Delta GLC fundamental,73,0.151475,delta_gl_pair_ab_bc,delta_parallel,gl,pair_equal,4,4,1.50862235553458,3.96091320043018e-16,1.44174668554113e-06,1,1,1,adequate_smallest_model
8,D-GLC-fund,Delta GLC fundamental,74,0.153475,delta_gl_pair_ab_bc,delta_parallel,gl,pair_equal,4,4,1.44869750464143,5.30264778807938e-16,5.69462070421619e-07,1,1,1,adequate_smallest_model
8,D-GLC-fund,Delta GLC fundamental,75,0.155475,wye_rl_pair_ca_ab,wye_series,rl,pair_equal,4,4,1.33082611981493,7.62451084529978e-16,1.34051538731047e-06,1,1,1,adequate_smallest_model
8,D-GLC-fund,Delta GLC fundamental,76,0.157475,delta_gl_pair_ab_bc,delta_parallel,gl,pair_equal,4,4,1.46872167247223,4.71345192964791e-16,5.16837513551435e-07,1,1,1,adequate_smallest_model
8,D-GLC-fund,Delta GLC fundamental,77,0.159475,wye_rl_pair_ca_ab,wye_series,rl,pair_equal,4,4,1.27053761970317,3.73629920088851e-16,4.27341042315802e-07,1,1,1,adequate_smallest_model
8,D-GLC-fund,Delta GLC fundamental,78,0.161475,delta_gl_pair_ab_bc,delta_parallel,gl,pair_equal,4,4,1.50862235553458,6.65707516468492e-16,1.44174668629229e-06,1,1,1,adequate_smallest_model
8,D-GLC-fund,Delta GLC fundamental,79,0.163475,delta_gl_pair_ab_bc,delta_parallel,gl,pair_equal,4,4,1.44869750464143,6.0311077049708e-16,5.69462070084331e-07,1,1,1,adequate_smallest_model
8,D-GLC-fund,Delta GLC fundamental,80,0.165475,wye_rl_pair_ca_ab,wye_series,rl,pair_equal,4,4,1.33082611981493,4.97827060635261e-16,1.34051538697228e-06,1,1,1,adequate_smallest_model
8,D-GLC-fund,Delta GLC fundamental,81,0.167475,delta_gl_pair_ab_bc,delta_parallel,gl,pair_equal,4,4,1.46872167247223,4.99614306006762e-16,5.16837513640962e-07,1,1,1,adequate_smallest_model
8,D-GLC-fund,Delta GLC fundamental,82,0.169475,wye_rl_pair_ca_ab,wye_series,rl,pair_equal,4,4,1.27053761970317,2.85965576613424e-16,4.2734104245481e-07,1,1,1,adequate_smallest_model
8,D-GLC-fund,Delta GLC fundamental,83,0.171475,delta_gl_pair_ab_bc,delta_parallel,gl,pair_equal,4,4,1.50862235553458,5.66093090243078e-16,1.44174668651764e-06,1,1,1,adequate_smallest_model
8,D-GLC-fund,Delta GLC fundamental,84,0.173475,delta_gl_pair_ab_bc,delta_parallel,gl,pair_equal,4,4,1.44869750464143,5.61778452848345e-16,5.69462069448557e-07,1,1,1,adequate_smallest_model
8,D-GLC-fund,Delta GLC fundamental,85,0.175475,wye_rl_pair_ca_ab,wye_series,rl,pair_equal,4,4,1.33082611981493,6.2641698960982e-16,1.3405153870468e-06,1,1,1,adequate_smallest_model
8,D-GLC-fund,Delta GLC fundamental,86,0.177475,delta_gl_pair_ab_bc,delta_parallel,gl,pair_equal,4,4,1.46872167247223,4.02654251280068e-16,5.16837513700646e-07,1,1,1,adequate_smallest_model
8,D-GLC-fund,Delta GLC fundamental,87,0.179475,wye_rl_pair_ca_ab,wye_series,rl,pair_equal,4,4,1.27053761970317,4.38991078526941e-16,4.2734104211683e-07,1,1,1,adequate_smallest_model
8,D-GLC-fund,Delta GLC fundamental,88,0.181475,delta_gl_pair_ab_bc,delta_parallel,gl,pair_equal,4,4,1.50862235553458,8.63129015535571e-16,1.44174668645119e-06,1,1,1,adequate_smallest_model
8,D-GLC-fund,Delta GLC fundamental,89,0.183475,delta_gl_pair_ab_bc,delta_parallel,gl,pair_equal,4,4,1.44869750464143,4.54228535633834e-16,5.69462069824648e-07,1,1,1,adequate_smallest_model
8,D-GLC-fund,Delta GLC fundamental,90,0.185475,wye_rl_pair_ca_ab,wye_series,rl,pair_equal,4,4,1.33082611981493,4.48716154164845e-16,1.34051538680032e-06,1,1,1,adequate_smallest_model
8,D-GLC-fund,Delta GLC fundamental,91,0.187475,delta_gl_pair_ab_bc,delta_parallel,gl,pair_equal,4,4,1.46872167247223,6.77602511908369e-16,5.16837514064177e-07,1,1,1,adequate_smallest_model
8,D-GLC-fund,Delta GLC fundamental,92,0.189475,wye_rl_pair_ca_ab,wye_series,rl,pair_equal,4,4,1.27053761970317,6.74049720593434e-16,4.27341042787337e-07,1,1,1,adequate_smallest_model
8,D-GLC-fund,Delta GLC fundamental,93,0.191475,delta_gl_pair_ab_bc,delta_parallel,gl,pair_equal,4,4,1.50862235553458,5.85118766186919e-16,1.44174668640497e-06,1,1,1,adequate_smallest_model
8,D-GLC-fund,Delta GLC fundamental,94,0.193475,delta_gl_pair_ab_bc,delta_parallel,gl,pair_equal,4,4,1.44869750464143,1.10146824310655e-15,5.69462069988816e-07,1,1,1,adequate_smallest_model
8,D-GLC-fund,Delta GLC fundamental,95,0.195475,wye_rl_pair_ca_ab,wye_series,rl,pair_equal,4,4,1.33082611981493,1.33499265184325e-15,1.34051538740218e-06,1,1,1,adequate_smallest_model
8,D-GLC-fund,Delta GLC fundamental,96,0.197475,delta_gl_pair_ab_bc,delta_parallel,gl,pair_equal,4,4,1.46872167247223,1.45447793713721e-15,5.16837513144497e-07,1,1,1,adequate_smallest_model
8,D-GLC-fund,Delta GLC fundamental,97,0.199475,wye_rl_pair_ca_ab,wye_series,rl,pair_equal,4,4,1.27053761970317,9.68974037260809e-16,4.27341042607445e-07,1,1,1,adequate_smallest_model
8,D-GLC-fund,Delta GLC fundamental,98,0.201475,delta_gl_pair_ab_bc,delta_parallel,gl,pair_equal,4,4,1.50862235553458,1.01765664984179e-15,1.44174668583582e-06,1,1,1,adequate_smallest_model
8,D-GLC-fund,Delta GLC fundamental,99,0.203475,delta_gl_pair_ab_bc,delta_parallel,gl,pair_equal,4,4,1.44869750464143,1.31376799851727e-15,5.69462069597799e-07,1,1,1,adequate_smallest_model
8,D-GLC-fund,Delta GLC fundamental,100,0.205475,wye_rl_pair_ca_ab,wye_series,rl,pair_equal,4,4,1.33082611981493,2.5745238213827e-15,1.3405153865911e-06,1,1,1,adequate_smallest_model
8,D-GLC-fund,Delta GLC fundamental,101,0.207475,delta_gl_pair_ab_bc,delta_parallel,gl,pair_equal,4,4,1.46872167247222,1.53733288190486e-15,5.16837514034336e-07,1,1,1,adequate_smallest_model
8,D-GLC-fund,Delta GLC fundamental,102,0.209475,wye_rl_pair_ca_ab,wye_series,rl,pair_equal,4,4,1.27053761970317,2.03926830235387e-15,4.27341042495695e-07,1,1,1,adequate_smallest_model
8,D-GLC-fund,Delta GLC fundamental,103,0.211475,delta_gl_pair_ab_bc,delta_parallel,gl,pair_equal,4,4,1.50862235553458,2.77897902407537e-15,1.44174668632985e-06,1,1,1,adequate_smallest_model
8,D-GLC-fund,Delta GLC fundamental,104,0.213475,delta_gl_pair_ab_bc,delta_parallel,gl,pair_equal,4,4,1.44869750464143,1.58917908334502e-15,5.69462069818678e-07,1,1,1,adequate_smallest_model
8,D-GLC-fund,Delta GLC fundamental,105,0.215475,wye_rl_pair_ca_ab,wye_series,rl,pair_equal,4,4,1.33082611981493,1.21017892958092e-15,1.34051538710698e-06,1,1,1,adequate_smallest_model
8,D-GLC-fund,Delta GLC fundamental,106,0.217475,delta_gl_pair_ab_bc,delta_parallel,gl,pair_equal,4,4,1.46872167247222,8.29700873764734e-16,5.16837513356106e-07,1,1,1,adequate_smallest_model
8,D-GLC-fund,Delta GLC fundamental,107,0.219475,wye_rl_pair_ca_ab,wye_series,rl,pair_equal,4,4,1.27053761970317,3.99459574010831e-16,4.27341042841851e-07,1,1,1,adequate_smallest_model
8,D-GLC-fund,Delta GLC fundamental,108,0.221475,delta_gl_pair_ab_bc,delta_parallel,gl,pair_equal,4,4,1.50862235553458,4.35085156656107e-16,1.44174668588494e-06,1,1,1,adequate_smallest_model
8,D-GLC-fund,Delta GLC fundamental,109,0.223475,delta_gl_pair_ab_bc,delta_parallel,gl,pair_equal,4,4,1.44869750464143,3.34100922403448e-16,5.69462070379832e-07,1,1,1,adequate_smallest_model
8,D-GLC-fund,Delta GLC fundamental,110,0.225475,wye_rl_pair_ca_ab,wye_series,rl,pair_equal,4,4,1.33082611981493,3.91491220307071e-16,1.34051538695795e-06,1,1,1,adequate_smallest_model
8,D-GLC-fund,Delta GLC fundamental,111,0.227475,delta_gl_pair_ab_bc,delta_parallel,gl,pair_equal,4,4,1.46872167247222,4.15978236242464e-16,5.168375137956e-07,1,1,1,adequate_smallest_model
8,D-GLC-fund,Delta GLC fundamental,112,0.229475,wye_rl_pair_ca_ab,wye_series,rl,pair_equal,4,4,1.27053761970317,2.90131297046351e-16,4.27341042866382e-07,1,1,1,adequate_smallest_model
8,D-GLC-fund,Delta GLC fundamental,113,0.231475,delta_gl_pair_ab_bc,delta_parallel,gl,pair_equal,4,4,1.50862235553458,5.80709761084077e-16,1.44174668565092e-06,1,1,1,adequate_smallest_model
8,D-GLC-fund,Delta GLC fundamental,114,0.233475,delta_gl_pair_ab_bc,delta_parallel,gl,pair_equal,4,4,1.44869750464143,3.59324965280275e-16,5.69462070367892e-07,1,1,1,adequate_smallest_model
8,D-GLC-fund,Delta GLC fundamental,115,0.235475,wye_rl_pair_ca_ab,wye_series,rl,pair_equal,4,4,1.33082611981493,8.78044973102597e-16,1.34051538780343e-06,1,1,1,adequate_smallest_model
8,D-GLC-fund,Delta GLC fundamental,116,0.237475,delta_gl_pair_ab_bc,delta_parallel,gl,pair_equal,4,4,1.46872167247222,3.83059183185456e-16,5.16837513692509e-07,1,1,1,adequate_smallest_model
8,D-GLC-fund,Delta GLC fundamental,117,0.239475,wye_rl_pair_ca_ab,wye_series,rl,pair_equal,4,4,1.27053761970317,3.76015812149856e-16,4.27341042370316e-07,1,1,1,adequate_smallest_model
8,D-GLC-fund,Delta GLC fundamental,118,0.241475,delta_gl_pair_ab_bc,delta_parallel,gl,pair_equal,4,4,1.50862235553458,3.55850883232894e-16,1.44174668574048e-06,1,1,1,adequate_smallest_model
8,D-GLC-fund,Delta GLC fundamental,119,0.243475,delta_gl_pair_ab_bc,delta_parallel,gl,pair_equal,4,4,1.44869750464143,3.26695991071216e-16,5.69462070376846e-07,1,1,1,adequate_smallest_model
8,D-GLC-fund,Delta GLC fundamental,120,0.245475,wye_rl_pair_ca_ab,wye_series,rl,pair_equal,4,4,1.33082611981493,4.75601370287572e-16,1.34051538679459e-06,1,1,1,adequate_smallest_model
8,D-GLC-fund,Delta GLC fundamental,121,0.247475,delta_gl_pair_ab_bc,delta_parallel,gl,pair_equal,4,4,1.46872167247222,7.07846605811472e-16,5.16837513852571e-07,1,1,1,adequate_smallest_model
8,D-GLC-fund,Delta GLC fundamental,122,0.249475,wye_rl_pair_ca_ab,wye_series,rl,pair_equal,4,4,1.27053761970317,3.29346439143279e-16,4.2734104268649e-07,1,1,1,adequate_smallest_model
8,D-GLC-fund,Delta GLC fundamental,123,0.251475,delta_gl_pair_ab_bc,delta_parallel,gl,pair_equal,4,4,1.50862235553458,4.99511969928239e-16,1.44174668546024e-06,1,1,1,adequate_smallest_model
8,D-GLC-fund,Delta GLC fundamental,124,0.253475,delta_gl_pair_ab_bc,delta_parallel,gl,pair_equal,4,4,1.44869750464143,7.66981129266269e-16,5.69462069573919e-07,1,1,1,adequate_smallest_model
8,D-GLC-fund,Delta GLC fundamental,125,0.255475,wye_rl_pair_ca_ab,wye_series,rl,pair_equal,4,4,1.33082611981493,3.5422269748117e-16,1.34051538648505e-06,1,1,1,adequate_smallest_model
8,D-GLC-fund,Delta GLC fundamental,126,0.257475,delta_gl_pair_ab_bc,delta_parallel,gl,pair_equal,4,4,1.46872167247222,3.89393090125174e-16,5.16837513529733e-07,1,1,1,adequate_smallest_model
8,D-GLC-fund,Delta GLC fundamental,127,0.259475,wye_rl_pair_ca_ab,wye_series,rl,pair_equal,4,4,1.27053761970317,3.96044353962026e-16,4.27341042803692e-07,1,1,1,adequate_smallest_model
8,D-GLC-fund,Delta GLC fundamental,128,0.261475,delta_gl_pair_ab_bc,delta_parallel,gl,pair_equal,4,4,1.50862235553458,4.82651360251403e-16,1.44174668597161e-06,1,1,1,adequate_smallest_model
8,D-GLC-fund,Delta GLC fundamental,129,0.263475,delta_gl_pair_ab_bc,delta_parallel,gl,pair_equal,4,4,1.44869750464143,6.95888077966266e-16,5.69462069579889e-07,1,1,1,adequate_smallest_model
8,D-GLC-fund,Delta GLC fundamental,130,0.265475,wye_rl_pair_ca_ab,wye_series,rl,pair_equal,4,4,1.33082611981493,4.25449387400978e-16,1.34051538696655e-06,1,1,1,adequate_smallest_model
8,D-GLC-fund,Delta GLC fundamental,131,0.267475,delta_gl_pair_ab_bc,delta_parallel,gl,pair_equal,4,4,1.46872167247222,7.81705766747387e-16,5.16837513763044e-07,1,1,1,adequate_smallest_model
8,D-GLC-fund,Delta GLC fundamental,132,0.269475,wye_rl_pair_ca_ab,wye_series,rl,pair_equal,4,4,1.27053761970317,5.31362041036218e-16,4.27341043002665e-07,1,1,1,adequate_smallest_model
8,D-GLC-fund,Delta GLC fundamental,133,0.271475,delta_gl_pair_ab_bc,delta_parallel,gl,pair_equal,4,4,1.50862235553458,3.94104602407845e-16,1.44174668583871e-06,1,1,1,adequate_smallest_model
8,D-GLC-fund,Delta GLC fundamental,134,0.273475,delta_gl_pair_ab_bc,delta_parallel,gl,pair_equal,4,4,1.44869750464143,4.03885150714323e-16,5.6946207002165e-07,1,1,1,adequate_smallest_model
8,D-GLC-fund,Delta GLC fundamental,135,0.275475,wye_rl_pair_ca_ab,wye_series,rl,pair_equal,4,4,1.33082611981493,5.29348358707415e-16,1.34051538708979e-06,1,1,1,adequate_smallest_model
8,D-GLC-fund,Delta GLC fundamental,136,0.277475,delta_gl_pair_ab_bc,delta_parallel,gl,pair_equal,4,4,1.46872167247222,5.31754848074127e-16,5.16837513551438e-07,1,1,1,adequate_smallest_model
8,D-GLC-fund,Delta GLC fundamental,137,0.279475,wye_rl_pair_ca_ab,wye_series,rl,pair_equal,4,4,1.27053761970317,3.5342020854337e-16,4.27341042454812e-07,1,1,1,adequate_smallest_model
8,D-GLC-fund,Delta GLC fundamental,138,0.281475,delta_gl_pair_ab_bc,delta_parallel,gl,pair_equal,4,4,1.50862235553458,3.83522024369647e-16,1.44174668629808e-06,1,1,1,adequate_smallest_model
8,D-GLC-fund,Delta GLC fundamental,139,0.283475,delta_gl_pair_ab_bc,delta_parallel,gl,pair_equal,4,4,1.44869750464143,6.4719776530501e-16,5.69462070367893e-07,1,1,1,adequate_smallest_model
8,D-GLC-fund,Delta GLC fundamental,140,0.285475,wye_rl_pair_ca_ab,wye_series,rl,pair_equal,4,4,1.33082611981493,4.98777447247875e-16,1.34051538747957e-06,1,1,1,adequate_smallest_model
8,D-GLC-fund,Delta GLC fundamental,141,0.287475,delta_gl_pair_ab_bc,delta_parallel,gl,pair_equal,4,4,1.46872167247222,4.50554888098799e-16,5.16837513573141e-07,1,1,1,adequate_smallest_model
8,D-GLC-fund,Delta GLC fundamental,142,0.289475,wye_rl_pair_ca_ab,wye_series,rl,pair_equal,4,4,1.27053761970317,3.4285242748172e-16,4.27341042566561e-07,1,1,1,adequate_smallest_model
8,D-GLC-fund,Delta GLC fundamental,143,0.291475,delta_gl_pair_ab_bc,delta_parallel,gl,pair_equal,4,4,1.50862235553458,6.89676170336349e-16,1.44174668659564e-06,1,1,1,adequate_smallest_model
8,D-GLC-fund,Delta GLC fundamental,144,0.293475,delta_gl_pair_ab_bc,delta_parallel,gl,pair_equal,4,4,1.44869750464143,8.86802877917809e-16,5.69462069260509e-07,1,1,1,adequate_smallest_model
8,D-GLC-fund,Delta GLC fundamental,145,0.295475,wye_rl_pair_ca_ab,wye_series,rl,pair_equal,4,4,1.33082611981493,4.77614811156761e-16,1.34051538722449e-06,1,1,1,adequate_smallest_model
8,D-GLC-fund,Delta GLC fundamental,146,0.297475,delta_gl_pair_ab_bc,delta_parallel,gl,pair_equal,4,4,1.46872167247222,4.92602303846768e-16,5.16837513923107e-07,1,1,1,adequate_smallest_model
8,D-GLC-fund,Delta GLC fundamental,147,0.299475,wye_rl_pair_ca_ab,wye_series,rl,pair_equal,4,4,1.27053761970317,4.7261820063011e-16,4.27341042190423e-07,1,1,1,adequate_smallest_model
8,D-GLC-fund,Delta GLC fundamental,148,0.301475,delta_gl_pair_ab_bc,delta_parallel,gl,pair_equal,4,4,1.50862235553458,3.20036036916155e-16,1.44174668629229e-06,1,1,1,adequate_smallest_model
8,D-GLC-fund,Delta GLC fundamental,149,0.303475,delta_gl_pair_ab_bc,delta_parallel,gl,pair_equal,4,4,1.44869750464143,3.3760240698349e-16,5.69462070144027e-07,1,1,1,adequate_smallest_model
8,D-GLC-fund,Delta GLC fundamental,150,0.305475,wye_rl_pair_ca_ab,wye_series,rl,pair_equal,4,4,1.33082611981493,8.37181680219969e-16,1.34051538772605e-06,1,1,1,adequate_smallest_model
8,D-GLC-fund,Delta GLC fundamental,151,0.307475,delta_gl_pair_ab_bc,delta_parallel,gl,pair_equal,4,4,1.46872167247222,4.76883659448884e-16,5.16837513950236e-07,1,1,1,adequate_smallest_model
8,D-GLC-fund,Delta GLC fundamental,152,0.309475,wye_rl_pair_ca_ab,wye_series,rl,pair_equal,4,4,1.27053761970317,2.77976467066944e-16,4.27341041876975e-07,1,1,1,adequate_smallest_model
8,D-GLC-fund,Delta GLC fundamental,153,0.311475,delta_gl_pair_ab_bc,delta_parallel,gl,pair_equal,4,4,1.50862235553458,4.70295773152079e-16,1.44174668621429e-06,1,1,1,adequate_smallest_model
8,D-GLC-fund,Delta GLC fundamental,154,0.313475,delta_gl_pair_ab_bc,delta_parallel,gl,pair_equal,4,4,1.44869750464143,3.12182006576327e-16,5.69462070105224e-07,1,1,1,adequate_smallest_model
8,D-GLC-fund,Delta GLC fundamental,155,0.315475,wye_rl_pair_ca_ab,wye_series,rl,pair_equal,4,4,1.33082611981493,5.37316662551356e-16,1.3405153874595e-06,1,1,1,adequate_smallest_model
8,D-GLC-fund,Delta GLC fundamental,156,0.317475,delta_gl_pair_ab_bc,delta_parallel,gl,pair_equal,4,4,1.46872167247222,5.33061631945719e-16,5.1683751346191e-07,1,1,1,adequate_smallest_model
8,D-GLC-fund,Delta GLC fundamental,157,0.319475,wye_rl_pair_ca_ab,wye_series,rl,pair_equal,4,4,1.27053761970317,3.38666687198795e-16,4.27341042337608e-07,1,1,1,adequate_smallest_model
8,D-GLC-fund,Delta GLC fundamental,158,0.321475,delta_gl_pair_ab_bc,delta_parallel,gl,pair_equal,4,4,1.50862235553458,4.02087036665774e-16,1.44174668628363e-06,1,1,1,adequate_smallest_model
8,D-GLC-fund,Delta GLC fundamental,159,0.323475,delta_gl_pair_ab_bc,delta_parallel,gl,pair_equal,4,4,1.44869750464143,3.85949988789634e-16,5.69462070260436e-07,1,1,1,adequate_smallest_model
8,D-GLC-fund,Delta GLC fundamental,160,0.325475,wye_rl_pair_ca_ab,wye_series,rl,pair_equal,4,4,1.33082611981493,6.25501145700094e-16,1.34051538736779e-06,1,1,1,adequate_smallest_model
8,D-GLC-fund,Delta GLC fundamental,161,0.327475,delta_gl_pair_ab_bc,delta_parallel,gl,pair_equal,4,4,1.46872167247222,2.54766642960059e-16,5.16837513936671e-07,1,1,1,adequate_smallest_model
8,D-GLC-fund,Delta GLC fundamental,162,0.329475,wye_rl_pair_ca_ab,wye_series,rl,pair_equal,4,4,1.27053761970317,2.95121588606785e-16,4.27341042135911e-07,1,1,1,adequate_smallest_model
8,D-GLC-fund,Delta GLC fundamental,163,0.331475,delta_gl_pair_ab_bc,delta_parallel,gl,pair_equal,4,4,1.50862235553458,5.17145443349083e-16,1.44174668604095e-06,1,1,1,adequate_smallest_model
8,D-GLC-fund,Delta GLC fundamental,164,0.333475,delta_gl_pair_ab_bc,delta_parallel,gl,pair_equal,4,4,1.44869750464143,2.74143296776837e-16,5.69462070072393e-07,1,1,1,adequate_smallest_model
8,D-GLC-fund,Delta GLC fundamental,165,0.335475,wye_rl_pair_ca_ab,wye_series,rl,pair_equal,4,4,1.33082611981493,3.14528736131573e-16,1.34051538703534e-06,1,1,1,adequate_smallest_model
8,D-GLC-fund,Delta GLC fundamental,166,0.337475,delta_gl_pair_ab_bc,delta_parallel,gl,pair_equal,4,4,1.46872167247222,4.83543552328661e-16,5.16837514359889e-07,1,1,1,adequate_smallest_model
8,D-GLC-fund,Delta GLC fundamental,167,0.339475,wye_rl_pair_ca_ab,wye_series,rl,pair_equal,4,4,1.27053761970317,4.00732777708921e-16,4.27341042343061e-07,1,1,1,adequate_smallest_model
8,D-GLC-fund,Delta GLC fundamental,168,0.341475,delta_gl_pair_ab_bc,delta_parallel,gl,pair_equal,4,4,1.50862235553458,5.39925542291862e-16,1.44174668597161e-06,1,1,1,adequate_smallest_model
8,D-GLC-fund,Delta GLC fundamental,169,0.343475,delta_gl_pair_ab_bc,delta_parallel,gl,pair_equal,4,4,1.44869750464143,5.18119404231653e-16,5.69462070418636e-07,1,1,1,adequate_smallest_model
8,D-GLC-fund,Delta GLC fundamental,170,0.345475,wye_rl_pair_ca_ab,wye_series,rl,pair_equal,4,4,1.33082611981493,2.86276490698251e-16,1.34051538730474e-06,1,1,1,adequate_smallest_model
8,D-GLC-fund,Delta GLC fundamental,171,0.347475,delta_gl_pair_ab_bc,delta_parallel,gl,pair_equal,4,4,1.46872167247222,1.19296896483414e-15,5.16837513155351e-07,1,1,1,adequate_smallest_model
8,D-GLC-fund,Delta GLC fundamental,172,0.349475,wye_rl_pair_ca_ab,wye_series,rl,pair_equal,4,4,1.27053761970317,3.07371841607556e-16,4.27341042293999e-07,1,1,1,adequate_smallest_model
8,D-GLC-fund,Delta GLC fundamental,173,0.351475,delta_gl_pair_ab_bc,delta_parallel,gl,pair_equal,4,4,1.50862235553458,5.89645114295159e-16,1.44174668544579e-06,1,1,1,adequate_smallest_model
8,D-GLC-fund,Delta GLC fundamental,174,0.353475,delta_gl_pair_ab_bc,delta_parallel,gl,pair_equal,4,4,1.44869750464143,3.73237528067476e-16,5.69462070245512e-07,1,1,1,adequate_smallest_model
8,D-GLC-fund,Delta GLC fundamental,175,0.355475,wye_rl_pair_ca_ab,wye_series,rl,pair_equal,4,4,1.33082611981493,6.37499989482295e-16,1.3405153870296e-06,1,1,1,adequate_smallest_model
8,D-GLC-fund,Delta GLC fundamental,176,0.357475,delta_gl_pair_ab_bc,delta_parallel,gl,pair_equal,4,4,1.46872167247222,6.85832936937892e-16,5.16837513871561e-07,1,1,1,adequate_smallest_model
8,D-GLC-fund,Delta GLC fundamental,177,0.359475,wye_rl_pair_ca_ab,wye_series,rl,pair_equal,4,4,1.27053761970317,3.14471434440808e-16,4.27341042163167e-07,1,1,1,adequate_smallest_model
8,D-GLC-fund,Delta GLC fundamental,178,0.361475,delta_gl_pair_ab_bc,delta_parallel,gl,pair_equal,4,4,1.50862235553458,3.90684555106782e-16,1.44174668594849e-06,1,1,1,adequate_smallest_model
8,D-GLC-fund,Delta GLC fundamental,179,0.363475,delta_gl_pair_ab_bc,delta_parallel,gl,pair_equal,4,4,1.44869750464143,4.36968203675599e-16,5.69462069938072e-07,1,1,1,adequate_smallest_model
8,D-GLC-fund,Delta GLC fundamental,180,0.365475,wye_rl_pair_ca_ab,wye_series,rl,pair_equal,4,4,1.33082611981493,5.47244830758279e-16,1.34051538733913e-06,1,1,1,adequate_smallest_model
8,D-GLC-fund,Delta GLC fundamental,181,0.367475,delta_gl_pair_ab_bc,delta_parallel,gl,pair_equal,4,4,1.46872167247222,4.78809331343309e-16,5.1683751370336e-07,1,1,1,adequate_smallest_model
8,D-GLC-fund,Delta GLC fundamental,182,0.369475,wye_rl_pair_ca_ab,wye_series,rl,pair_equal,4,4,1.27053761970317,5.26224264669299e-16,4.27341042830948e-07,1,1,1,adequate_smallest_model
8,D-GLC-fund,Delta GLC fundamental,183,0.371475,delta_gl_pair_ab_bc,delta_parallel,gl,pair_equal,4,4,1.50862235553458,4.61079523615745e-16,1.44174668587049e-06,1,1,1,adequate_smallest_model
8,D-GLC-fund,Delta GLC fundamental,184,0.373475,delta_gl_pair_ab_bc,delta_parallel,gl,pair_equal,4,4,1.44869750464143,4.13084337253664e-16,5.69462069896284e-07,1,1,1,adequate_smallest_model
8,D-GLC-fund,Delta GLC fundamental,185,0.375475,wye_rl_pair_ca_ab,wye_series,rl,pair_equal,4,4,1.33082611981493,3.14211590867023e-16,1.34051538647359e-06,1,1,1,adequate_smallest_model
8,D-GLC-fund,Delta GLC fundamental,186,0.377475,delta_gl_pair_ab_bc,delta_parallel,gl,pair_equal,4,4,1.46872167247222,7.21864731132623e-16,5.16837513795599e-07,1,1,1,adequate_smallest_model
8,D-GLC-fund,Delta GLC fundamental,187,0.379475,wye_rl_pair_ca_ab,wye_series,rl,pair_equal,4,4,1.27053761970317,6.60134897259668e-16,4.27341043100787e-07,1,1,1,adequate_smallest_model
8,D-GLC-fund,Delta GLC fundamental,188,0.381475,delta_gl_pair_ab_bc,delta_parallel,gl,pair_equal,4,4,1.50862235553458,5.77693293699206e-16,1.44174668616517e-06,1,1,1,adequate_smallest_model
8,D-GLC-fund,Delta GLC fundamental,189,0.383475,delta_gl_pair_ab_bc,delta_parallel,gl,pair_equal,4,4,1.44869750464143,2.9061012805721e-16,5.69462070206709e-07,1,1,1,adequate_smallest_model
8,D-GLC-fund,Delta GLC fundamental,190,0.385475,wye_rl_pair_ca_ab,wye_series,rl,pair_equal,4,4,1.33082611981493,6.20138464934452e-16,1.34051538620418e-06,1,1,1,adequate_smallest_model
8,D-GLC-fund,Delta GLC fundamental,191,0.387475,delta_gl_pair_ab_bc,delta_parallel,gl,pair_equal,4,4,1.46872167247222,6.6649858614223e-16,5.16837513825441e-07,1,1,1,adequate_smallest_model
8,D-GLC-fund,Delta GLC fundamental,192,0.389475,wye_rl_pair_ca_ab,wye_series,rl,pair_equal,4,4,1.27053761970317,3.31026351725269e-16,4.2734104238667e-07,1,1,1,adequate_smallest_model
8,D-GLC-fund,Delta GLC fundamental,193,0.391475,delta_gl_pair_ab_bc,delta_parallel,gl,pair_equal,4,4,1.50862235553458,4.55749264653632e-16,1.44174668568559e-06,1,1,1,adequate_smallest_model
8,D-GLC-fund,Delta GLC fundamental,194,0.393475,delta_gl_pair_ab_bc,delta_parallel,gl,pair_equal,4,4,1.44869750464143,2.88837245101928e-16,5.69462069947029e-07,1,1,1,adequate_smallest_model
8,D-GLC-fund,Delta GLC fundamental,195,0.395475,wye_rl_pair_ca_ab,wye_series,rl,pair_equal,4,4,1.33082611981493,9.86032104596445e-16,1.34051538717864e-06,1,1,1,adequate_smallest_model
8,D-GLC-fund,Delta GLC fundamental,196,0.397475,delta_gl_pair_ab_bc,delta_parallel,gl,pair_equal,4,4,1.46872167247222,9.13011111433457e-16,5.16837513434783e-07,1,1,1,adequate_smallest_model
8,D-GLC-fund,Delta GLC fundamental,197,0.399475,wye_rl_pair_ca_ab,wye_series,rl,pair_equal,4,4,1.27053761970317,9.37962978254102e-16,4.27341042580191e-07,1,1,1,adequate_smallest_model
8,D-GLC-fund,Delta GLC fundamental,198,0.401475,delta_gl_pair_ab_bc,delta_parallel,gl,pair_equal,4,4,1.50862235553458,9.35841598804712e-16,1.44174668619118e-06,1,1,1,adequate_smallest_model
8,D-GLC-fund,Delta GLC fundamental,199,0.403475,delta_gl_pair_ab_bc,delta_parallel,gl,pair_equal,4,4,1.44869750464143,9.03099684878632e-16,5.69462070391772e-07,1,1,1,adequate_smallest_model
8,D-GLC-fund,Delta GLC fundamental,200,0.405475,wye_rl_pair_ca_ab,wye_series,rl,pair_equal,4,4,1.33082611981493,1.32411936318493e-15,1.34051538702961e-06,1,1,1,adequate_smallest_model
8,D-GLC-fund,Delta GLC fundamental,201,0.407475,delta_gl_pair_ab_bc,delta_parallel,gl,pair_equal,4,4,1.46872167247222,9.52754939236429e-16,5.16837513706075e-07,1,1,1,adequate_smallest_model
8,D-GLC-fund,Delta GLC fundamental,202,0.409475,wye_rl_pair_ca_ab,wye_series,rl,pair_equal,4,4,1.27053761970317,8.81944353069889e-16,4.27341042610173e-07,1,1,1,adequate_smallest_model
8,D-GLC-fund,Delta GLC fundamental,203,0.411475,delta_gl_pair_ab_bc,delta_parallel,gl,pair_equal,4,4,1.50862235553457,4.49399094971973e-16,1.4417466862923e-06,1,1,1,adequate_smallest_model
8,D-GLC-fund,Delta GLC fundamental,204,0.413475,delta_gl_pair_ab_bc,delta_parallel,gl,pair_equal,4,4,1.44869750464143,7.42353210549609e-16,5.69462069353042e-07,1,1,1,adequate_smallest_model
8,D-GLC-fund,Delta GLC fundamental,205,0.415475,wye_rl_pair_ca_ab,wye_series,rl,pair_equal,4,4,1.33082611981493,7.75385070484691e-16,1.34051538741938e-06,1,1,1,adequate_smallest_model
8,D-GLC-fund,Delta GLC fundamental,206,0.417475,delta_gl_pair_ab_bc,delta_parallel,gl,pair_equal,4,4,1.46872167247222,4.88369755466844e-16,5.168375138797e-07,1,1,1,adequate_smallest_model
8,D-GLC-fund,Delta GLC fundamental,207,0.419475,wye_rl_pair_ca_ab,wye_series,rl,pair_equal,4,4,1.27053761970317,4.20203191880829e-16,4.27341042152264e-07,1,1,1,adequate_smallest_model
8,D-GLC-fund,Delta GLC fundamental,208,0.421475,delta_gl_pair_ab_bc,delta_parallel,gl,pair_equal,4,4,1.50862235553458,7.78999893526527e-16,1.44174668617095e-06,1,1,1,adequate_smallest_model
8,D-GLC-fund,Delta GLC fundamental,209,0.423475,delta_gl_pair_ab_bc,delta_parallel,gl,pair_equal,4,4,1.44869750464143,5.11079839577264e-16,5.69462070591755e-07,1,1,1,adequate_smallest_model
8,D-GLC-fund,Delta GLC fundamental,210,0.425475,wye_rl_pair_ca_ab,wye_series,rl,pair_equal,4,4,1.33082611981493,7.01799816777115e-16,1.34051538744804e-06,1,1,1,adequate_smallest_model
8,D-GLC-fund,Delta GLC fundamental,211,0.427475,delta_gl_pair_ab_bc,delta_parallel,gl,pair_equal,4,4,1.46872167247222,6.69203808771485e-16,5.16837513562288e-07,1,1,1,adequate_smallest_model
8,D-GLC-fund,Delta GLC fundamental,212,0.429475,wye_rl_pair_ca_ab,wye_series,rl,pair_equal,4,4,1.27053761970317,4.91014480799792e-16,4.27341042419377e-07,1,1,1,adequate_smallest_model
8,D-GLC-fund,Delta GLC fundamental,213,0.431475,delta_gl_pair_ab_bc,delta_parallel,gl,pair_equal,4,4,1.50862235553458,3.62477835781492e-16,1.4417466858936e-06,1,1,1,adequate_smallest_model
8,D-GLC-fund,Delta GLC fundamental,214,0.433475,delta_gl_pair_ab_bc,delta_parallel,gl,pair_equal,4,4,1.44869750464143,5.44873834315872e-16,5.6946206935901e-07,1,1,1,adequate_smallest_model
8,D-GLC-fund,Delta GLC fundamental,215,0.435475,wye_rl_pair_ca_ab,wye_series,rl,pair_equal,4,4,1.33082611981493,4.02200057889868e-16,1.34051538666275e-06,1,1,1,adequate_smallest_model
8,D-GLC-fund,Delta GLC fundamental,216,0.437475,delta_gl_pair_ab_bc,delta_parallel,gl,pair_equal,4,4,1.46872167247222,9.01781995445281e-16,5.1683751310923e-07,1,1,1,adequate_smallest_model
8,D-GLC-fund,Delta GLC fundamental,217,0.439475,wye_rl_pair_ca_ab,wye_series,rl,pair_equal,4,4,1.27053761970317,2.86677229916166e-16,4.27341042386669e-07,1,1,1,adequate_smallest_model
8,D-GLC-fund,Delta GLC fundamental,218,0.441475,delta_gl_pair_ab_bc,delta_parallel,gl,pair_equal,4,4,1.50862235553458,3.98608436175714e-16,1.44174668610739e-06,1,1,1,adequate_smallest_model
8,D-GLC-fund,Delta GLC fundamental,219,0.443475,delta_gl_pair_ab_bc,delta_parallel,gl,pair_equal,4,4,1.44869750464143,5.06750489717965e-16,5.69462070108209e-07,1,1,1,adequate_smallest_model
8,D-GLC-fund,Delta GLC fundamental,220,0.445475,wye_rl_pair_ca_ab,wye_series,rl,pair_equal,4,4,1.33082611981493,4.02973966740779e-16,1.34051538690923e-06,1,1,1,adequate_smallest_model
8,D-GLC-fund,Delta GLC fundamental,221,0.447475,delta_gl_pair_ab_bc,delta_parallel,gl,pair_equal,4,4,1.46872167247222,6.26506972969793e-16,5.16837514012633e-07,1,1,1,adequate_smallest_model
8,D-GLC-fund,Delta GLC fundamental,222,0.449475,wye_rl_pair_ca_ab,wye_series,rl,pair_equal,4,4,1.27053761970317,3.94009743409559e-16,4.27341042539305e-07,1,1,1,adequate_smallest_model
8,D-GLC-fund,Delta GLC fundamental,223,0.451475,delta_gl_pair_ab_bc,delta_parallel,gl,pair_equal,4,4,1.50862235553458,3.70355704707746e-16,1.44174668578093e-06,1,1,1,adequate_smallest_model
8,D-GLC-fund,Delta GLC fundamental,224,0.453475,delta_gl_pair_ab_bc,delta_parallel,gl,pair_equal,4,4,1.44869750464143,3.48749207836629e-16,5.69462069675404e-07,1,1,1,adequate_smallest_model
8,D-GLC-fund,Delta GLC fundamental,225,0.455475,wye_rl_pair_ca_ab,wye_series,rl,pair_equal,4,4,1.33082611981493,7.43550279621854e-16,1.3405153871815e-06,1,1,1,adequate_smallest_model
8,D-GLC-fund,Delta GLC fundamental,226,0.457475,delta_gl_pair_ab_bc,delta_parallel,gl,pair_equal,4,4,1.46872167247222,5.09995567526635e-16,5.16837514587774e-07,1,1,1,adequate_smallest_model
8,D-GLC-fund,Delta GLC fundamental,227,0.459475,wye_rl_pair_ca_ab,wye_series,rl,pair_equal,4,4,1.27053761970317,4.7125096669299e-16,4.27341042822773e-07,1,1,1,adequate_smallest_model
8,D-GLC-fund,Delta GLC fundamental,228,0.461475,delta_gl_pair_ab_bc,delta_parallel,gl,pair_equal,4,4,1.50862235553457,5.97345970014015e-16,1.44174668598028e-06,1,1,1,adequate_smallest_model
8,D-GLC-fund,Delta GLC fundamental,229,0.463475,delta_gl_pair_ab_bc,delta_parallel,gl,pair_equal,4,4,1.44869750464143,3.43201370304629e-16,5.69462070179847e-07,1,1,1,adequate_smallest_model
8,D-GLC-fund,Delta GLC fundamental,230,0.465475,wye_rl_pair_ca_ab,wye_series,rl,pair_equal,4,4,1.33082611981493,5.0602086470421e-16,1.34051538671434e-06,1,1,1,adequate_smallest_model
8,D-GLC-fund,Delta GLC fundamental,231,0.467475,delta_gl_pair_ab_bc,delta_parallel,gl,pair_equal,4,4,1.46872167247222,4.33701915699328e-16,5.16837513565003e-07,1,1,1,adequate_smallest_model
8,D-GLC-fund,Delta GLC fundamental,232,0.469475,wye_rl_pair_ca_ab,wye_series,rl,pair_equal,4,4,1.27053761970317,3.40765984253355e-16,4.27341042601996e-07,1,1,1,adequate_smallest_model
8,D-GLC-fund,Delta GLC fundamental,233,0.471475,delta_gl_pair_ab_bc,delta_parallel,gl,pair_equal,4,4,1.50862235553458,8.62409979686882e-16,1.44174668704057e-06,1,1,1,adequate_smallest_model
8,D-GLC-fund,Delta GLC fundamental,234,0.473475,delta_gl_pair_ab_bc,delta_parallel,gl,pair_equal,4,4,1.44869750464143,6.42691710942892e-16,5.69462069896286e-07,1,1,1,adequate_smallest_model
8,D-GLC-fund,Delta GLC fundamental,235,0.475475,wye_rl_pair_ca_ab,wye_series,rl,pair_equal,4,4,1.33082611981493,5.47290375665416e-16,1.34051538715284e-06,1,1,1,adequate_smallest_model
8,D-GLC-fund,Delta GLC fundamental,236,0.477475,delta_gl_pair_ab_bc,delta_parallel,gl,pair_equal,4,4,1.46872167247222,3.43651973285776e-16,5.16837513665379e-07,1,1,1,adequate_smallest_model
8,D-GLC-fund,Delta GLC fundamental,237,0.479475,wye_rl_pair_ca_ab,wye_series,rl,pair_equal,4,4,1.27053761970317,7.44680091746659e-16,4.27341042490244e-07,1,1,1,adequate_smallest_model
8,D-GLC-fund,Delta GLC fundamental,238,0.481475,delta_gl_pair_ab_bc,delta_parallel,gl,pair_equal,4,4,1.50862235553458,3.43430895998726e-16,1.44174668614495e-06,1,1,1,adequate_smallest_model
8,D-GLC-fund,Delta GLC fundamental,239,0.483475,delta_gl_pair_ab_bc,delta_parallel,gl,pair_equal,4,4,1.44869750464143,6.47135105975933e-16,5.69462070206709e-07,1,1,1,adequate_smallest_model
8,D-GLC-fund,Delta GLC fundamental,240,0.485475,wye_rl_pair_ca_ab,wye_series,rl,pair_equal,4,4,1.33082611981493,5.45351362757773e-16,1.34051538727035e-06,1,1,1,adequate_smallest_model
8,D-GLC-fund,Delta GLC fundamental,241,0.487475,delta_gl_pair_ab_bc,delta_parallel,gl,pair_equal,4,4,1.46872167247222,6.97996631263599e-16,5.16837514197112e-07,1,1,1,adequate_smallest_model
8,D-GLC-fund,Delta GLC fundamental,242,0.489475,wye_rl_pair_ca_ab,wye_series,rl,pair_equal,4,4,1.27053761970317,4.0958966601888e-16,4.27341041773401e-07,1,1,1,adequate_smallest_model
8,D-GLC-fund,Delta GLC fundamental,243,0.491475,delta_gl_pair_ab_bc,delta_parallel,gl,pair_equal,4,4,1.50862235553458,4.97607415689031e-16,1.44174668569137e-06,1,1,1,adequate_smallest_model
8,D-GLC-fund,Delta GLC fundamental,244,0.493475,delta_gl_pair_ab_bc,delta_parallel,gl,pair_equal,4,4,1.44869750464143,6.48345446466071e-16,5.69462070400725e-07,1,1,1,adequate_smallest_model
8,D-GLC-fund,Delta GLC fundamental,245,0.495475,wye_rl_pair_ca_ab,wye_series,rl,pair_equal,4,4,1.33082611981493,8.00937709833364e-16,1.34051538623284e-06,1,1,1,adequate_smallest_model
8,D-GLC-fund,Delta GLC fundamental,246,0.497475,delta_gl_pair_ab_bc,delta_parallel,gl,pair_equal,4,4,1.46872167247222,5.40462426029424e-16,5.16837514064179e-07,1,1,1,adequate_smallest_model
8,D-GLC-fund,Delta GLC fundamental,247,0.499475,wye_rl_pair_ca_ab,wye_series,rl,pair_equal,4,4,1.27053761970317,2.90638076990726e-16,4.27341042081398e-07,1,1,1,adequate_smallest_model
8,D-GLC-fund,Delta GLC fundamental,248,0.501475,delta_gl_pair_ab_bc,delta_parallel,gl,pair_equal,4,4,1.50862235553458,5.1498657249034e-16,1.44174668614784e-06,1,1,1,adequate_smallest_model
8,D-GLC-fund,Delta GLC fundamental,249,0.503475,delta_gl_pair_ab_bc,delta_parallel,gl,pair_equal,4,4,1.44869750464143,4.54526019807208e-16,5.69462070367891e-07,1,1,1,adequate_smallest_model
8,D-GLC-fund,Delta GLC fundamental,250,0.505475,wye_rl_pair_ca_ab,wye_series,rl,pair_equal,4,4,1.33082611981493,9.47250839416503e-16,1.34051538782636e-06,1,1,1,adequate_smallest_model
8,D-GLC-fund,Delta GLC fundamental,251,0.507475,delta_gl_pair_ab_bc,delta_parallel,gl,pair_equal,4,4,1.46872167247222,3.30400125243212e-16,5.16837513562288e-07,1,1,1,adequate_smallest_model
8,D-GLC-fund,Delta GLC fundamental,252,0.509475,wye_rl_pair_ca_ab,wye_series,rl,pair_equal,4,4,1.27053761970317,4.26008967483342e-16,4.27341042242211e-07,1,1,1,adequate_smallest_model
8,D-GLC-fund,Delta GLC fundamental,253,0.511475,delta_gl_pair_ab_bc,delta_parallel,gl,pair_equal,4,4,1.50862235553458,6.68194235363992e-16,1.44174668650608e-06,1,1,1,adequate_smallest_model
8,D-GLC-fund,Delta GLC fundamental,254,0.513475,delta_gl_pair_ab_bc,delta_parallel,gl,pair_equal,4,4,1.44869750464142,7.9698876630458e-16,5.69462069350055e-07,1,1,1,adequate_smallest_model
8,D-GLC-fund,Delta GLC fundamental,255,0.515475,wye_rl_pair_ca_ab,wye_series,rl,pair_equal,4,4,1.33082611981493,2.58889943949579e-16,1.34051538694362e-06,1,1,1,adequate_smallest_model
8,D-GLC-fund,Delta GLC fundamental,256,0.517475,delta_gl_pair_ab_bc,delta_parallel,gl,pair_equal,4,4,1.46872167247222,7.42539366300768e-16,5.1683751420525e-07,1,1,1,adequate_smallest_model
8,D-GLC-fund,Delta GLC fundamental,257,0.519475,wye_rl_pair_ca_ab,wye_series,rl,pair_equal,4,4,1.27053761970317,4.33881380806799e-16,4.27341041994178e-07,1,1,1,adequate_smallest_model
8,D-GLC-fund,Delta GLC fundamental,258,0.521475,delta_gl_pair_ab_bc,delta_parallel,gl,pair_equal,4,4,1.50862235553457,5.76684298301311e-16,1.44174668578671e-06,1,1,1,adequate_smallest_model
8,D-GLC-fund,Delta GLC fundamental,259,0.523475,delta_gl_pair_ab_bc,delta_parallel,gl,pair_equal,4,4,1.44869750464143,6.42270935913537e-16,5.69462070630558e-07,1,1,1,adequate_smallest_model
8,D-GLC-fund,Delta GLC fundamental,260,0.525475,wye_rl_pair_ca_ab,wye_series,rl,pair_equal,4,4,1.33082611981493,5.25994580826133e-16,1.34051538724742e-06,1,1,1,adequate_smallest_model
8,D-GLC-fund,Delta GLC fundamental,261,0.527475,delta_gl_pair_ab_bc,delta_parallel,gl,pair_equal,4,4,1.46872167247222,4.73079963964538e-16,5.16837513510742e-07,1,1,1,adequate_smallest_model
8,D-GLC-fund,Delta GLC fundamental,262,0.529475,wye_rl_pair_ca_ab,wye_series,rl,pair_equal,4,4,1.27053761970317,3.96301516370398e-16,4.27341042479341e-07,1,1,1,adequate_smallest_model
8,D-GLC-fund,Delta GLC fundamental,263,0.531475,delta_gl_pair_ab_bc,delta_parallel,gl,pair_equal,4,4,1.50862235553458,4.68191289510733e-16,1.44174668612473e-06,1,1,1,adequate_smallest_model
8,D-GLC-fund,Delta GLC fundamental,264,0.533475,delta_gl_pair_ab_bc,delta_parallel,gl,pair_equal,4,4,1.44869750464143,4.96047938156885e-16,5.69462070576831e-07,1,1,1,adequate_smallest_model
8,D-GLC-fund,Delta GLC fundamental,265,0.535475,wye_rl_pair_ca_ab,wye_series,rl,pair_equal,4,4,1.33082611981493,5.82650782648046e-16,1.34051538749963e-06,1,1,1,adequate_smallest_model
8,D-GLC-fund,Delta GLC fundamental,266,0.537475,delta_gl_pair_ab_bc,delta_parallel,gl,pair_equal,4,4,1.46872167247222,5.29386029399729e-16,5.16837513906829e-07,1,1,1,adequate_smallest_model
8,D-GLC-fund,Delta GLC fundamental,267,0.539475,wye_rl_pair_ca_ab,wye_series,rl,pair_equal,4,4,1.27053761970317,4.96288686689053e-16,4.27341042119557e-07,1,1,1,adequate_smallest_model
8,D-GLC-fund,Delta GLC fundamental,268,0.541475,delta_gl_pair_ab_bc,delta_parallel,gl,pair_equal,4,4,1.50862235553458,5.35735447720552e-16,1.44174668602939e-06,1,1,1,adequate_smallest_model
8,D-GLC-fund,Delta GLC fundamental,269,0.543475,delta_gl_pair_ab_bc,delta_parallel,gl,pair_equal,4,4,1.44869750464143,6.18556658933373e-16,5.69462070200739e-07,1,1,1,adequate_smallest_model
8,D-GLC-fund,Delta GLC fundamental,270,0.545475,wye_rl_pair_ca_ab,wye_series,rl,pair_equal,4,4,1.33082611981493,6.74175031629816e-16,1.3405153870296e-06,1,1,1,adequate_smallest_model
8,D-GLC-fund,Delta GLC fundamental,271,0.547475,delta_gl_pair_ab_bc,delta_parallel,gl,pair_equal,4,4,1.46872167247222,5.67583669019727e-16,5.16837513952948e-07,1,1,1,adequate_smallest_model
8,D-GLC-fund,Delta GLC fundamental,272,0.549475,wye_rl_pair_ca_ab,wye_series,rl,pair_equal,4,4,1.27053761970317,3.58666241277247e-16,4.27341042367593e-07,1,1,1,adequate_smallest_model
8,D-GLC-fund,Delta GLC fundamental,273,0.551475,delta_gl_pair_ab_bc,delta_parallel,gl,pair_equal,4,4,1.50862235553458,7.42469827912375e-16,1.44174668652343e-06,1,1,1,adequate_smallest_model
8,D-GLC-fund,Delta GLC fundamental,274,0.553475,delta_gl_pair_ab_bc,delta_parallel,gl,pair_equal,4,4,1.44869750464143,4.01165128314956e-16,5.69462070439532e-07,1,1,1,adequate_smallest_model
8,D-GLC-fund,Delta GLC fundamental,275,0.555475,wye_rl_pair_ca_ab,wye_series,rl,pair_equal,4,4,1.33082611981493,5.76457684393365e-16,1.34051538618126e-06,1,1,1,adequate_smallest_model
8,D-GLC-fund,Delta GLC fundamental,276,0.557475,delta_gl_pair_ab_bc,delta_parallel,gl,pair_equal,4,4,1.46872167247222,6.34869546623109e-16,5.16837514509102e-07,1,1,1,adequate_smallest_model
8,D-GLC-fund,Delta GLC fundamental,277,0.559475,wye_rl_pair_ca_ab,wye_series,rl,pair_equal,4,4,1.27053761970317,5.01507428375693e-16,4.27341043027197e-07,1,1,1,adequate_smallest_model
8,D-GLC-fund,Delta GLC fundamental,278,0.561475,delta_gl_pair_ab_bc,delta_parallel,gl,pair_equal,4,4,1.50862235553458,4.35782968101541e-16,1.44174668580116e-06,1,1,1,adequate_smallest_model
8,D-GLC-fund,Delta GLC fundamental,279,0.563475,delta_gl_pair_ab_bc,delta_parallel,gl,pair_equal,4,4,1.44869750464143,2.85731883963067e-16,5.69462069621682e-07,1,1,1,adequate_smallest_model
8,D-GLC-fund,Delta GLC fundamental,280,0.565475,wye_rl_pair_ca_ab,wye_series,rl,pair_equal,4,4,1.33082611981493,5.9989231599791e-16,1.34051538616407e-06,1,1,1,adequate_smallest_model
8,D-GLC-fund,Delta GLC fundamental,281,0.567475,delta_gl_pair_ab_bc,delta_parallel,gl,pair_equal,4,4,1.46872167247222,5.62439690062267e-16,5.16837514047905e-07,1,1,1,adequate_smallest_model
8,D-GLC-fund,Delta GLC fundamental,282,0.569475,wye_rl_pair_ca_ab,wye_series,rl,pair_equal,4,4,1.27053761970317,3.96701215429502e-16,4.27341042629254e-07,1,1,1,adequate_smallest_model
8,D-GLC-fund,Delta GLC fundamental,283,0.571475,delta_gl_pair_ab_bc,delta_parallel,gl,pair_equal,4,4,1.50862235553458,8.03811893032053e-16,1.44174668665342e-06,1,1,1,adequate_smallest_model
8,D-GLC-fund,Delta GLC fundamental,284,0.573475,delta_gl_pair_ab_bc,delta_parallel,gl,pair_equal,4,4,1.44869750464143,3.70985368649523e-16,5.69462070341027e-07,1,1,1,adequate_smallest_model
8,D-GLC-fund,Delta GLC fundamental,285,0.575475,wye_rl_pair_ca_ab,wye_series,rl,pair_equal,4,4,1.33082611981493,4.32336056793264e-16,1.34051538659396e-06,1,1,1,adequate_smallest_model
8,D-GLC-fund,Delta GLC fundamental,286,0.577475,delta_gl_pair_ab_bc,delta_parallel,gl,pair_equal,4,4,1.46872167247222,6.08055121756084e-16,5.16837514142854e-07,1,1,1,adequate_smallest_model
8,D-GLC-fund,Delta GLC fundamental,287,0.579475,wye_rl_pair_ca_ab,wye_series,rl,pair_equal,4,4,1.27053761970317,8.07768428936023e-16,4.27341041702534e-07,1,1,1,adequate_smallest_model
8,D-GLC-fund,Delta GLC fundamental,288,0.581475,delta_gl_pair_ab_bc,delta_parallel,gl,pair_equal,4,4,1.50862235553457,4.09975821582637e-16,1.44174668621429e-06,1,1,1,adequate_smallest_model
8,D-GLC-fund,Delta GLC fundamental,289,0.583475,delta_gl_pair_ab_bc,delta_parallel,gl,pair_equal,4,4,1.44869750464143,5.28349491256773e-16,5.69462070209694e-07,1,1,1,adequate_smallest_model
8,D-GLC-fund,Delta GLC fundamental,290,0.585475,wye_rl_pair_ca_ab,wye_series,rl,pair_equal,4,4,1.33082611981493,3.45351026668731e-16,1.34051538685764e-06,1,1,1,adequate_smallest_model
8,D-GLC-fund,Delta GLC fundamental,291,0.587475,delta_gl_pair_ab_bc,delta_parallel,gl,pair_equal,4,4,1.46872167247222,7.52208880488011e-16,5.16837512954594e-07,1,1,1,adequate_smallest_model
8,D-GLC-fund,Delta GLC fundamental,292,0.589475,wye_rl_pair_ca_ab,wye_series,rl,pair_equal,4,4,1.27053761970317,5.29419836006067e-16,4.27341041822462e-07,1,1,1,adequate_smallest_model
8,D-GLC-fund,Delta GLC fundamental,293,0.591475,delta_gl_pair_ab_bc,delta_parallel,gl,pair_equal,4,4,1.50862235553458,1.01620003491475e-15,1.44174668682677e-06,1,1,1,adequate_smallest_model
9,D-GLC-noise60,Delta GLC + 60 dB noise,1,0.007475,delta_glc_full_unbalanced,delta_parallel,glc,full_unbalanced,9,9,29.7179346918485,0.0014202951853715,1.61797489665722e-05,1,1,1,adequate_smallest_model
9,D-GLC-noise60,Delta GLC + 60 dB noise,2,0.009475,delta_glc_full_unbalanced,delta_parallel,glc,full_unbalanced,9,9,33.0771664726111,0.00143053547739543,7.58642359504422e-06,1,1,1,adequate_smallest_model
9,D-GLC-noise60,Delta GLC + 60 dB noise,3,0.011475,delta_glc_full_unbalanced,delta_parallel,glc,full_unbalanced,9,9,34.5869897096227,0.00141448908927469,1.41875638143118e-06,1,1,1,adequate_smallest_model
9,D-GLC-noise60,Delta GLC + 60 dB noise,4,0.013475,delta_glc_full_unbalanced,delta_parallel,glc,full_unbalanced,9,9,31.8610612824469,0.00140610221708024,3.22577514941701e-05,1,1,1,adequate_smallest_model
9,D-GLC-noise60,Delta GLC + 60 dB noise,5,0.015475,delta_glc_full_unbalanced,delta_parallel,glc,full_unbalanced,9,9,29.6335126512687,0.00134142641221567,3.6447124873346e-05,1,1,1,adequate_smallest_model
9,D-GLC-noise60,Delta GLC + 60 dB noise,6,0.017475,delta_glc_full_unbalanced,delta_parallel,glc,full_unbalanced,9,9,29.7580228444962,0.00132771971099858,5.13014968109835e-05,1,1,1,adequate_smallest_model
9,D-GLC-noise60,Delta GLC + 60 dB noise,7,0.019475,delta_glc_full_unbalanced,delta_parallel,glc,full_unbalanced,9,9,33.1137115756167,0.00137867812561152,5.67431524291525e-05,1,1,1,adequate_smallest_model
9,D-GLC-noise60,Delta GLC + 60 dB noise,8,0.021475,delta_glc_full_unbalanced,delta_parallel,glc,full_unbalanced,9,9,34.6045120864326,0.00143743759553792,4.41375084640213e-05,1,1,1,adequate_smallest_model
9,D-GLC-noise60,Delta GLC + 60 dB noise,9,0.023475,delta_glc_full_unbalanced,delta_parallel,glc,full_unbalanced,9,9,31.8729897067793,0.00128879386925997,2.35204457692603e-05,1,1,1,adequate_smallest_model
9,D-GLC-noise60,Delta GLC + 60 dB noise,10,0.025475,delta_glc_full_unbalanced,delta_parallel,glc,full_unbalanced,9,9,29.6271049864839,0.0012947954663045,1.10147238515643e-05,1,1,1,adequate_smallest_model
9,D-GLC-noise60,Delta GLC + 60 dB noise,11,0.027475,delta_glc_full_unbalanced,delta_parallel,glc,full_unbalanced,9,9,29.7438831795501,0.00142210631963761,3.6076309761439e-05,1,1,1,adequate_smallest_model
9,D-GLC-noise60,Delta GLC + 60 dB noise,12,0.029475,delta_glc_full_unbalanced,delta_parallel,glc,full_unbalanced,9,9,33.0992506513391,0.0014304498998656,5.42994985441559e-05,1,1,1,adequate_smallest_model
9,D-GLC-noise60,Delta GLC + 60 dB noise,13,0.031475,delta_glc_full_unbalanced,delta_parallel,glc,full_unbalanced,9,9,34.5972406294928,0.00152664387789008,5.56377684713388e-05,1,1,1,adequate_smallest_model
9,D-GLC-noise60,Delta GLC + 60 dB noise,14,0.033475,delta_glc_full_unbalanced,delta_parallel,glc,full_unbalanced,9,9,31.8736315478879,0.00149019734339146,5.66293335887145e-05,1,1,1,adequate_smallest_model
9,D-GLC-noise60,Delta GLC + 60 dB noise,15,0.035475,delta_glc_full_unbalanced,delta_parallel,glc,full_unbalanced,9,9,29.638007280014,0.00142946239965281,4.64888695674804e-05,1,1,1,adequate_smallest_model
9,D-GLC-noise60,Delta GLC + 60 dB noise,16,0.037475,delta_glc_full_unbalanced,delta_parallel,glc,full_unbalanced,9,9,29.7566091217434,0.00135984450308118,2.06521432732932e-05,1,1,1,adequate_smallest_model
9,D-GLC-noise60,Delta GLC + 60 dB noise,17,0.039475,delta_glc_full_unbalanced,delta_parallel,glc,full_unbalanced,9,9,33.1370412363165,0.00136536537112936,2.00439782960921e-05,1,1,1,adequate_smallest_model
9,D-GLC-noise60,Delta GLC + 60 dB noise,18,0.041475,delta_glc_full_unbalanced,delta_parallel,glc,full_unbalanced,9,9,34.5921647205483,0.00133210565448954,1.93010371738042e-07,1,1,1,adequate_smallest_model
9,D-GLC-noise60,Delta GLC + 60 dB noise,19,0.043475,delta_glc_full_unbalanced,delta_parallel,glc,full_unbalanced,9,9,31.8584305847684,0.00123629404038902,4.22461204611222e-05,1,1,1,adequate_smallest_model
9,D-GLC-noise60,Delta GLC + 60 dB noise,20,0.045475,delta_glc_full_unbalanced,delta_parallel,glc,full_unbalanced,9,9,29.6414056362868,0.00124058777891103,4.1636732632048e-05,1,1,1,adequate_smallest_model
9,D-GLC-noise60,Delta GLC + 60 dB noise,21,0.047475,delta_glc_full_unbalanced,delta_parallel,glc,full_unbalanced,9,9,29.7347278893499,0.00128826338003215,2.03884613572116e-06,1,1,1,adequate_smallest_model
9,D-GLC-noise60,Delta GLC + 60 dB noise,22,0.049475,delta_glc_full_unbalanced,delta_parallel,glc,full_unbalanced,9,9,33.1089424218663,0.00136427654502321,1.54699255178484e-05,1,1,1,adequate_smallest_model
9,D-GLC-noise60,Delta GLC + 60 dB noise,23,0.051475,delta_glc_full_unbalanced,delta_parallel,glc,full_unbalanced,9,9,34.5826070535229,0.00138560269885667,2.47717428080606e-05,1,1,1,adequate_smallest_model
9,D-GLC-noise60,Delta GLC + 60 dB noise,24,0.053475,delta_glc_full_unbalanced,delta_parallel,glc,full_unbalanced,9,9,31.840122073624,0.00133170290292889,8.47493070879214e-06,1,1,1,adequate_smallest_model
9,D-GLC-noise60,Delta GLC + 60 dB noise,25,0.055475,delta_glc_full_unbalanced,delta_parallel,glc,full_unbalanced,9,9,29.6178651618326,0.00136529309129459,3.19486071986703e-06,1,1,1,adequate_smallest_model
9,D-GLC-noise60,Delta GLC + 60 dB noise,26,0.057475,delta_glc_full_unbalanced,delta_parallel,glc,full_unbalanced,9,9,29.7435998014027,0.00132508675090061,3.4207630918396e-05,1,1,1,adequate_smallest_model
9,D-GLC-noise60,Delta GLC + 60 dB noise,27,0.059475,delta_glc_full_unbalanced,delta_parallel,glc,full_unbalanced,9,9,33.1098104256006,0.0013789012796431,1.91782393502694e-05,1,1,1,adequate_smallest_model
9,D-GLC-noise60,Delta GLC + 60 dB noise,28,0.061475,delta_glc_full_unbalanced,delta_parallel,glc,full_unbalanced,9,9,34.5854838323263,0.0013784472669741,3.16642894642664e-05,1,1,1,adequate_smallest_model
9,D-GLC-noise60,Delta GLC + 60 dB noise,29,0.063475,delta_glc_full_unbalanced,delta_parallel,glc,full_unbalanced,9,9,31.8709172575364,0.00130783988426816,4.05258461276525e-05,1,1,1,adequate_smallest_model
9,D-GLC-noise60,Delta GLC + 60 dB noise,30,0.065475,delta_glc_full_unbalanced,delta_parallel,glc,full_unbalanced,9,9,29.6356781350451,0.00129994566685099,6.36007172782434e-05,1,1,1,adequate_smallest_model
9,D-GLC-noise60,Delta GLC + 60 dB noise,31,0.067475,delta_glc_full_unbalanced,delta_parallel,glc,full_unbalanced,9,9,29.7787226769332,0.00129966106659315,7.8412438253469e-05,1,1,1,adequate_smallest_model
9,D-GLC-noise60,Delta GLC + 60 dB noise,32,0.069475,delta_glc_full_unbalanced,delta_parallel,glc,full_unbalanced,9,9,33.1543311773935,0.0013895908438447,3.45276295537809e-05,1,1,1,adequate_smallest_model
9,D-GLC-noise60,Delta GLC + 60 dB noise,33,0.071475,delta_glc_full_unbalanced,delta_parallel,glc,full_unbalanced,9,9,34.6194712519416,0.00142928845376264,4.23787490778844e-05,1,1,1,adequate_smallest_model
9,D-GLC-noise60,Delta GLC + 60 dB noise,34,0.073475,delta_glc_full_unbalanced,delta_parallel,glc,full_unbalanced,9,9,31.8860277527632,0.00131453227359222,4.00766156853507e-05,1,1,1,adequate_smallest_model
9,D-GLC-noise60,Delta GLC + 60 dB noise,35,0.075475,delta_glc_full_unbalanced,delta_parallel,glc,full_unbalanced,9,9,29.6580098112886,0.00129474346681128,4.03285908813446e-05,1,1,1,adequate_smallest_model
9,D-GLC-noise60,Delta GLC + 60 dB noise,36,0.077475,delta_glc_full_unbalanced,delta_parallel,glc,full_unbalanced,9,9,29.7778615270175,0.00131581906802878,2.94027994136896e-05,1,1,1,adequate_smallest_model
9,D-GLC-noise60,Delta GLC + 60 dB noise,37,0.079475,delta_glc_full_unbalanced,delta_parallel,glc,full_unbalanced,9,9,33.1161714884456,0.00135286678050271,1.98631745750843e-05,1,1,1,adequate_smallest_model
9,D-GLC-noise60,Delta GLC + 60 dB noise,38,0.081475,delta_glc_full_unbalanced,delta_parallel,glc,full_unbalanced,9,9,34.5877630818991,0.00139619942324942,3.75994536531135e-05,1,1,1,adequate_smallest_model
9,D-GLC-noise60,Delta GLC + 60 dB noise,39,0.083475,delta_glc_full_unbalanced,delta_parallel,glc,full_unbalanced,9,9,31.8568760531833,0.00139844820049147,4.08581144230054e-06,1,1,1,adequate_smallest_model
9,D-GLC-noise60,Delta GLC + 60 dB noise,40,0.085475,delta_glc_full_unbalanced,delta_parallel,glc,full_unbalanced,9,9,29.6254613161706,0.00134339260429515,1.78858321800007e-05,1,1,1,adequate_smallest_model
9,D-GLC-noise60,Delta GLC + 60 dB noise,41,0.087475,delta_glc_full_unbalanced,delta_parallel,glc,full_unbalanced,9,9,29.748939729783,0.00133000223715954,3.09026447150466e-05,1,1,1,adequate_smallest_model
9,D-GLC-noise60,Delta GLC + 60 dB noise,42,0.089475,delta_glc_full_unbalanced,delta_parallel,glc,full_unbalanced,9,9,33.1081138716693,0.00135237944230163,3.24640370638858e-05,1,1,1,adequate_smallest_model
9,D-GLC-noise60,Delta GLC + 60 dB noise,43,0.091475,delta_glc_full_unbalanced,delta_parallel,glc,full_unbalanced,9,9,34.5895302469005,0.00137333556818838,7.67062018820322e-05,1,1,1,adequate_smallest_model
9,D-GLC-noise60,Delta GLC + 60 dB noise,44,0.093475,delta_glc_full_unbalanced,delta_parallel,glc,full_unbalanced,9,9,31.8720475274006,0.00133242567231296,7.44271178754949e-05,1,1,1,adequate_smallest_model
9,D-GLC-noise60,Delta GLC + 60 dB noise,45,0.095475,delta_glc_full_unbalanced,delta_parallel,glc,full_unbalanced,9,9,29.616594057565,0.00130181961589435,0.000124197153032437,1,1,1,adequate_smallest_model
9,D-GLC-noise60,Delta GLC + 60 dB noise,46,0.097475,delta_glc_full_unbalanced,delta_parallel,glc,full_unbalanced,9,9,29.7347521040719,0.0013065696374412,8.98997116087339e-05,1,1,1,adequate_smallest_model
9,D-GLC-noise60,Delta GLC + 60 dB noise,47,0.099475,delta_glc_full_unbalanced,delta_parallel,glc,full_unbalanced,9,9,33.0945515960235,0.00140239786750692,3.90125989008757e-05,1,1,1,adequate_smallest_model
9,D-GLC-noise60,Delta GLC + 60 dB noise,48,0.101475,delta_glc_full_unbalanced,delta_parallel,glc,full_unbalanced,9,9,34.5714444773136,0.0014566144582127,9.22415460176772e-06,1,1,1,adequate_smallest_model
9,D-GLC-noise60,Delta GLC + 60 dB noise,49,0.103475,delta_glc_full_unbalanced,delta_parallel,glc,full_unbalanced,9,9,31.8481519489585,0.00138044691440406,2.24704468307019e-05,1,1,1,adequate_smallest_model
9,D-GLC-noise60,Delta GLC + 60 dB noise,50,0.105475,delta_glc_full_unbalanced,delta_parallel,glc,full_unbalanced,9,9,29.6245226945414,0.00136706252508754,1.76753066568858e-05,1,1,1,adequate_smallest_model
9,D-GLC-noise60,Delta GLC + 60 dB noise,51,0.107475,delta_glc_full_unbalanced,delta_parallel,glc,full_unbalanced,9,9,29.7218522299894,0.00149528612870631,1.33282744683057e-05,1,1,1,adequate_smallest_model
9,D-GLC-noise60,Delta GLC + 60 dB noise,52,0.109475,delta_glc_full_unbalanced,delta_parallel,glc,full_unbalanced,9,9,33.0830387217866,0.00141602722319996,3.56489422845393e-07,1,1,1,adequate_smallest_model
9,D-GLC-noise60,Delta GLC + 60 dB noise,53,0.111475,delta_glc_full_unbalanced,delta_parallel,glc,full_unbalanced,9,9,34.5851245672123,0.00141585965078786,7.32621474788421e-06,1,1,1,adequate_smallest_model
9,D-GLC-noise60,Delta GLC + 60 dB noise,54,0.113475,delta_glc_full_unbalanced,delta_parallel,glc,full_unbalanced,9,9,31.8728771374442,0.00137867429954317,1.09183895776811e-05,1,1,1,adequate_smallest_model
9,D-GLC-noise60,Delta GLC + 60 dB noise,55,0.115475,delta_glc_full_unbalanced,delta_parallel,glc,full_unbalanced,9,9,29.6295052989554,0.00134524474933653,1.588070780114e-05,1,1,1,adequate_smallest_model
9,D-GLC-noise60,Delta GLC + 60 dB noise,56,0.117475,delta_glc_full_unbalanced,delta_parallel,glc,full_unbalanced,9,9,29.7506464595693,0.00134516006194595,2.2928127156467e-06,1,1,1,adequate_smallest_model
9,D-GLC-noise60,Delta GLC + 60 dB noise,57,0.119475,delta_glc_full_unbalanced,delta_parallel,glc,full_unbalanced,9,9,33.1274205141066,0.0013768550391745,3.10124374005316e-05,1,1,1,adequate_smallest_model
9,D-GLC-noise60,Delta GLC + 60 dB noise,58,0.121475,delta_glc_full_unbalanced,delta_parallel,glc,full_unbalanced,9,9,34.6059949411555,0.00140444221558898,3.94350535626482e-05,1,1,1,adequate_smallest_model
9,D-GLC-noise60,Delta GLC + 60 dB noise,59,0.123475,delta_glc_full_unbalanced,delta_parallel,glc,full_unbalanced,9,9,31.8703008488468,0.00131648907990097,4.4090391192482e-05,1,1,1,adequate_smallest_model
9,D-GLC-noise60,Delta GLC + 60 dB noise,60,0.125475,delta_glc_full_unbalanced,delta_parallel,glc,full_unbalanced,9,9,29.6285334756518,0.00128172681483225,6.4840313654888e-05,1,1,1,adequate_smallest_model
9,D-GLC-noise60,Delta GLC + 60 dB noise,61,0.127475,delta_glc_full_unbalanced,delta_parallel,glc,full_unbalanced,9,9,29.735869886414,0.00130616161547924,8.08348288533557e-05,1,1,1,adequate_smallest_model
9,D-GLC-noise60,Delta GLC + 60 dB noise,62,0.129475,delta_glc_full_unbalanced,delta_parallel,glc,full_unbalanced,9,9,33.076451268356,0.00130520434093786,8.13470820926903e-05,1,1,1,adequate_smallest_model
9,D-GLC-noise60,Delta GLC + 60 dB noise,63,0.131475,delta_glc_full_unbalanced,delta_parallel,glc,full_unbalanced,9,9,34.5693128958945,0.00130338893865825,2.32808233307135e-05,1,1,1,adequate_smallest_model
9,D-GLC-noise60,Delta GLC + 60 dB noise,64,0.133475,delta_glc_full_unbalanced,delta_parallel,glc,full_unbalanced,9,9,31.8595582325252,0.00133350811729444,5.25651743132233e-06,1,1,1,adequate_smallest_model
9,D-GLC-noise60,Delta GLC + 60 dB noise,65,0.135475,delta_glc_full_unbalanced,delta_parallel,glc,full_unbalanced,9,9,29.6136946931343,0.00135072520627661,3.1270997795525e-05,1,1,1,adequate_smallest_model
9,D-GLC-noise60,Delta GLC + 60 dB noise,66,0.137475,delta_glc_full_unbalanced,delta_parallel,glc,full_unbalanced,9,9,29.7349979218541,0.00136076618003152,4.95374468711531e-06,1,1,1,adequate_smallest_model
9,D-GLC-noise60,Delta GLC + 60 dB noise,67,0.139475,delta_glc_full_unbalanced,delta_parallel,glc,full_unbalanced,9,9,33.102038996812,0.00136690049526437,2.01094819653176e-05,1,1,1,adequate_smallest_model
9,D-GLC-noise60,Delta GLC + 60 dB noise,68,0.141475,delta_glc_full_unbalanced,delta_parallel,glc,full_unbalanced,9,9,34.5912389459416,0.0014677368624974,6.37086166059097e-05,1,1,1,adequate_smallest_model
9,D-GLC-noise60,Delta GLC + 60 dB noise,69,0.143475,delta_glc_full_unbalanced,delta_parallel,glc,full_unbalanced,9,9,31.8551130108635,0.00136904711869011,6.68611121925628e-05,1,1,1,adequate_smallest_model
9,D-GLC-noise60,Delta GLC + 60 dB noise,70,0.145475,delta_glc_full_unbalanced,delta_parallel,glc,full_unbalanced,9,9,29.6065893125633,0.00133613691060398,6.31772282815511e-05,1,1,1,adequate_smallest_model
9,D-GLC-noise60,Delta GLC + 60 dB noise,71,0.147475,delta_glc_full_unbalanced,delta_parallel,glc,full_unbalanced,9,9,29.7088304353559,0.00132028040400065,2.81721295745376e-05,1,1,1,adequate_smallest_model
9,D-GLC-noise60,Delta GLC + 60 dB noise,72,0.149475,delta_glc_full_unbalanced,delta_parallel,glc,full_unbalanced,9,9,33.0661621411094,0.00141878329328897,1.80379875032299e-05,1,1,1,adequate_smallest_model
9,D-GLC-noise60,Delta GLC + 60 dB noise,73,0.151475,delta_glc_full_unbalanced,delta_parallel,glc,full_unbalanced,9,9,34.5548657050532,0.00138661979871495,1.65636599786201e-05,1,1,1,adequate_smallest_model
9,D-GLC-noise60,Delta GLC + 60 dB noise,74,0.153475,delta_glc_full_unbalanced,delta_parallel,glc,full_unbalanced,9,9,31.8341957404891,0.00126367816820949,2.00624274577205e-05,1,1,1,adequate_smallest_model
9,D-GLC-noise60,Delta GLC + 60 dB noise,75,0.155475,delta_glc_full_unbalanced,delta_parallel,glc,full_unbalanced,9,9,29.6086428132828,0.00131905910459562,1.07814692908048e-05,1,1,1,adequate_smallest_model
9,D-GLC-noise60,Delta GLC + 60 dB noise,76,0.157475,delta_glc_full_unbalanced,delta_parallel,glc,full_unbalanced,9,9,29.7322502460928,0.0012192231420913,9.09113769935583e-06,1,1,1,adequate_smallest_model
9,D-GLC-noise60,Delta GLC + 60 dB noise,77,0.159475,delta_glc_full_unbalanced,delta_parallel,glc,full_unbalanced,9,9,33.1188848046328,0.00127709565905896,1.32416516801692e-06,1,1,1,adequate_smallest_model
9,D-GLC-noise60,Delta GLC + 60 dB noise,78,0.161475,delta_glc_full_unbalanced,delta_parallel,glc,full_unbalanced,9,9,34.5926866083629,0.00124429814421036,2.97223394893277e-05,1,1,1,adequate_smallest_model
9,D-GLC-noise60,Delta GLC + 60 dB noise,79,0.163475,delta_glc_full_unbalanced,delta_parallel,glc,full_unbalanced,9,9,31.8616510400137,0.00119000817219844,1.08822076432296e-06,1,1,1,adequate_smallest_model
9,D-GLC-noise60,Delta GLC + 60 dB noise,80,0.165475,delta_glc_full_unbalanced,delta_parallel,glc,full_unbalanced,9,9,29.6294441885643,0.00123532166462723,1.62678784186831e-05,1,1,1,adequate_smallest_model
9,D-GLC-noise60,Delta GLC + 60 dB noise,81,0.167475,delta_glc_full_unbalanced,delta_parallel,glc,full_unbalanced,9,9,29.7481410118024,0.00127288386423387,3.71325078539812e-06,1,1,1,adequate_smallest_model
9,D-GLC-noise60,Delta GLC + 60 dB noise,82,0.169475,delta_glc_full_unbalanced,delta_parallel,glc,full_unbalanced,9,9,33.1236887848298,0.00133090380115896,1.71818134884187e-07,1,1,1,adequate_smallest_model
9,D-GLC-noise60,Delta GLC + 60 dB noise,83,0.171475,delta_glc_full_unbalanced,delta_parallel,glc,full_unbalanced,9,9,34.6230420407949,0.00138185920428867,2.23032311784677e-05,1,1,1,adequate_smallest_model
9,D-GLC-noise60,Delta GLC + 60 dB noise,84,0.173475,delta_glc_full_unbalanced,delta_parallel,glc,full_unbalanced,9,9,31.8956691210307,0.00138219856177998,2.876764819414e-06,1,1,1,adequate_smallest_model
9,D-GLC-noise60,Delta GLC + 60 dB noise,85,0.175475,delta_glc_full_unbalanced,delta_parallel,glc,full_unbalanced,9,9,29.6689632092447,0.00137933062975366,7.42220509085222e-06,1,1,1,adequate_smallest_model
9,D-GLC-noise60,Delta GLC + 60 dB noise,86,0.177475,delta_glc_full_unbalanced,delta_parallel,glc,full_unbalanced,9,9,29.8050437110389,0.00146665833363468,3.63277346712995e-06,1,1,1,adequate_smallest_model
9,D-GLC-noise60,Delta GLC + 60 dB noise,87,0.179475,delta_glc_full_unbalanced,delta_parallel,glc,full_unbalanced,9,9,33.1550048046788,0.00151241038330787,8.01714627812842e-06,1,1,1,adequate_smallest_model
9,D-GLC-noise60,Delta GLC + 60 dB noise,88,0.181475,delta_glc_full_unbalanced,delta_parallel,glc,full_unbalanced,9,9,34.6344865270965,0.001527942282746,4.09739534544266e-06,1,1,1,adequate_smallest_model
9,D-GLC-noise60,Delta GLC + 60 dB noise,89,0.183475,delta_glc_full_unbalanced,delta_parallel,glc,full_unbalanced,9,9,31.9006940729853,0.00140705183410831,8.67891712695715e-06,1,1,1,adequate_smallest_model
9,D-GLC-noise60,Delta GLC + 60 dB noise,90,0.185475,delta_glc_full_unbalanced,delta_parallel,glc,full_unbalanced,9,9,29.6613619007682,0.00131785188729166,1.8054130820111e-05,1,1,1,adequate_smallest_model
9,D-GLC-noise60,Delta GLC + 60 dB noise,91,0.187475,delta_glc_full_unbalanced,delta_parallel,glc,full_unbalanced,9,9,29.7698384747809,0.00134882789644961,1.41030673457941e-05,1,1,1,adequate_smallest_model
9,D-GLC-noise60,Delta GLC + 60 dB noise,92,0.189475,delta_glc_full_unbalanced,delta_parallel,glc,full_unbalanced,9,9,33.1053221723649,0.00134790191430744,3.38591510333697e-05,1,1,1,adequate_smallest_model
9,D-GLC-noise60,Delta GLC + 60 dB noise,93,0.191475,delta_glc_full_unbalanced,delta_parallel,glc,full_unbalanced,9,9,34.6024471868309,0.0014521453977017,4.15242537249129e-05,1,1,1,adequate_smallest_model
9,D-GLC-noise60,Delta GLC + 60 dB noise,94,0.193475,delta_glc_full_unbalanced,delta_parallel,glc,full_unbalanced,9,9,31.8736949354855,0.00138383692965005,2.84227468115695e-05,1,1,1,adequate_smallest_model
9,D-GLC-noise60,Delta GLC + 60 dB noise,95,0.195475,delta_glc_full_unbalanced,delta_parallel,glc,full_unbalanced,9,9,29.6388337616584,0.00126645394003945,5.12940772008643e-05,1,1,1,adequate_smallest_model
9,D-GLC-noise60,Delta GLC + 60 dB noise,96,0.197475,delta_glc_full_unbalanced,delta_parallel,glc,full_unbalanced,9,9,29.7571722904374,0.00127738023265506,7.97016829553249e-05,1,1,1,adequate_smallest_model
9,D-GLC-noise60,Delta GLC + 60 dB noise,97,0.199475,delta_glc_full_unbalanced,delta_parallel,glc,full_unbalanced,9,9,33.1385083116601,0.00135118770604651,2.88462653045247e-05,1,1,1,adequate_smallest_model
9,D-GLC-noise60,Delta GLC + 60 dB noise,98,0.201475,delta_glc_full_unbalanced,delta_parallel,glc,full_unbalanced,9,9,34.6134516752437,0.00136039810079584,1.42763773741338e-05,1,1,1,adequate_smallest_model
9,D-GLC-noise60,Delta GLC + 60 dB noise,99,0.203475,delta_glc_full_unbalanced,delta_parallel,glc,full_unbalanced,9,9,31.8936141013659,0.00127162929170525,2.353608928251e-06,1,1,1,adequate_smallest_model
9,D-GLC-noise60,Delta GLC + 60 dB noise,100,0.205475,delta_glc_full_unbalanced,delta_parallel,glc,full_unbalanced,9,9,29.6610883845425,0.00135918779216396,7.85102992684047e-06,1,1,1,adequate_smallest_model
9,D-GLC-noise60,Delta GLC + 60 dB noise,101,0.207475,delta_glc_full_unbalanced,delta_parallel,glc,full_unbalanced,9,9,29.7726753866722,0.00143961070350523,1.78851308679384e-05,1,1,1,adequate_smallest_model
9,D-GLC-noise60,Delta GLC + 60 dB noise,102,0.209475,delta_glc_full_unbalanced,delta_parallel,glc,full_unbalanced,9,9,33.1290209057821,0.00152208924775581,3.33066415500475e-05,1,1,1,adequate_smallest_model
9,D-GLC-noise60,Delta GLC + 60 dB noise,103,0.211475,delta_glc_full_unbalanced,delta_parallel,glc,full_unbalanced,9,9,34.6200581352183,0.00165323200489826,2.69913141614134e-05,1,1,1,adequate_smallest_model
9,D-GLC-noise60,Delta GLC + 60 dB noise,104,0.213475,delta_glc_full_unbalanced,delta_parallel,glc,full_unbalanced,9,9,31.8825474680871,0.00149253722291059,2.82534492608361e-05,1,1,1,adequate_smallest_model
9,D-GLC-noise60,Delta GLC + 60 dB noise,105,0.215475,delta_glc_full_unbalanced,delta_parallel,glc,full_unbalanced,9,9,29.6178893306362,0.00140740081009173,4.0811734497741e-06,1,1,1,adequate_smallest_model
9,D-GLC-noise60,Delta GLC + 60 dB noise,106,0.217475,delta_glc_full_unbalanced,delta_parallel,glc,full_unbalanced,9,9,29.7236596787449,0.00143537246253986,2.83188844388354e-05,1,1,1,adequate_smallest_model
9,D-GLC-noise60,Delta GLC + 60 dB noise,107,0.219475,delta_glc_full_unbalanced,delta_parallel,glc,full_unbalanced,9,9,33.0664543189038,0.00145661480549484,6.24907572213853e-06,1,1,1,adequate_smallest_model
9,D-GLC-noise60,Delta GLC + 60 dB noise,108,0.221475,delta_glc_full_unbalanced,delta_parallel,glc,full_unbalanced,9,9,34.5571086566925,0.00148859252729579,3.77597197123999e-06,1,1,1,adequate_smallest_model
9,D-GLC-noise60,Delta GLC + 60 dB noise,109,0.223475,delta_glc_full_unbalanced,delta_parallel,glc,full_unbalanced,9,9,31.8358364250839,0.00146265816928735,6.55739077931415e-06,1,1,1,adequate_smallest_model
9,D-GLC-noise60,Delta GLC + 60 dB noise,110,0.225475,delta_glc_full_unbalanced,delta_parallel,glc,full_unbalanced,9,9,29.6030025309191,0.0014229834161715,1.356305568407e-05,1,1,1,adequate_smallest_model
9,D-GLC-noise60,Delta GLC + 60 dB noise,111,0.227475,delta_glc_full_unbalanced,delta_parallel,glc,full_unbalanced,9,9,29.7120160646983,0.00133994145401079,3.39066010230247e-05,1,1,1,adequate_smallest_model
9,D-GLC-noise60,Delta GLC + 60 dB noise,112,0.229475,delta_glc_full_unbalanced,delta_parallel,glc,full_unbalanced,9,9,33.0892824423053,0.00136889877347901,2.40980746722517e-05,1,1,1,adequate_smallest_model
9,D-GLC-noise60,Delta GLC + 60 dB noise,113,0.231475,delta_glc_full_unbalanced,delta_parallel,glc,full_unbalanced,9,9,34.5732399679619,0.00141615698199068,8.09312728482964e-06,1,1,1,adequate_smallest_model
9,D-GLC-noise60,Delta GLC + 60 dB noise,114,0.233475,delta_glc_full_unbalanced,delta_parallel,glc,full_unbalanced,9,9,31.8537473094892,0.00125350337011189,3.84608791827904e-05,1,1,1,adequate_smallest_model
9,D-GLC-noise60,Delta GLC + 60 dB noise,115,0.235475,delta_glc_full_unbalanced,delta_parallel,glc,full_unbalanced,9,9,29.6100112275709,0.00122859502015819,2.27453899201529e-05,1,1,1,adequate_smallest_model
9,D-GLC-noise60,Delta GLC + 60 dB noise,116,0.237475,delta_glc_full_unbalanced,delta_parallel,glc,full_unbalanced,9,9,29.7231189010215,0.00129798619542574,1.2953129777698e-05,1,1,1,adequate_smallest_model
9,D-GLC-noise60,Delta GLC + 60 dB noise,117,0.239475,delta_glc_full_unbalanced,delta_parallel,glc,full_unbalanced,9,9,33.0981691957473,0.00135790531649483,1.30975804443086e-06,1,1,1,adequate_smallest_model
9,D-GLC-noise60,Delta GLC + 60 dB noise,118,0.241475,delta_glc_full_unbalanced,delta_parallel,glc,full_unbalanced,9,9,34.6106402874388,0.0014182664340938,8.4057484495696e-06,1,1,1,adequate_smallest_model
9,D-GLC-noise60,Delta GLC + 60 dB noise,119,0.243475,delta_glc_full_unbalanced,delta_parallel,glc,full_unbalanced,9,9,31.8837579087193,0.00137306523605588,1.26015138525823e-05,1,1,1,adequate_smallest_model
9,D-GLC-noise60,Delta GLC + 60 dB noise,120,0.245475,delta_glc_full_unbalanced,delta_parallel,glc,full_unbalanced,9,9,29.6449982333182,0.00141040593014545,3.28760897755552e-05,1,1,1,adequate_smallest_model
9,D-GLC-noise60,Delta GLC + 60 dB noise,121,0.247475,delta_glc_full_unbalanced,delta_parallel,glc,full_unbalanced,9,9,29.77320979976,0.00134418117144942,4.34262750698864e-05,1,1,1,adequate_smallest_model
9,D-GLC-noise60,Delta GLC + 60 dB noise,122,0.249475,delta_glc_full_unbalanced,delta_parallel,glc,full_unbalanced,9,9,33.1385044150831,0.00139952640044486,2.9819761702566e-05,1,1,1,adequate_smallest_model
9,D-GLC-noise60,Delta GLC + 60 dB noise,123,0.251475,delta_glc_full_unbalanced,delta_parallel,glc,full_unbalanced,9,9,34.6127054697994,0.00136010329945235,5.06128521915854e-05,1,1,1,adequate_smallest_model
9,D-GLC-noise60,Delta GLC + 60 dB noise,124,0.253475,delta_glc_full_unbalanced,delta_parallel,glc,full_unbalanced,9,9,31.8920756849339,0.00132743735826441,4.65212095772383e-05,1,1,1,adequate_smallest_model
9,D-GLC-noise60,Delta GLC + 60 dB noise,125,0.255475,delta_glc_full_unbalanced,delta_parallel,glc,full_unbalanced,9,9,29.6567432397343,0.00132191833859322,3.86917809063228e-05,1,1,1,adequate_smallest_model
9,D-GLC-noise60,Delta GLC + 60 dB noise,126,0.257475,delta_glc_full_unbalanced,delta_parallel,glc,full_unbalanced,9,9,29.7526215913506,0.00132369918435159,2.38869738652391e-05,1,1,1,adequate_smallest_model
9,D-GLC-noise60,Delta GLC + 60 dB noise,127,0.259475,delta_glc_full_unbalanced,delta_parallel,glc,full_unbalanced,9,9,33.1017067318763,0.00134043126692279,3.5765630376166e-05,1,1,1,adequate_smallest_model
9,D-GLC-noise60,Delta GLC + 60 dB noise,128,0.261475,delta_glc_full_unbalanced,delta_parallel,glc,full_unbalanced,9,9,34.6233015060598,0.00137170413260358,2.76222990810225e-05,1,1,1,adequate_smallest_model
9,D-GLC-noise60,Delta GLC + 60 dB noise,129,0.263475,delta_glc_full_unbalanced,delta_parallel,glc,full_unbalanced,9,9,31.8662657699472,0.00134871844115415,7.87004659175125e-05,1,1,1,adequate_smallest_model
9,D-GLC-noise60,Delta GLC + 60 dB noise,130,0.265475,delta_glc_full_unbalanced,delta_parallel,glc,full_unbalanced,9,9,29.6399700099651,0.00136657891116515,0.00011113759321908,1,1,1,adequate_smallest_model
9,D-GLC-noise60,Delta GLC + 60 dB noise,131,0.267475,delta_glc_full_unbalanced,delta_parallel,glc,full_unbalanced,9,9,29.7603380180968,0.00133194039045478,9.78268761030709e-05,1,1,1,adequate_smallest_model
9,D-GLC-noise60,Delta GLC + 60 dB noise,132,0.269475,delta_glc_full_unbalanced,delta_parallel,glc,full_unbalanced,9,9,33.1281349851395,0.00130944643714517,7.02543628678453e-05,1,1,1,adequate_smallest_model
9,D-GLC-noise60,Delta GLC + 60 dB noise,133,0.271475,delta_glc_full_unbalanced,delta_parallel,glc,full_unbalanced,9,9,34.6010541511098,0.00134881755788667,7.35302379738825e-05,1,1,1,adequate_smallest_model
9,D-GLC-noise60,Delta GLC + 60 dB noise,134,0.273475,delta_glc_full_unbalanced,delta_parallel,glc,full_unbalanced,9,9,31.8867319782298,0.0012700834906245,2.89954866613644e-05,1,1,1,adequate_smallest_model
9,D-GLC-noise60,Delta GLC + 60 dB noise,135,0.275475,delta_glc_full_unbalanced,delta_parallel,glc,full_unbalanced,9,9,29.640614771227,0.00130224172279344,2.86237946305153e-05,1,1,1,adequate_smallest_model
9,D-GLC-noise60,Delta GLC + 60 dB noise,136,0.277475,delta_glc_full_unbalanced,delta_parallel,glc,full_unbalanced,9,9,29.7609327492311,0.00129086865082283,3.41912948835507e-05,1,1,1,adequate_smallest_model
9,D-GLC-noise60,Delta GLC + 60 dB noise,137,0.279475,delta_glc_full_unbalanced,delta_parallel,glc,full_unbalanced,9,9,33.1136579471389,0.00128247222506606,7.73635198122529e-05,1,1,1,adequate_smallest_model
9,D-GLC-noise60,Delta GLC + 60 dB noise,138,0.281475,delta_glc_full_unbalanced,delta_parallel,glc,full_unbalanced,9,9,34.6023757837352,0.00124417983422216,4.76262277242281e-05,1,1,1,adequate_smallest_model
9,D-GLC-noise60,Delta GLC + 60 dB noise,139,0.283475,delta_glc_full_unbalanced,delta_parallel,glc,full_unbalanced,9,9,31.8721907313433,0.00121646040307929,1.83272221555844e-05,1,1,1,adequate_smallest_model
9,D-GLC-noise60,Delta GLC + 60 dB noise,140,0.285475,delta_glc_full_unbalanced,delta_parallel,glc,full_unbalanced,9,9,29.6192652851387,0.00124842114569663,1.62091356285151e-05,1,1,1,adequate_smallest_model
9,D-GLC-noise60,Delta GLC + 60 dB noise,141,0.287475,delta_glc_full_unbalanced,delta_parallel,glc,full_unbalanced,9,9,29.7164036144604,0.00123178185264795,7.06194426023289e-06,1,1,1,adequate_smallest_model
9,D-GLC-noise60,Delta GLC + 60 dB noise,142,0.289475,delta_glc_full_unbalanced,delta_parallel,glc,full_unbalanced,9,9,33.073482467485,0.00130014043530288,4.71895001053589e-05,1,1,1,adequate_smallest_model
9,D-GLC-noise60,Delta GLC + 60 dB noise,143,0.291475,delta_glc_full_unbalanced,delta_parallel,glc,full_unbalanced,9,9,34.5732883858621,0.00139776082954615,4.01604454372572e-05,1,1,1,adequate_smallest_model
9,D-GLC-noise60,Delta GLC + 60 dB noise,144,0.293475,delta_glc_full_unbalanced,delta_parallel,glc,full_unbalanced,9,9,31.8481123075063,0.00135614637228523,5.0569529992403e-06,1,1,1,adequate_smallest_model
9,D-GLC-noise60,Delta GLC + 60 dB noise,145,0.295475,delta_glc_full_unbalanced,delta_parallel,glc,full_unbalanced,9,9,29.6065501371772,0.0013789784304947,4.73046580984637e-06,1,1,1,adequate_smallest_model
9,D-GLC-noise60,Delta GLC + 60 dB noise,146,0.297475,delta_glc_full_unbalanced,delta_parallel,glc,full_unbalanced,9,9,29.7185554564927,0.00136796829122861,3.03537144855016e-05,1,1,1,adequate_smallest_model
9,D-GLC-noise60,Delta GLC + 60 dB noise,147,0.299475,delta_glc_full_unbalanced,delta_parallel,glc,full_unbalanced,9,9,33.0890111848542,0.00144864245231212,8.53231173674208e-05,1,1,1,adequate_smallest_model
9,D-GLC-noise60,Delta GLC + 60 dB noise,148,0.301475,delta_glc_full_unbalanced,delta_parallel,glc,full_unbalanced,9,9,34.5821853891628,0.00145354136481561,2.88887730970647e-05,1,1,1,adequate_smallest_model
9,D-GLC-noise60,Delta GLC + 60 dB noise,149,0.303475,delta_glc_full_unbalanced,delta_parallel,glc,full_unbalanced,9,9,31.8530881966693,0.0014286680616815,3.18093313350985e-05,1,1,1,adequate_smallest_model
9,D-GLC-noise60,Delta GLC + 60 dB noise,150,0.305475,delta_glc_full_unbalanced,delta_parallel,glc,full_unbalanced,9,9,29.6021904393501,0.00137075254489207,5.13585616428876e-05,1,1,1,adequate_smallest_model
9,D-GLC-noise60,Delta GLC + 60 dB noise,151,0.307475,delta_glc_full_unbalanced,delta_parallel,glc,full_unbalanced,9,9,29.7248568444317,0.00132542532628616,2.63353786815279e-06,1,1,1,adequate_smallest_model
9,D-GLC-noise60,Delta GLC + 60 dB noise,152,0.309475,delta_glc_full_unbalanced,delta_parallel,glc,full_unbalanced,9,9,33.0872394113674,0.0013586212159306,1.01585384877407e-05,1,1,1,adequate_smallest_model
9,D-GLC-noise60,Delta GLC + 60 dB noise,153,0.311475,delta_glc_full_unbalanced,delta_parallel,glc,full_unbalanced,9,9,34.5748097358524,0.00130523796244093,2.02496697330899e-05,1,1,1,adequate_smallest_model
9,D-GLC-noise60,Delta GLC + 60 dB noise,154,0.313475,delta_glc_full_unbalanced,delta_parallel,glc,full_unbalanced,9,9,31.8514165363536,0.00122072240894303,1.68480940676849e-05,1,1,1,adequate_smallest_model
9,D-GLC-noise60,Delta GLC + 60 dB noise,155,0.315475,delta_glc_full_unbalanced,delta_parallel,glc,full_unbalanced,9,9,29.6263105354103,0.00111869029859243,1.8423031241434e-05,1,1,1,adequate_smallest_model
9,D-GLC-noise60,Delta GLC + 60 dB noise,156,0.317475,delta_glc_full_unbalanced,delta_parallel,glc,full_unbalanced,9,9,29.7598514646504,0.0012001789469273,1.17069667254727e-05,1,1,1,adequate_smallest_model
9,D-GLC-noise60,Delta GLC + 60 dB noise,157,0.319475,delta_glc_full_unbalanced,delta_parallel,glc,full_unbalanced,9,9,33.1073213672081,0.00123290620690363,2.91376533860198e-06,1,1,1,adequate_smallest_model
9,D-GLC-noise60,Delta GLC + 60 dB noise,158,0.321475,delta_glc_full_unbalanced,delta_parallel,glc,full_unbalanced,9,9,34.6044119159101,0.00128254868132324,6.82024156881348e-07,1,1,1,adequate_smallest_model
9,D-GLC-noise60,Delta GLC + 60 dB noise,159,0.323475,delta_glc_full_unbalanced,delta_parallel,glc,full_unbalanced,9,9,31.881989370344,0.00124822813618152,1.92664050923278e-05,1,1,1,adequate_smallest_model
9,D-GLC-noise60,Delta GLC + 60 dB noise,160,0.325475,delta_glc_full_unbalanced,delta_parallel,glc,full_unbalanced,9,9,29.6368108837652,0.00120808284611807,6.29337351519456e-06,1,1,1,adequate_smallest_model
9,D-GLC-noise60,Delta GLC + 60 dB noise,161,0.327475,delta_glc_full_unbalanced,delta_parallel,glc,full_unbalanced,9,9,29.7462089084217,0.00123416068306046,4.90205924956503e-05,1,1,1,adequate_smallest_model
9,D-GLC-noise60,Delta GLC + 60 dB noise,162,0.329475,delta_glc_full_unbalanced,delta_parallel,glc,full_unbalanced,9,9,33.0984082650507,0.00135546497782491,5.44823018173341e-05,1,1,1,adequate_smallest_model
9,D-GLC-noise60,Delta GLC + 60 dB noise,163,0.331475,delta_glc_full_unbalanced,delta_parallel,glc,full_unbalanced,9,9,34.5794687050997,0.00131276570521966,3.83281634852442e-06,1,1,1,adequate_smallest_model
9,D-GLC-noise60,Delta GLC + 60 dB noise,164,0.333475,delta_glc_full_unbalanced,delta_parallel,glc,full_unbalanced,9,9,31.8682907702309,0.00124230395700175,3.05868456354653e-05,1,1,1,adequate_smallest_model
9,D-GLC-noise60,Delta GLC + 60 dB noise,165,0.335475,delta_glc_full_unbalanced,delta_parallel,glc,full_unbalanced,9,9,29.6415870033136,0.00128993404210545,1.30418182092441e-05,1,1,1,adequate_smallest_model
9,D-GLC-noise60,Delta GLC + 60 dB noise,166,0.337475,delta_glc_full_unbalanced,delta_parallel,glc,full_unbalanced,9,9,29.7337918561143,0.00133125042321223,2.43746070743829e-05,1,1,1,adequate_smallest_model
9,D-GLC-noise60,Delta GLC + 60 dB noise,167,0.339475,delta_glc_full_unbalanced,delta_parallel,glc,full_unbalanced,9,9,33.1168471644394,0.00140657147923266,4.1738082476101e-05,1,1,1,adequate_smallest_model
9,D-GLC-noise60,Delta GLC + 60 dB noise,168,0.341475,delta_glc_full_unbalanced,delta_parallel,glc,full_unbalanced,9,9,34.6191761229476,0.00153221275621307,2.12058439537545e-05,1,1,1,adequate_smallest_model
9,D-GLC-noise60,Delta GLC + 60 dB noise,169,0.343475,delta_glc_full_unbalanced,delta_parallel,glc,full_unbalanced,9,9,31.8887219779054,0.00144243446481354,3.72128712634735e-05,1,1,1,adequate_smallest_model
9,D-GLC-noise60,Delta GLC + 60 dB noise,170,0.345475,delta_glc_full_unbalanced,delta_parallel,glc,full_unbalanced,9,9,29.6426817670594,0.00141877776023591,5.30170466461602e-05,1,1,1,adequate_smallest_model
9,D-GLC-noise60,Delta GLC + 60 dB noise,171,0.347475,delta_glc_full_unbalanced,delta_parallel,glc,full_unbalanced,9,9,29.7646387862181,0.00141042134679468,4.09988707158295e-05,1,1,1,adequate_smallest_model
9,D-GLC-noise60,Delta GLC + 60 dB noise,172,0.349475,delta_glc_full_unbalanced,delta_parallel,glc,full_unbalanced,9,9,33.0950004301963,0.00147568366747425,2.3800788735081e-05,1,1,1,adequate_smallest_model
9,D-GLC-noise60,Delta GLC + 60 dB noise,173,0.351475,delta_glc_full_unbalanced,delta_parallel,glc,full_unbalanced,9,9,34.5740718100901,0.0013883593595226,2.78025049914068e-05,1,1,1,adequate_smallest_model
9,D-GLC-noise60,Delta GLC + 60 dB noise,174,0.353475,delta_glc_full_unbalanced,delta_parallel,glc,full_unbalanced,9,9,31.8521479822717,0.00130482074269664,5.3253316210763e-06,1,1,1,adequate_smallest_model
9,D-GLC-noise60,Delta GLC + 60 dB noise,175,0.355475,delta_glc_full_unbalanced,delta_parallel,glc,full_unbalanced,9,9,29.6265296282082,0.00126833415110042,4.31129674374831e-05,1,1,1,adequate_smallest_model
9,D-GLC-noise60,Delta GLC + 60 dB noise,176,0.357475,delta_glc_full_unbalanced,delta_parallel,glc,full_unbalanced,9,9,29.7314720233192,0.00129182947939876,4.3551787825461e-05,1,1,1,adequate_smallest_model
9,D-GLC-noise60,Delta GLC + 60 dB noise,177,0.359475,delta_glc_full_unbalanced,delta_parallel,glc,full_unbalanced,9,9,33.0606783775598,0.00130393103194716,1.58300629969085e-05,1,1,1,adequate_smallest_model
9,D-GLC-noise60,Delta GLC + 60 dB noise,178,0.361475,delta_glc_full_unbalanced,delta_parallel,glc,full_unbalanced,9,9,34.5791002064284,0.00136882008669827,1.11738312932939e-05,1,1,1,adequate_smallest_model
9,D-GLC-noise60,Delta GLC + 60 dB noise,179,0.363475,delta_glc_full_unbalanced,delta_parallel,glc,full_unbalanced,9,9,31.8406840339154,0.00131717139713689,2.92254907551736e-05,1,1,1,adequate_smallest_model
9,D-GLC-noise60,Delta GLC + 60 dB noise,180,0.365475,delta_glc_full_unbalanced,delta_parallel,glc,full_unbalanced,9,9,29.6094115049426,0.00132269315174892,1.22192460700513e-06,1,1,1,adequate_smallest_model
9,D-GLC-noise60,Delta GLC + 60 dB noise,181,0.367475,delta_glc_full_unbalanced,delta_parallel,glc,full_unbalanced,9,9,29.7326796831738,0.00138969099135128,7.83302882264236e-06,1,1,1,adequate_smallest_model
9,D-GLC-noise60,Delta GLC + 60 dB noise,182,0.369475,delta_glc_full_unbalanced,delta_parallel,glc,full_unbalanced,9,9,33.1090378297392,0.00139949648193476,1.30122489620831e-06,1,1,1,adequate_smallest_model
9,D-GLC-noise60,Delta GLC + 60 dB noise,183,0.371475,delta_glc_full_unbalanced,delta_parallel,glc,full_unbalanced,9,9,34.5815739094578,0.00138153707021621,1.24816291185245e-05,1,1,1,adequate_smallest_model
9,D-GLC-noise60,Delta GLC + 60 dB noise,184,0.373475,delta_glc_full_unbalanced,delta_parallel,glc,full_unbalanced,9,9,31.8782904457954,0.00137196588840457,1.17505047414709e-05,1,1,1,adequate_smallest_model
9,D-GLC-noise60,Delta GLC + 60 dB noise,185,0.375475,delta_glc_full_unbalanced,delta_parallel,glc,full_unbalanced,9,9,29.6366228755659,0.00134943506180664,7.82403490638213e-06,1,1,1,adequate_smallest_model
9,D-GLC-noise60,Delta GLC + 60 dB noise,186,0.377475,delta_glc_full_unbalanced,delta_parallel,glc,full_unbalanced,9,9,29.7515149439935,0.00135238941622303,3.16229398266443e-05,1,1,1,adequate_smallest_model
9,D-GLC-noise60,Delta GLC + 60 dB noise,187,0.379475,delta_glc_full_unbalanced,delta_parallel,glc,full_unbalanced,9,9,33.1261927692119,0.00143839056762625,3.44717931267112e-05,1,1,1,adequate_smallest_model
9,D-GLC-noise60,Delta GLC + 60 dB noise,188,0.381475,delta_glc_full_unbalanced,delta_parallel,glc,full_unbalanced,9,9,34.5945386912076,0.00143047841332721,2.62881112119999e-05,1,1,1,adequate_smallest_model
9,D-GLC-noise60,Delta GLC + 60 dB noise,189,0.383475,delta_glc_full_unbalanced,delta_parallel,glc,full_unbalanced,9,9,31.8624298636106,0.00135490035300438,2.26324442543471e-05,1,1,1,adequate_smallest_model
9,D-GLC-noise60,Delta GLC + 60 dB noise,190,0.385475,delta_glc_full_unbalanced,delta_parallel,glc,full_unbalanced,9,9,29.6240090368469,0.00130263285217692,1.89281180215769e-05,1,1,1,adequate_smallest_model
9,D-GLC-noise60,Delta GLC + 60 dB noise,191,0.387475,delta_glc_full_unbalanced,delta_parallel,glc,full_unbalanced,9,9,29.7234650310867,0.00132175589547493,7.7041958567478e-06,1,1,1,adequate_smallest_model
9,D-GLC-noise60,Delta GLC + 60 dB noise,192,0.389475,delta_glc_full_unbalanced,delta_parallel,glc,full_unbalanced,9,9,33.0602501192638,0.00138834944674369,1.08398748646282e-05,1,1,1,adequate_smallest_model
9,D-GLC-noise60,Delta GLC + 60 dB noise,193,0.391475,delta_glc_full_unbalanced,delta_parallel,glc,full_unbalanced,9,9,34.5608208432229,0.0014193049975695,6.73734759437207e-06,1,1,1,adequate_smallest_model
9,D-GLC-noise60,Delta GLC + 60 dB noise,194,0.393475,delta_glc_full_unbalanced,delta_parallel,glc,full_unbalanced,9,9,31.8243834534357,0.00130906386497172,1.75461329332502e-05,1,1,1,adequate_smallest_model
9,D-GLC-noise60,Delta GLC + 60 dB noise,195,0.395475,delta_glc_full_unbalanced,delta_parallel,glc,full_unbalanced,9,9,29.590111151518,0.00126034030260578,2.18271268450873e-05,1,1,1,adequate_smallest_model
9,D-GLC-noise60,Delta GLC + 60 dB noise,196,0.397475,delta_glc_full_unbalanced,delta_parallel,glc,full_unbalanced,9,9,29.7054735412442,0.001282920551862,3.78406667271182e-05,1,1,1,adequate_smallest_model
9,D-GLC-noise60,Delta GLC + 60 dB noise,197,0.399475,delta_glc_full_unbalanced,delta_parallel,glc,full_unbalanced,9,9,33.0777191013473,0.00133259700384579,2.66832061000192e-05,1,1,1,adequate_smallest_model
9,D-GLC-noise60,Delta GLC + 60 dB noise,198,0.401475,delta_glc_full_unbalanced,delta_parallel,glc,full_unbalanced,9,9,34.5333268841338,0.00138576767296158,5.18231172744179e-05,1,1,1,adequate_smallest_model
9,D-GLC-noise60,Delta GLC + 60 dB noise,199,0.403475,delta_glc_full_unbalanced,delta_parallel,glc,full_unbalanced,9,9,31.8287496571089,0.00137183065427036,2.46961680588569e-05,1,1,1,adequate_smallest_model
9,D-GLC-noise60,Delta GLC + 60 dB noise,200,0.405475,delta_glc_full_unbalanced,delta_parallel,glc,full_unbalanced,9,9,29.5916039768765,0.00132738815839587,2.40295326332863e-05,1,1,1,adequate_smallest_model
9,D-GLC-noise60,Delta GLC + 60 dB noise,201,0.407475,delta_glc_full_unbalanced,delta_parallel,glc,full_unbalanced,9,9,29.6941146294459,0.00147692344673927,1.61968004534138e-05,1,1,1,adequate_smallest_model
9,D-GLC-noise60,Delta GLC + 60 dB noise,202,0.409475,delta_glc_full_unbalanced,delta_parallel,glc,full_unbalanced,9,9,33.063580543256,0.00147044330976346,3.97304583441143e-05,1,1,1,adequate_smallest_model
9,D-GLC-noise60,Delta GLC + 60 dB noise,203,0.411475,delta_glc_full_unbalanced,delta_parallel,glc,full_unbalanced,9,9,34.5625475445328,0.00142375681498807,8.01631250631741e-06,1,1,1,adequate_smallest_model
9,D-GLC-noise60,Delta GLC + 60 dB noise,204,0.413475,delta_glc_full_unbalanced,delta_parallel,glc,full_unbalanced,9,9,31.8442895277308,0.00139761673226164,1.63760273934236e-05,1,1,1,adequate_smallest_model
9,D-GLC-noise60,Delta GLC + 60 dB noise,205,0.415475,delta_glc_full_unbalanced,delta_parallel,glc,full_unbalanced,9,9,29.6189170584213,0.00135823784098726,2.32362237370472e-05,1,1,1,adequate_smallest_model
9,D-GLC-noise60,Delta GLC + 60 dB noise,206,0.417475,delta_glc_full_unbalanced,delta_parallel,glc,full_unbalanced,9,9,29.7278708004197,0.00134723790901622,5.44527687187907e-05,1,1,1,adequate_smallest_model
9,D-GLC-noise60,Delta GLC + 60 dB noise,207,0.419475,delta_glc_full_unbalanced,delta_parallel,glc,full_unbalanced,9,9,33.0997985052535,0.00132455953121846,8.24488009863981e-05,1,1,1,adequate_smallest_model
9,D-GLC-noise60,Delta GLC + 60 dB noise,208,0.421475,delta_glc_full_unbalanced,delta_parallel,glc,full_unbalanced,9,9,34.577181758687,0.00136161397866519,2.8921980953729e-05,1,1,1,adequate_smallest_model
9,D-GLC-noise60,Delta GLC + 60 dB noise,209,0.423475,delta_glc_full_unbalanced,delta_parallel,glc,full_unbalanced,9,9,31.8531477130797,0.00135148908030105,5.64209884241942e-05,1,1,1,adequate_smallest_model
9,D-GLC-noise60,Delta GLC + 60 dB noise,210,0.425475,delta_glc_full_unbalanced,delta_parallel,glc,full_unbalanced,9,9,29.621525130711,0.00129118814174217,4.3323454618152e-05,1,1,1,adequate_smallest_model
9,D-GLC-noise60,Delta GLC + 60 dB noise,211,0.427475,delta_glc_full_unbalanced,delta_parallel,glc,full_unbalanced,9,9,29.7325035810342,0.00133768176806537,1.59835706241074e-05,1,1,1,adequate_smallest_model
9,D-GLC-noise60,Delta GLC + 60 dB noise,212,0.429475,delta_glc_full_unbalanced,delta_parallel,glc,full_unbalanced,9,9,33.1024653906129,0.00146410217027628,3.80886604741895e-05,1,1,1,adequate_smallest_model
9,D-GLC-noise60,Delta GLC + 60 dB noise,213,0.431475,delta_glc_full_unbalanced,delta_parallel,glc,full_unbalanced,9,9,34.5808454170567,0.00151538746095822,3.09132357829364e-05,1,1,1,adequate_smallest_model
9,D-GLC-noise60,Delta GLC + 60 dB noise,214,0.433475,delta_glc_full_unbalanced,delta_parallel,glc,full_unbalanced,9,9,31.8691243828755,0.0014515011706934,2.45800948825976e-05,1,1,1,adequate_smallest_model
9,D-GLC-noise60,Delta GLC + 60 dB noise,215,0.435475,delta_glc_full_unbalanced,delta_parallel,glc,full_unbalanced,9,9,29.6321752219665,0.0014001076180953,2.9413644168985e-05,1,1,1,adequate_smallest_model
9,D-GLC-noise60,Delta GLC + 60 dB noise,216,0.437475,delta_glc_full_unbalanced,delta_parallel,glc,full_unbalanced,9,9,29.7722493915429,0.0013619958342988,1.37940165104448e-05,1,1,1,adequate_smallest_model
9,D-GLC-noise60,Delta GLC + 60 dB noise,217,0.439475,delta_glc_full_unbalanced,delta_parallel,glc,full_unbalanced,9,9,33.1357710679725,0.00129343566604991,3.03442341369473e-05,1,1,1,adequate_smallest_model
9,D-GLC-noise60,Delta GLC + 60 dB noise,218,0.441475,delta_glc_full_unbalanced,delta_parallel,glc,full_unbalanced,9,9,34.624855019901,0.00133050118781671,4.3330633023533e-05,1,1,1,adequate_smallest_model
9,D-GLC-noise60,Delta GLC + 60 dB noise,219,0.443475,delta_glc_full_unbalanced,delta_parallel,glc,full_unbalanced,9,9,31.8859487411942,0.0011953062675703,9.27363296128541e-06,1,1,1,adequate_smallest_model
9,D-GLC-noise60,Delta GLC + 60 dB noise,220,0.445475,delta_glc_full_unbalanced,delta_parallel,glc,full_unbalanced,9,9,29.6610103780444,0.00121335447116948,3.20145262642943e-06,1,1,1,adequate_smallest_model
9,D-GLC-noise60,Delta GLC + 60 dB noise,221,0.447475,delta_glc_full_unbalanced,delta_parallel,glc,full_unbalanced,9,9,29.7904365672458,0.0012456928938528,1.88436620041828e-05,1,1,1,adequate_smallest_model
9,D-GLC-noise60,Delta GLC + 60 dB noise,222,0.449475,delta_glc_full_unbalanced,delta_parallel,glc,full_unbalanced,9,9,33.1537484790001,0.00124296553688988,2.51636838352587e-05,1,1,1,adequate_smallest_model
9,D-GLC-noise60,Delta GLC + 60 dB noise,223,0.451475,delta_glc_full_unbalanced,delta_parallel,glc,full_unbalanced,9,9,34.6195622886534,0.00134526539059261,4.79346991819003e-05,1,1,1,adequate_smallest_model
9,D-GLC-noise60,Delta GLC + 60 dB noise,224,0.453475,delta_glc_full_unbalanced,delta_parallel,glc,full_unbalanced,9,9,31.8822044820056,0.00133590217872055,1.0345035517624e-05,1,1,1,adequate_smallest_model
9,D-GLC-noise60,Delta GLC + 60 dB noise,225,0.455475,delta_glc_full_unbalanced,delta_parallel,glc,full_unbalanced,9,9,29.6267563582587,0.00139135700997251,1.82100928378275e-05,1,1,1,adequate_smallest_model
9,D-GLC-noise60,Delta GLC + 60 dB noise,226,0.457475,delta_glc_full_unbalanced,delta_parallel,glc,full_unbalanced,9,9,29.7321627109332,0.0014728610918415,4.55733020860456e-05,1,1,1,adequate_smallest_model
9,D-GLC-noise60,Delta GLC + 60 dB noise,227,0.459475,delta_glc_full_unbalanced,delta_parallel,glc,full_unbalanced,9,9,33.0754863476124,0.00148565516433613,2.5934051826638e-05,1,1,1,adequate_smallest_model
9,D-GLC-noise60,Delta GLC + 60 dB noise,228,0.461475,delta_glc_full_unbalanced,delta_parallel,glc,full_unbalanced,9,9,34.5293674712456,0.00147133820234705,2.56617156748168e-05,1,1,1,adequate_smallest_model
9,D-GLC-noise60,Delta GLC + 60 dB noise,229,0.463475,delta_glc_full_unbalanced,delta_parallel,glc,full_unbalanced,9,9,31.8109657673999,0.00137824206286001,3.29092206932816e-05,1,1,1,adequate_smallest_model
9,D-GLC-noise60,Delta GLC + 60 dB noise,230,0.465475,delta_glc_full_unbalanced,delta_parallel,glc,full_unbalanced,9,9,29.585288938446,0.00134725581224714,4.152866466371e-06,1,1,1,adequate_smallest_model
9,D-GLC-noise60,Delta GLC + 60 dB noise,231,0.467475,delta_glc_full_unbalanced,delta_parallel,glc,full_unbalanced,9,9,29.6931850309876,0.00131688324389576,1.28575665558828e-05,1,1,1,adequate_smallest_model
9,D-GLC-noise60,Delta GLC + 60 dB noise,232,0.469475,delta_glc_full_unbalanced,delta_parallel,glc,full_unbalanced,9,9,33.0577209207583,0.00131501055949445,2.97710707674209e-05,1,1,1,adequate_smallest_model
9,D-GLC-noise60,Delta GLC + 60 dB noise,233,0.471475,delta_glc_full_unbalanced,delta_parallel,glc,full_unbalanced,9,9,34.5652895623656,0.0012952637644217,3.08685045237084e-05,1,1,1,adequate_smallest_model
9,D-GLC-noise60,Delta GLC + 60 dB noise,234,0.473475,delta_glc_full_unbalanced,delta_parallel,glc,full_unbalanced,9,9,31.8503944456933,0.00126183489370386,6.66587895710912e-05,1,1,1,adequate_smallest_model
9,D-GLC-noise60,Delta GLC + 60 dB noise,235,0.475475,delta_glc_full_unbalanced,delta_parallel,glc,full_unbalanced,9,9,29.6384658675306,0.00130722469781297,3.30822344720971e-05,1,1,1,adequate_smallest_model
9,D-GLC-noise60,Delta GLC + 60 dB noise,236,0.477475,delta_glc_full_unbalanced,delta_parallel,glc,full_unbalanced,9,9,29.7798666289062,0.00132695692420493,1.77396404258549e-05,1,1,1,adequate_smallest_model
9,D-GLC-noise60,Delta GLC + 60 dB noise,237,0.479475,delta_glc_full_unbalanced,delta_parallel,glc,full_unbalanced,9,9,33.1277179507458,0.0013283666458659,5.89378967289507e-05,1,1,1,adequate_smallest_model
9,D-GLC-noise60,Delta GLC + 60 dB noise,238,0.481475,delta_glc_full_unbalanced,delta_parallel,glc,full_unbalanced,9,9,34.6320609293723,0.00134890116634297,8.18408640976082e-05,1,1,1,adequate_smallest_model
9,D-GLC-noise60,Delta GLC + 60 dB noise,239,0.483475,delta_glc_full_unbalanced,delta_parallel,glc,full_unbalanced,9,9,31.8793880285367,0.00133065530059201,8.63301912602207e-05,1,1,1,adequate_smallest_model
9,D-GLC-noise60,Delta GLC + 60 dB noise,240,0.485475,delta_glc_full_unbalanced,delta_parallel,glc,full_unbalanced,9,9,29.6265011210075,0.00135264218703848,8.72265559683524e-05,1,1,1,adequate_smallest_model
9,D-GLC-noise60,Delta GLC + 60 dB noise,241,0.487475,delta_glc_full_unbalanced,delta_parallel,glc,full_unbalanced,9,9,29.7297274994438,0.00141486507465366,5.05910085077627e-05,1,1,1,adequate_smallest_model
9,D-GLC-noise60,Delta GLC + 60 dB noise,242,0.489475,delta_glc_full_unbalanced,delta_parallel,glc,full_unbalanced,9,9,33.0712891688941,0.00150830061777863,3.86812477840322e-05,1,1,1,adequate_smallest_model
9,D-GLC-noise60,Delta GLC + 60 dB noise,243,0.491475,delta_glc_full_unbalanced,delta_parallel,glc,full_unbalanced,9,9,34.5483850652105,0.00146672712194259,4.22460316238823e-05,1,1,1,adequate_smallest_model
9,D-GLC-noise60,Delta GLC + 60 dB noise,244,0.493475,delta_glc_full_unbalanced,delta_parallel,glc,full_unbalanced,9,9,31.828088361964,0.0015190257043158,3.4128144449078e-06,1,1,1,adequate_smallest_model
9,D-GLC-noise60,Delta GLC + 60 dB noise,245,0.495475,delta_glc_full_unbalanced,delta_parallel,glc,full_unbalanced,9,9,29.5819361395964,0.00142448973865713,7.04605741861898e-06,1,1,1,adequate_smallest_model
9,D-GLC-noise60,Delta GLC + 60 dB noise,246,0.497475,delta_glc_full_unbalanced,delta_parallel,glc,full_unbalanced,9,9,29.6963184049177,0.00139053164140776,5.33389208521622e-05,1,1,1,adequate_smallest_model
9,D-GLC-noise60,Delta GLC + 60 dB noise,247,0.499475,delta_glc_full_unbalanced,delta_parallel,glc,full_unbalanced,9,9,33.0819609859963,0.00140909094651227,6.60333832420061e-05,1,1,1,adequate_smallest_model
9,D-GLC-noise60,Delta GLC + 60 dB noise,248,0.501475,delta_glc_full_unbalanced,delta_parallel,glc,full_unbalanced,9,9,34.5665370614988,0.00139169727729755,6.06531384522195e-05,1,1,1,adequate_smallest_model
9,D-GLC-noise60,Delta GLC + 60 dB noise,249,0.503475,delta_glc_full_unbalanced,delta_parallel,glc,full_unbalanced,9,9,31.8487584448635,0.00131365256064337,5.94163835274238e-05,1,1,1,adequate_smallest_model
9,D-GLC-noise60,Delta GLC + 60 dB noise,250,0.505475,delta_glc_full_unbalanced,delta_parallel,glc,full_unbalanced,9,9,29.6141692423699,0.00126248172458084,1.41678948769704e-05,1,1,1,adequate_smallest_model
9,D-GLC-noise60,Delta GLC + 60 dB noise,251,0.507475,delta_glc_full_unbalanced,delta_parallel,glc,full_unbalanced,9,9,29.7363681928334,0.00118517707480245,8.81557194667666e-06,1,1,1,adequate_smallest_model
9,D-GLC-noise60,Delta GLC + 60 dB noise,252,0.509475,delta_glc_full_unbalanced,delta_parallel,glc,full_unbalanced,9,9,33.0958345816208,0.00125366995149977,1.49321406622924e-06,1,1,1,adequate_smallest_model
9,D-GLC-noise60,Delta GLC + 60 dB noise,253,0.511475,delta_glc_full_unbalanced,delta_parallel,glc,full_unbalanced,9,9,34.5710663551056,0.00134411907625418,2.66953361293776e-05,1,1,1,adequate_smallest_model
9,D-GLC-noise60,Delta GLC + 60 dB noise,254,0.513475,delta_glc_full_unbalanced,delta_parallel,glc,full_unbalanced,9,9,31.8420082439133,0.00127012972356087,2.81225228589226e-05,1,1,1,adequate_smallest_model
9,D-GLC-noise60,Delta GLC + 60 dB noise,255,0.515475,delta_glc_full_unbalanced,delta_parallel,glc,full_unbalanced,9,9,29.620709757899,0.00125117736007481,1.66842946595893e-05,1,1,1,adequate_smallest_model
9,D-GLC-noise60,Delta GLC + 60 dB noise,256,0.517475,delta_glc_full_unbalanced,delta_parallel,glc,full_unbalanced,9,9,29.730379550149,0.0012677710734542,3.02661503908261e-05,1,1,1,adequate_smallest_model
9,D-GLC-noise60,Delta GLC + 60 dB noise,257,0.519475,delta_glc_full_unbalanced,delta_parallel,glc,full_unbalanced,9,9,33.1069979762832,0.00127889537233097,4.73059808474239e-05,1,1,1,adequate_smallest_model
9,D-GLC-noise60,Delta GLC + 60 dB noise,258,0.521475,delta_glc_full_unbalanced,delta_parallel,glc,full_unbalanced,9,9,34.5778595073983,0.00136089051619613,4.30364756805882e-05,1,1,1,adequate_smallest_model
9,D-GLC-noise60,Delta GLC + 60 dB noise,259,0.523475,delta_glc_full_unbalanced,delta_parallel,glc,full_unbalanced,9,9,31.8436138008267,0.00134406156252107,3.55705930406304e-05,1,1,1,adequate_smallest_model
9,D-GLC-noise60,Delta GLC + 60 dB noise,260,0.525475,delta_glc_full_unbalanced,delta_parallel,glc,full_unbalanced,9,9,29.6189260453399,0.00132223518800867,3.40680076675921e-05,1,1,1,adequate_smallest_model
9,D-GLC-noise60,Delta GLC + 60 dB noise,261,0.527475,delta_glc_full_unbalanced,delta_parallel,glc,full_unbalanced,9,9,29.7506140363485,0.00141234668205369,4.97214039345672e-05,1,1,1,adequate_smallest_model
9,D-GLC-noise60,Delta GLC + 60 dB noise,262,0.529475,delta_glc_full_unbalanced,delta_parallel,glc,full_unbalanced,9,9,33.1063376360158,0.00138982831702197,4.32674907512557e-05,1,1,1,adequate_smallest_model
9,D-GLC-noise60,Delta GLC + 60 dB noise,263,0.531475,delta_glc_full_unbalanced,delta_parallel,glc,full_unbalanced,9,9,34.5647982112582,0.00136444059603911,1.82748901378162e-05,1,1,1,adequate_smallest_model
9,D-GLC-noise60,Delta GLC + 60 dB noise,264,0.533475,delta_glc_full_unbalanced,delta_parallel,glc,full_unbalanced,9,9,31.8429554871032,0.00137678139805232,1.24882630225332e-05,1,1,1,adequate_smallest_model
9,D-GLC-noise60,Delta GLC + 60 dB noise,265,0.535475,delta_glc_full_unbalanced,delta_parallel,glc,full_unbalanced,9,9,29.6119200798043,0.00138573515563675,2.45559112047337e-05,1,1,1,adequate_smallest_model
9,D-GLC-noise60,Delta GLC + 60 dB noise,266,0.537475,delta_glc_full_unbalanced,delta_parallel,glc,full_unbalanced,9,9,29.730008365816,0.0014337234353581,4.96668510648469e-05,1,1,1,adequate_smallest_model
9,D-GLC-noise60,Delta GLC + 60 dB noise,267,0.539475,delta_glc_full_unbalanced,delta_parallel,glc,full_unbalanced,9,9,33.117474150064,0.00149698105940548,5.29191812193364e-05,1,1,1,adequate_smallest_model
9,D-GLC-noise60,Delta GLC + 60 dB noise,268,0.541475,delta_glc_full_unbalanced,delta_parallel,glc,full_unbalanced,9,9,34.5978767484568,0.00148661511088792,8.42321465944449e-06,1,1,1,adequate_smallest_model
9,D-GLC-noise60,Delta GLC + 60 dB noise,269,0.543475,delta_glc_full_unbalanced,delta_parallel,glc,full_unbalanced,9,9,31.8560160625993,0.00141867246460011,2.90003736052507e-05,1,1,1,adequate_smallest_model
9,D-GLC-noise60,Delta GLC + 60 dB noise,270,0.545475,delta_glc_full_unbalanced,delta_parallel,glc,full_unbalanced,9,9,29.6061671967233,0.00137963122596016,3.08805231700676e-05,1,1,1,adequate_smallest_model
9,D-GLC-noise60,Delta GLC + 60 dB noise,271,0.547475,delta_glc_full_unbalanced,delta_parallel,glc,full_unbalanced,9,9,29.7328219428988,0.00134077593861099,1.14073468953454e-05,1,1,1,adequate_smallest_model
9,D-GLC-noise60,Delta GLC + 60 dB noise,272,0.549475,delta_glc_full_unbalanced,delta_parallel,glc,full_unbalanced,9,9,33.0890897886489,0.0013607463744579,6.93554831779115e-06,1,1,1,adequate_smallest_model
9,D-GLC-noise60,Delta GLC + 60 dB noise,273,0.551475,delta_glc_full_unbalanced,delta_parallel,glc,full_unbalanced,9,9,34.5739976575896,0.00140464850728356,2.30583017235518e-05,1,1,1,adequate_smallest_model
9,D-GLC-noise60,Delta GLC + 60 dB noise,274,0.553475,delta_glc_full_unbalanced,delta_parallel,glc,full_unbalanced,9,9,31.8473054711322,0.00134105132062321,1.42303129840803e-05,1,1,1,adequate_smallest_model
9,D-GLC-noise60,Delta GLC + 60 dB noise,275,0.555475,delta_glc_full_unbalanced,delta_parallel,glc,full_unbalanced,9,9,29.6014365160445,0.00130202773762211,9.66798607527596e-06,1,1,1,adequate_smallest_model
9,D-GLC-noise60,Delta GLC + 60 dB noise,276,0.557475,delta_glc_full_unbalanced,delta_parallel,glc,full_unbalanced,9,9,29.71809766744,0.00129544684981345,3.70737983948601e-05,1,1,1,adequate_smallest_model
9,D-GLC-noise60,Delta GLC + 60 dB noise,277,0.559475,delta_glc_full_unbalanced,delta_parallel,glc,full_unbalanced,9,9,33.0856374231148,0.00132694401792417,2.16451516496099e-05,1,1,1,adequate_smallest_model
9,D-GLC-noise60,Delta GLC + 60 dB noise,278,0.561475,delta_glc_full_unbalanced,delta_parallel,glc,full_unbalanced,9,9,34.5696186935585,0.00135930896136898,5.62139770196534e-05,1,1,1,adequate_smallest_model
9,D-GLC-noise60,Delta GLC + 60 dB noise,279,0.563475,delta_glc_full_unbalanced,delta_parallel,glc,full_unbalanced,9,9,31.857951133871,0.00145205939486727,2.98411765086909e-05,1,1,1,adequate_smallest_model
9,D-GLC-noise60,Delta GLC + 60 dB noise,280,0.565475,delta_glc_full_unbalanced,delta_parallel,glc,full_unbalanced,9,9,29.6220646411031,0.00143888886764265,2.99375277017089e-05,1,1,1,adequate_smallest_model
9,D-GLC-noise60,Delta GLC + 60 dB noise,281,0.567475,delta_glc_full_unbalanced,delta_parallel,glc,full_unbalanced,9,9,29.7348523435318,0.00135290536337337,4.00707846118641e-05,1,1,1,adequate_smallest_model
9,D-GLC-noise60,Delta GLC + 60 dB noise,282,0.569475,delta_glc_full_unbalanced,delta_parallel,glc,full_unbalanced,9,9,33.1114829830309,0.00140416472642852,2.97948325959136e-05,1,1,1,adequate_smallest_model
9,D-GLC-noise60,Delta GLC + 60 dB noise,283,0.571475,delta_glc_full_unbalanced,delta_parallel,glc,full_unbalanced,9,9,34.6125277195711,0.00139518073628895,2.08969252763582e-05,1,1,1,adequate_smallest_model
9,D-GLC-noise60,Delta GLC + 60 dB noise,284,0.573475,delta_glc_full_unbalanced,delta_parallel,glc,full_unbalanced,9,9,31.8878841699187,0.00134512679835632,9.07396920096697e-06,1,1,1,adequate_smallest_model
9,D-GLC-noise60,Delta GLC + 60 dB noise,285,0.575475,delta_glc_full_unbalanced,delta_parallel,glc,full_unbalanced,9,9,29.6595546140497,0.00122905379204034,2.08575065275948e-05,1,1,1,adequate_smallest_model
9,D-GLC-noise60,Delta GLC + 60 dB noise,286,0.577475,delta_glc_full_unbalanced,delta_parallel,glc,full_unbalanced,9,9,29.7726369795999,0.00117178075559558,1.05787247834613e-05,1,1,1,adequate_smallest_model
9,D-GLC-noise60,Delta GLC + 60 dB noise,287,0.579475,delta_glc_full_unbalanced,delta_parallel,glc,full_unbalanced,9,9,33.1111891200765,0.00128022946564017,7.35927892298394e-06,1,1,1,adequate_smallest_model
9,D-GLC-noise60,Delta GLC + 60 dB noise,288,0.581475,delta_glc_full_unbalanced,delta_parallel,glc,full_unbalanced,9,9,34.5906852464769,0.00135581205606482,8.52470369536927e-07,1,1,1,adequate_smallest_model
9,D-GLC-noise60,Delta GLC + 60 dB noise,289,0.583475,delta_glc_full_unbalanced,delta_parallel,glc,full_unbalanced,9,9,31.8504982392783,0.00137137679437255,1.3020941780148e-06,1,1,1,adequate_smallest_model
9,D-GLC-noise60,Delta GLC + 60 dB noise,290,0.585475,delta_glc_full_unbalanced,delta_parallel,glc,full_unbalanced,9,9,29.6128296432757,0.00129175943901723,1.551721428503e-05,1,1,1,adequate_smallest_model
9,D-GLC-noise60,Delta GLC + 60 dB noise,291,0.587475,delta_glc_full_unbalanced,delta_parallel,glc,full_unbalanced,9,9,29.7224943587422,0.00127291935805155,1.28070569871709e-05,1,1,1,adequate_smallest_model
9,D-GLC-noise60,Delta GLC + 60 dB noise,292,0.589475,delta_glc_full_unbalanced,delta_parallel,glc,full_unbalanced,9,9,33.087173787266,0.00129032090865887,1.02183108648153e-05,1,1,1,adequate_smallest_model
9,D-GLC-noise60,Delta GLC + 60 dB noise,293,0.591475,delta_glc_full_unbalanced,delta_parallel,glc,full_unbalanced,9,9,34.5597312466938,0.00127274502180734,4.98090026039143e-05,1,1,1,adequate_smallest_model
